00000000  54 44 00 40 15 00 02 81  00 02 f6 4a 90 57 6b 00  |TD.@.......J.Wk.|
00000010  72 00 0a 07 3a 15 52 6f  79 61 6c 20 41 6c 70 68  |r...:.Royal Alph|
00000020  61 74 72 6f 6e 69 63 20  50 43 20 53 79 73 74 65  |atronic PC Syste|
00000030  6d 00 35 36 4b 20 43 50  2f 4d 20 32 2e 32 2f 33  |m.56K CP/M 2.2/3|
00000040  2e 31 20 53 59 53 54 45  4d 20 44 49 53 4b 00 53  |.1 SYSTEM DISK.S|
00000050  65 72 69 61 6c 20 23 20  30 31 37 30 33 00 43 6f  |erial # 01703.Co|
00000060  70 79 72 69 67 68 74 20  31 39 38 34 20 62 79 20  |pyright 1984 by |
00000070  54 41 20 52 4f 59 41 4c  2f 44 52 49 00 00 00 00  |TA ROYAL/DRI....|
00000080  00 10 00 00 40 00 00 01  01 00 49 01 01 00 31 ff  |....@.....I...1.|
00000090  5f 21 69 e4 cb 9e 7e d3  20 e5 cd 5d e4 e1 cb de  |_!i...~. ..]....|
000000a0  7e d3 20 3e 31 32 66 e4  cd 4b e4 21 2b c2 11 00  |~. >12f..K.!+...|
000000b0  60 01 cc 00 ed b0 c3 00  60 0e 2a cd 12 e4 21 00  |`.......`.*...!.|
000000c0  00 22 c9 60 3a cb 60 4f  fe 20 06 00 38 04 0e 1f  |.".`:.`O. ..8...|
000000d0  91 47 51 1e ff d5 cb f2  7b d3 65 7a d3 65 d1 13  |.GQ.....{.ez.e..|
000000e0  2a c9 60 eb 22 c9 60 21  00 c3 19 7d d3 64 7c d3  |*.`.".`!...}.d|.|
000000f0  64 3e 44 d3 68 21 b6 60  cd a0 60 cd 97 60 e6 c0  |d>D.h!.`..`..`..|
00000100  f5 0e 06 cd 97 60 0d 20  fa f1 20 16 b8 ca 00 d9  |.....`. .. .....|
00000110  21 c0 60 cd 87 60 3e 01  32 b8 60 32 ba 60 37 48  |!.`..`>.2.`2.`7H|
00000120  18 a8 21 77 60 7e 23 b7  28 0d 4f cd 12 e4 18 f5  |..!w`~#.(.O.....|
00000130  07 42 6f 6f 74 20 00 21  c4 60 cd 87 60 c3 05 60  |.Boot .!.`..`..`|
00000140  cd a0 60 21 c7 60 cd a0  60 cd 97 60 cd 97 60 c9  |..`!.`..`..`..`.|
00000150  db f9 c6 40 30 fa db f8  c9 4e 23 db f9 cb 7f 28  |...@0....N#....(|
00000160  fa 7e d3 f8 23 0d 20 f3  db f0 cb 77 20 fa c9 09  |.~..#. ....w ...|
00000170  c6 00 00 00 02 01 10 36  ff 03 0f 00 01 02 07 00  |.......6........|
00000180  01 08 19 00 1e 3c 2d 2d  2d 00 00 00 00 00 00 00  |.....<---.......|
00000190  02 01 00 18 bf 00 02 00  3e c3 5c c6 c3 58 c6 7f  |........>.\..X..|
000001a0  00 41 55 54 4f 45 58 00  20 00 20 20 20 20 20 20  |.AUTOEX. .      |
000001b0  20 43 4f 50 59 52 49 47  48 54 20 28 43 29 20 31  | COPYRIGHT (C) 1|
000001c0  39 37 39 2c 20 44 49 47  49 54 41 4c 20 52 45 53  |979, DIGITAL RES|
000001d0  45 41 52 43 48 20 20 01  25 00 00 00 78 08 c3 00  |EARCH  .%...x...|
000001e0  00 5f 0e 02 c3 05 00 c5  cd 8c c3 c1 c9 3e 0d cd  |._...........>..|
000001f0  92 c3 3e 0a c3 92 c3 3e  20 c3 92 c3 c5 cd 98 c3  |..>....> .......|
00000200  e1 7e b7 c8 23 e5 cd 8c  c3 e1 c3 ac c3 0e 0d c3  |.~..#...........|
00000210  05 00 5f 0e 0e c3 05 00  cd 05 00 32 ee ca 3c c9  |.._........2..<.|
00000220  0e 0f c3 c3 c3 af 32 ed  ca 11 cd ca c3 cb c3 0e  |......2.........|
00000230  10 c3 c3 c3 0e 11 c3 c3  c3 0e 12 c3 c3 c3 11 cd  |................|
00000240  ca c3 df c3 0e 13 c3 05  00 cd 05 00 b7 c9 0e 14  |................|
00000250  c3 f4 c3 11 cd 00 00 03  01 00 be 01 01 00 ca c3  |................|
00000260  f9 c3 0e 15 c3 f4 c3 0e  16 c3 c3 c3 0e 17 c3 05  |................|
00000270  00 1e ff 0e 20 c3 05 00  cd 13 c4 87 87 87 87 21  |.... ..........!|
00000280  ef ca b6 32 04 00 c9 3a  ef ca 32 04 00 c9 fe 61  |...2...:..2....a|
00000290  d8 fe 7b d0 e6 5f c9 3a  ab ca b7 ca 96 c4 3a ef  |..{.._.:......:.|
000002a0  ca b7 3e 00 c4 bd c3 11  ac ca cd cb c3 ca 96 c4  |..>.............|
000002b0  3a bb ca 3d 32 cc ca 11  ac ca cd f9 c3 c2 96 c4  |:..=2...........|
000002c0  11 07 c3 21 80 00 06 80  cd 42 c7 21 ba ca 36 00  |...!.....B.!..6.|
000002d0  23 35 11 ac ca cd da c3  ca 96 c4 3a ef ca b7 c4  |#5.........:....|
000002e0  bd c3 21 08 c3 cd ac c3  cd c2 c4 ca a7 c4 cd dd  |..!.............|
000002f0  c4 c3 82 c6 cd dd c4 cd  1a c4 0e 0a 11 06 c3 cd  |................|
00000300  05 00 cd 29 c4 21 07 c3  46 23 78 b7 ca ba c4 7e  |...).!..F#x....~|
00000310  cd 30 c4 77 05 c3 ab c4  77 21 08 c3 22 88 c3 c9  |.0.w....w!.."...|
00000320  0e 0b cd 05 00 b7 c8 0e  01 cd 05 00 b7 c9 0e 19  |................|
00000330  c3 05 00 11 80 00 0e 1a  c3 05 00 21 ab ca 7e b7  |...........!..~.|
00000340  c8 36 00 af cd bd c3 11  ac ca cd ef c3 3a ef ca  |.6...........:..|
00000350  c3 bd c3 11 28 c6 21 00  cb 06 06 1a be c2 00 00  |....(.!.........|
00000360  04 01 00 05 01 01 00 cf  c6 13 23 05 c2 fd c4 c9  |..........#.....|
00000370  cd 98 c3 2a 8a c3 7e fe  20 ca 22 c5 b7 ca 22 c5  |...*..~. ."...".|
00000380  e5 cd 8c c3 e1 23 c3 0f  c5 3e 3f cd 8c c3 cd 98  |.....#...>?.....|
00000390  c3 cd dd c4 c3 82 c6 1a  b7 c8 fe 20 da 09 c5 c8  |........... ....|
000003a0  fe 3d c8 fe 5f c8 fe 2e  c8 fe 3a c8 fe 3b c8 fe  |.=.._.....:..;..|
000003b0  3c c8 fe 3e c8 c9 1a b7  c8 fe 20 c0 13 c3 4f c5  |<..>...... ...O.|
000003c0  85 6f d0 24 c9 3e 00 21  cd ca cd 59 c5 e5 e5 af  |.o.$.>.!...Y....|
000003d0  32 f0 ca 2a 88 c3 eb cd  4f c5 eb 22 8a c3 eb e1  |2..*....O.."....|
000003e0  1a b7 ca 89 c5 de 40 47  13 1a fe 3a ca 90 c5 1b  |......@G...:....|
000003f0  3a ef ca 77 c3 96 c5 78  32 f0 ca 70 13 06 08 cd  |:..w...x2..p....|
00000400  30 c5 ca b9 c5 23 fe 2a  c2 a9 c5 36 3f c3 ab c5  |0....#.*...6?...|
00000410  77 13 05 c2 98 c5 cd 30  c5 ca c0 c5 13 c3 af c5  |w......0........|
00000420  23 36 20 05 c2 b9 c5 06  03 fe 2e c2 e9 c5 13 cd  |#6 .............|
00000430  30 c5 ca e9 c5 23 fe 2a  c2 d9 c5 36 3f c3 db c5  |0....#.*...6?...|
00000440  77 13 05 c2 c8 c5 cd 30  c5 ca f0 c5 13 c3 df c5  |w......0........|
00000450  23 36 20 05 c2 e9 c5 06  03 23 36 00 05 c2 f2 c5  |#6 ......#6.....|
00000460  eb 22 88 c3 e1 01 0b 00  00 05 01 00 67 01 01 00  |."..........g...|
00000470  00 23 7e fe 3f c2 09 c6  04 0d c2 01 c6 78 b7 c9  |.#~.?........x..|
00000480  44 49 52 20 45 52 41 20  54 59 50 45 53 41 56 45  |DIR ERA TYPESAVE|
00000490  52 45 4e 20 55 53 45 52  c4 16 04 00 06 a7 21 10  |REN USER......!.|
000004a0  c6 0e 00 79 fe 06 d0 11  ce ca 06 04 1a be c2 4f  |...y...........O|
000004b0  c6 13 23 05 c2 3c c6 1a  fe 20 c2 54 c6 79 c9 23  |..#..<... .T.y.#|
000004c0  05 c2 4f c6 0c c3 33 c6  af 32 07 c3 31 ab ca c5  |..O...3..2..1...|
000004d0  79 1f 1f 1f 1f e6 0f 5f  cd 15 c4 cd b8 c3 32 ab  |y......_......2.|
000004e0  ca c1 79 e6 0f 32 ef ca  cd bd c3 3a 07 c3 b7 c2  |..y..2.....:....|
000004f0  98 c6 31 ab ca cd 98 c3  cd d0 c4 c6 41 cd 8c c3  |..1.........A...|
00000500  3e 3e cd 8c c3 cd 39 c4  11 80 00 cd d8 c4 cd d0  |>>....9.........|
00000510  c4 32 ef ca cd 5e c5 c4  09 c5 3a f0 ca b7 c2 a5  |.2...^....:.....|
00000520  c9 cd 2e c6 21 c1 c6 5f  16 00 19 19 7e 23 66 6f  |....!.._....~#fo|
00000530  e9 77 c7 1f c8 5d c8 ad  c8 10 c9 8e c9 a5 c9 21  |.w...].........!|
00000540  f3 76 22 00 c3 21 00 c3  e9 01 df c6 c3 a7 c3 52  |.v"..!.........R|
00000550  45 41 44 20 45 52 52 4f  52 00 01 f0 c6 c3 a7 c3  |EAD ERROR.......|
00000560  4e 4f 20 46 49 4c 45 00  cd 5e c5 3a f0 ca b7 c2  |NO FILE..^.:....|
00000570  00 00 06 01 00 6c 01 01  00 09 c5 21 ce ca 01 0b  |.....l.....!....|
00000580  00 7e fe 20 ca 33 c7 23  d6 30 fe 0a d2 09 c5 57  |.~. .3.#.0.....W|
00000590  78 e6 e0 c2 09 c5 78 07  07 07 80 da 09 c5 80 da  |x.....x.........|
000005a0  09 c5 82 da 09 c5 47 0d  c2 08 c7 c9 7e fe 20 c2  |......G.....~. .|
000005b0  09 c5 23 0d c2 33 c7 78  c9 06 03 7e 12 23 13 05  |..#..3.x...~.#..|
000005c0  c2 42 c7 c9 21 80 00 81  cd 59 c5 7e c9 af 32 cd  |.B..!....Y.~..2.|
000005d0  ca 3a f0 ca b7 c8 3d 21  ef ca be c8 c3 bd c3 3a  |.:....=!.......:|
000005e0  f0 ca b7 c8 3d 21 ef ca  be c8 3a ef ca c3 bd c3  |....=!....:.....|
000005f0  cd 5e c5 cd 54 c7 21 ce  ca 7e fe 20 c2 8f c7 06  |.^..T.!..~. ....|
00000600  0b 36 3f 23 05 c2 88 c7  1e 00 d5 cd e9 c3 cc ea  |.6?#............|
00000610  c6 ca 1b c8 3a ee ca 0f  0f 0f e6 60 4f 3e 0a cd  |....:......`O>..|
00000620  4b c7 17 da 0f c8 d1 7b  1c d5 e6 03 f5 c2 cc c7  |K......{........|
00000630  cd 98 c3 c5 cd d0 c4 c1  c6 41 cd 92 c3 3e 3a cd  |.........A...>:.|
00000640  92 c3 c3 d4 c7 cd a2 c3  3e 3a cd 92 c3 cd a2 c3  |........>:......|
00000650  06 01 78 cd 4b c7 e6 7f  fe 20 c2 f9 c7 f1 f5 fe  |..x.K.... ......|
00000660  03 c2 f7 c7 3e 09 cd 4b  c7 e6 7f fe 20 ca 0e c8  |....>..K.... ...|
00000670  3e 20 cd 92 c3 04 78 fe  0c 00 00 07 01 00 3c 01  |> ....x.......<.|
00000680  01 00 d2 0e c8 fe 09 c2  d9 c7 cd a2 c3 c3 d9 c7  |................|
00000690  f1 cd c2 c4 c2 1b c8 cd  e4 c3 c3 98 c7 d1 c3 86  |................|
000006a0  ca cd 5e c5 fe 0b c2 42  c8 01 52 c8 cd a7 c3 cd  |..^....B..R.....|
000006b0  39 c4 21 07 c3 35 c2 82  c6 23 7e fe 59 c2 82 c6  |9.!..5...#~.Y...|
000006c0  23 22 88 c3 cd 54 c7 11  cd ca cd ef c3 3c cc ea  |#"...T.......<..|
000006d0  c6 c3 86 ca 41 4c 4c 20  28 59 2f 4e 29 3f 00 cd  |....ALL (Y/N)?..|
000006e0  5e c5 c2 09 c5 cd 54 c7  cd d0 c3 ca a7 c8 cd 98  |^.....T.........|
000006f0  c3 21 f1 ca 36 ff 21 f1  ca 7e fe 80 da 87 c8 e5  |.!..6.!..~......|
00000700  cd fe c3 e1 c2 a0 c8 af  77 34 21 80 00 cd 59 c5  |........w4!...Y.|
00000710  7e fe 1a ca 86 ca cd 8c  c3 cd c2 c4 c2 86 ca c3  |~...............|
00000720  74 c8 3d ca 86 ca cd d9  c6 cd 66 c7 c3 09 c5 cd  |t.=.......f.....|
00000730  f8 c6 f5 cd 5e c5 c2 09  c5 cd 54 c7 11 cd ca d5  |....^.....T.....|
00000740  cd ef c3 d1 cd 09 c4 ca  fb c8 af 32 ed ca f1 6f  |...........2...o|
00000750  26 00 29 11 00 01 7c b5  ca f1 c8 2b e5 21 80 00  |&.)...|....+.!..|
00000760  19 e5 cd d8 c4 11 cd ca  cd 04 c4 d1 e1 c2 fb c8  |................|
00000770  c3 d4 c8 11 cd ca cd da  c3 3c c2 01 c9 01 07 c9  |.........<......|
00000780  cd a7 00 00 08 01 00 92  01 01 00 c3 cd d5 c4 c3  |................|
00000790  86 ca 4e 4f 20 53 50 41  43 45 00 cd 5e c5 c2 09  |..NO SPACE..^...|
000007a0  c5 3a f0 ca f5 cd 54 c7  cd e9 c3 c2 79 c9 21 cd  |.:....T.....y.!.|
000007b0  ca 11 dd ca 06 10 cd 42  c7 2a 88 c3 eb cd 4f c5  |.......B.*....O.|
000007c0  fe 3d ca 3f c9 fe 5f c2  73 c9 eb 23 22 88 c3 cd  |.=.?.._.s..#"...|
000007d0  5e c5 c2 73 c9 f1 47 21  f0 ca 7e b7 ca 59 c9 b8  |^..s..G!..~..Y..|
000007e0  70 c2 73 c9 70 af 32 cd  ca cd e9 c3 ca 6d c9 11  |p.s.p.2......m..|
000007f0  cd ca cd 0e c4 c3 86 ca  cd ea c6 c3 86 ca cd 66  |...............f|
00000800  c7 c3 09 c5 01 82 c9 cd  a7 c3 c3 86 ca 46 49 4c  |.............FIL|
00000810  45 20 45 58 49 53 54 53  00 cd f8 c6 fe 10 d2 09  |E EXISTS........|
00000820  c5 5f 3a ce ca fe 20 ca  09 c5 cd 15 c4 c3 89 ca  |._:... .........|
00000830  cd f5 c4 3a ce ca fe 20  c2 c4 c9 3a f0 ca b7 ca  |...:... ...:....|
00000840  89 ca 3d 32 ef ca cd 29  c4 cd bd c3 c3 89 ca 11  |..=2...)........|
00000850  d6 ca 1a fe 20 c2 09 c5  d5 cd 54 c7 d1 21 83 ca  |.... .....T..!..|
00000860  cd 40 c7 cd d0 c3 ca 6b  ca 21 00 01 e5 eb cd d8  |.@.....k.!......|
00000870  c4 11 cd ca cd f9 c3 c2  01 ca e1 11 80 00 19 11  |................|
00000880  00 c3 7d 93 7c 9a d2 71  ca c3 e1 00 00 09 01 00  |..}.|..q........|
00000890  25 b3 00 02 00 9b c9 e1  3d c2 71 ca cd 66 c7 cd  |%.......=.q..f..|
000008a0  5e c5 21 f0 ca e5 7e 32  cd ca 3e 10 cd 60 c5 e1  |^.!...~2..>..`..|
000008b0  7e 32 dd ca af 32 ed ca  11 5c 00 21 cd ca 06 21  |~2...2...\.!...!|
000008c0  cd 42 c7 21 08 c3 7e b7  ca 3e ca fe 20 ca 3e ca  |.B.!..~..>.. .>.|
000008d0  23 c3 30 ca 06 00 11 81  00 7e 12 b7 ca 4f ca 04  |#.0......~...O..|
000008e0  23 13 c3 43 ca 78 32 80  00 cd 98 c3 cd d5 c4 cd  |#..C.x2.........|
000008f0  1a c4 cd 00 01 31 ab ca  cd 29 c4 cd bd c3 c3 82  |.....1...)......|
00000900  c6 cd 66 c7 c3 09 c5 01  7a ca cd a7 c3 c3 86 ca  |..f.....z.......|
00000910  42 41 44 20 4c 4f 41 44  00 43 4f 4d cd 66 c7 cd  |BAD LOAD.COM.f..|
00000920  5e c5 3a ce ca d6 20 21  f0 ca b6 c2 09 c5 c3 82  |^.:... !........|
00000930  c6 01 09 00 00 00 0b 24  24 24 20 20 20 20 20 53  |.......$$$     S|
00000940  55 42 01 24 00 00 00 00  0a 01 00 de 01 01 00 c4  |UB.$............|
00000950  16 04 00 06 a7 c3 11 cb  99 cb a5 cb ab cb b1 cb  |................|
00000960  eb 22 43 ce eb 7b 32 d6  d8 21 00 00 22 45 ce 39  |."C..{2..!.."E.9|
00000970  22 0f ce 31 41 ce af 32  e0 d8 32 de d8 21 74 d8  |"..1A..2..2..!t.|
00000980  e5 79 fe 29 d0 4b 21 47  cb 5f 16 00 19 19 5e 23  |.y.).K!G._....^#|
00000990  56 2a 43 ce eb e9 03 d9  c8 cd 90 cc ce cd 12 d9  |V*C.............|
000009a0  0f d9 d4 cd ed cd f3 cd  f8 cd e1 cc fe cd 7e d7  |..............~.|
000009b0  83 d7 45 d7 9c d7 a5 d7  ab d7 c8 d7 d7 d7 e0 d7  |..E.............|
000009c0  e6 d7 ec d7 f5 d7 fe d7  04 d8 0a d8 11 d8 2c d0  |..............,.|
000009d0  17 d8 1d d8 26 d8 2d d8  41 d8 47 d8 4d d8 0e d7  |....&.-.A.G.M...|
000009e0  53 d8 04 ce 04 ce 9b d8  21 ca cb cd e5 cb fe 03  |S.......!.......|
000009f0  ca 00 00 c9 21 d5 cb c3  b4 cb 21 e1 cb c3 b4 cb  |....!.....!.....|
00000a00  21 dc cb cd e5 cb c3 00  00 42 64 6f 73 20 45 72  |!........Bdos Er|
00000a10  72 20 4f 6e 20 20 3a 20  24 42 61 64 20 53 65 63  |r On  : $Bad Sec|
00000a20  74 6f 72 24 53 65 6c 65  63 74 24 46 69 6c 65 20  |tor$Select$File |
00000a30  52 2f 4f 24 e5 cd c9 cc  3a 42 ce c6 41 32 c6 cb  |R/O$....:B..A2..|
00000a40  01 ba cb cd d3 cc c1 cd  d3 cc 21 0e ce 7e 36 00  |..........!..~6.|
00000a50  00 0b 01 00 97 01 01 00  00 b7 c0 c3 09 d9 cd fb  |................|
00000a60  cb cd 14 cc d8 f5 4f cd  90 cc f1 c9 fe 0d c8 fe  |......O.........|
00000a70  0a c8 fe 09 c8 fe 08 c8  fe 20 c9 3a 0e ce b7 c2  |......... .:....|
00000a80  45 cc cd 06 d9 e6 01 c8  cd 09 d9 fe 13 c2 42 cc  |E.............B.|
00000a90  cd 09 d9 fe 03 ca 00 00  af c9 32 0e ce 3e 01 c9  |..........2..>..|
00000aa0  3a 0a ce b7 c2 62 cc c5  cd 23 cc c1 c5 cd 0c d9  |:....b...#......|
00000ab0  c1 c5 3a 0d ce b7 c4 0f  d9 c1 79 21 0c ce fe 7f  |..:.......y!....|
00000ac0  c8 34 fe 20 d0 35 7e b7  c8 79 fe 08 c2 79 cc 35  |.4. .5~..y...y.5|
00000ad0  c9 fe 0a c0 36 00 c9 79  cd 14 cc d2 90 cc f5 0e  |....6..y........|
00000ae0  5e cd 48 cc f1 f6 40 4f  79 fe 09 c2 48 cc 0e 20  |^.H...@Oy...H.. |
00000af0  cd 48 cc 3a 0c ce e6 07  c2 96 cc c9 cd ac cc 0e  |.H.:............|
00000b00  20 cd 0c d9 0e 08 c3 0c  d9 0e 23 cd 48 cc cd c9  | .........#.H...|
00000b10  cc 3a 0c ce 21 0b ce be  d0 0e 20 cd 48 cc c3 b9  |.:..!..... .H...|
00000b20  cc 0e 0d cd 48 cc 0e 0a  c3 48 cc 0a fe 24 c8 03  |....H....H...$..|
00000b30  c5 4f cd 90 cc c1 c3 d3  cc 3a 0c ce 32 0b ce 2a  |.O.......:..2..*|
00000b40  43 ce 4e 23 e5 06 00 c5  e5 cd fb cb e6 7f e1 c1  |C.N#............|
00000b50  fe 0d ca c1 cd fe 0a ca  00 00 0c 01 00 1f 01 01  |................|
00000b60  00 c1 cd fe 08 c2 16 cd  78 b7 ca ef cc 05 3a 0c  |........x.....:.|
00000b70  ce 32 0a ce c3 70 cd fe  7f c2 26 cd 78 b7 ca ef  |.2...p....&.x...|
00000b80  cc 7e 05 2b c3 a9 cd fe  05 c2 37 cd c5 e5 cd c9  |.~.+......7.....|
00000b90  cc af 32 0b ce c3 f1 cc  fe 10 c2 48 cd e5 21 0d  |..2........H..!.|
00000ba0  ce 3e 01 96 77 e1 c3 ef  cc fe 18 c2 5f cd e1 3a  |.>..w......._..:|
00000bb0  0b ce 21 0c ce be d2 e1  cc 35 cd a4 cc c3 4e cd  |..!......5....N.|
00000bc0  fe 15 c2 6b cd cd b1 cc  e1 c3 e1 cc fe 12 c2 a6  |...k............|
00000bd0  cd c5 cd b1 cc c1 e1 e5  c5 78 b7 ca 8a cd 23 4e  |.........x....#N|
00000be0  05 c5 e5 cd 7f cc e1 c1  c3 78 cd e5 3a 0a ce b7  |.........x..:...|
00000bf0  ca f1 cc 21 0c ce 96 32  0a ce cd a4 cc 21 0a ce  |...!...2.....!..|
00000c00  35 c2 99 cd c3 f1 cc 23  77 04 c5 e5 4f cd 7f cc  |5......#w...O...|
00000c10  e1 c1 7e fe 03 78 c2 bd  cd fe 01 ca 00 00 b9 da  |..~..x..........|
00000c20  ef cc e1 70 0e 0d c3 48  cc cd 06 cc c3 01 ce cd  |...p...H........|
00000c30  15 d9 c3 01 ce 79 3c ca  e0 cd 3c ca 06 d9 c3 0c  |.....y<...<.....|
00000c40  d9 cd 06 d9 b7 ca 91 d8  cd 09 d9 c3 01 ce 3a 03  |..............:.|
00000c50  00 c3 01 ce 21 03 00 71  c9 eb 4d 44 c3 d3 cc cd  |....!..q..MD....|
00000c60  23 00 00 0d 01 00 2b cd  00 02 00 0a cc 32 45 ce  |#.....+......2E.|
00000c70  c9 3e 01 c3 01 ce 01 1e  00 00 00 ba 00 21 0b cb  |.>...........!..|
00000c80  5e 23 56 eb e9 0c 0d c8  1a 77 13 23 c3 50 ce 3a  |^#V......w.#.P.:|
00000c90  42 ce 4f cd 1b d9 7c b5  c8 5e 23 56 23 22 b3 d8  |B.O...|..^#V#"..|
00000ca0  23 23 22 b5 d8 23 23 22  b7 d8 23 23 eb 22 d0 d8  |##"..##"..##."..|
00000cb0  21 b9 d8 0e 08 cd 4f ce  2a bb d8 eb 21 c1 d8 0e  |!.....O.*...!...|
00000cc0  0f cd 4f ce 2a c6 d8 7c  21 dd d8 36 ff b7 ca 9d  |..O.*..|!..6....|
00000cd0  ce 36 00 3e ff b7 c9 cd  18 d9 af 2a b5 d8 77 23  |.6.>.......*..w#|
00000ce0  77 2a b7 d8 77 23 77 c9  cd 27 d9 c3 bb ce cd 2a  |w*..w#w..'.....*|
00000cf0  d9 b7 c8 21 09 cb c3 4a  ce 2a ea d8 0e 02 cd ea  |...!...J.*......|
00000d00  cf 22 e5 d8 22 ec d8 21  e5 d8 4e 23 46 2a b7 d8  |.".."..!..N#F*..|
00000d10  5e 23 56 2a b5 d8 7e 23  66 6f 79 93 78 9a d2 fa  |^#V*..~#foy.x...|
00000d20  ce e5 2a c1 d8 7b 95 5f  7a 9c 57 e1 2b c3 e4 ce  |..*..{._z.W.+...|
00000d30  e5 2a c1 d8 19 da 00 00  0e 01 00 a5 01 01 00 0f  |.*..............|
00000d40  cf 79 95 78 9c da 0f cf  eb e1 23 c3 fa ce e1 c5  |.y.x......#.....|
00000d50  d5 e5 eb 2a ce d8 19 44  4d cd 1e d9 d1 2a b5 d8  |...*...DM....*..|
00000d60  73 23 72 d1 2a b7 d8 73  23 72 c1 79 93 4f 78 9a  |s#r.*..s#r.y.Ox.|
00000d70  47 2a d0 d8 eb cd 30 d9  4d 44 c3 21 d9 21 c3 d8  |G*....0.MD.!.!..|
00000d80  4e 3a e3 d8 b7 1f 0d c2  45 cf 47 3e 08 96 4f 3a  |N:......E.G>..O:|
00000d90  e2 d8 0d ca 5c cf b7 17  c3 53 cf 80 c9 2a 43 ce  |....\....S...*C.|
00000da0  11 10 00 19 09 3a dd d8  b7 ca 71 cf 6e 26 00 c9  |.....:....q.n&..|
00000db0  09 5e 23 56 eb c9 cd 3e  cf 4f 06 00 cd 5e cf 22  |.^#V...>.O...^."|
00000dc0  e5 d8 c9 2a e5 d8 7d b4  c9 3a c3 d8 2a e5 d8 29  |...*..}..:..*..)|
00000dd0  3d c2 90 cf 22 e7 d8 3a  c4 d8 4f 3a e3 d8 a1 b5  |=..."..:..O:....|
00000de0  6f 22 e5 d8 c9 2a 43 ce  11 0c 00 19 c9 2a 43 ce  |o"...*C......*C.|
00000df0  11 0f 00 19 eb 21 11 00  19 c9 cd ae cf 7e 32 e3  |.....!.......~2.|
00000e00  d8 eb 7e 32 e1 d8 cd a6  cf 3a c5 d8 a6 32 e2 d8  |..~2.....:...2..|
00000e10  c9 cd ae cf 3a d5 d8 fe  02 c2 de cf af 4f 3a e3  |....:........O:.|
00000e20  d8 81 77 eb 3a e1 d8 77  c9 0c 0d c8 7c b7 1f 67  |..w.:..w....|..g|
00000e30  7d 1f 6f c3 eb cf 0e 80  2a b9 d8 af 86 23 0d 00  |}.o.....*....#..|
00000e40  00 0f 01 00 7d 01 01 00  c2 fd cf c9 0c 0d c8 29  |....}..........)|
00000e50  c3 05 d0 c5 3a 42 ce 4f  21 01 00 cd 04 d0 c1 79  |....:B.O!......y|
00000e60  b5 6f 78 b4 67 c9 2a ad  d8 3a 42 ce 4f cd ea cf  |.ox.g.*..:B.O...|
00000e70  7d e6 01 c9 21 ad d8 4e  23 46 cd 0b d0 22 ad d8  |}...!..N#F..."..|
00000e80  2a c8 d8 23 eb 2a b3 d8  73 23 72 c9 cd 5e d0 11  |*..#.*..s#r..^..|
00000e90  09 00 19 7e 17 d0 21 0f  cb c3 4a ce cd 1e d0 c8  |...~..!...J.....|
00000ea0  21 0d cb c3 4a ce 2a b9  d8 3a e9 d8 85 6f d0 24  |!...J.*..:...o.$|
00000eb0  c9 2a 43 ce 11 0e 00 19  7e c9 cd 69 d0 36 00 c9  |.*C.....~..i.6..|
00000ec0  cd 69 d0 f6 80 77 c9 2a  ea d8 eb 2a b3 d8 7b 96  |.i...w.*...*..{.|
00000ed0  23 7a 9e c9 cd 7f d0 d8  13 72 2b 73 c9 7b 95 6f  |#z.......r+s.{.o|
00000ee0  7a 9c 67 c9 0e ff 2a ec  d8 eb 2a cc d8 cd 95 d0  |z.g...*...*.....|
00000ef0  d0 c5 cd f7 cf 2a bd d8  eb 2a ec d8 19 c1 0c ca  |.....*...*......|
00000f00  c4 d0 be c8 cd 7f d0 d0  cd 2c d0 c9 77 c9 cd 9c  |.........,..w...|
00000f10  d0 cd e0 d0 0e 01 cd b8  ce c3 da d0 cd e0 d0 cd  |................|
00000f20  b2 ce 21 b1 d8 c3 e3 d0  21 b9 d8 4e 23 46 c3 24  |..!.....!..N#F.$|
00000f30  d9 2a b9 d8 eb 2a b1 d8  0e 80 c3 4f ce 21 ea d8  |.*...*.....O.!..|
00000f40  7e 23 be c0 3c c9 21 ff  00 00 10 01 00 b8 01 01  |~#..<.!.........|
00000f50  00 ff 22 ea d8 c9 2a c8  d8 eb 2a ea d8 23 22 ea  |.."...*...*..#".|
00000f60  d8 cd 95 d0 d2 19 d1 c3  fe d0 3a ea d8 e6 03 06  |..........:.....|
00000f70  05 87 05 c2 20 d1 32 e9  d8 b7 c0 c5 cd c3 ce cd  |.... .2.........|
00000f80  d4 d0 c1 c3 9e d0 79 e6  07 3c 5f 57 79 0f 0f 0f  |......y..<_Wy...|
00000f90  e6 1f 4f 78 87 87 87 87  87 b1 4f 78 0f 0f 0f e6  |..Ox......Ox....|
00000fa0  1f 47 2a bf d8 09 7e 07  1d c2 56 d1 c9 d5 cd 35  |.G*...~...V....5|
00000fb0  d1 e6 fe c1 b1 0f 15 c2  64 d1 77 c9 cd 5e d0 11  |........d.w..^..|
00000fc0  10 00 19 c5 0e 11 d1 0d  c8 d5 3a dd d8 b7 ca 88  |..........:.....|
00000fd0  d1 c5 e5 4e 06 00 c3 8e  d1 0d c5 4e 23 46 e5 79  |...N.......N#F.y|
00000fe0  b0 ca 9d d1 2a c6 d8 7d  91 7c 98 d4 5c d1 e1 23  |....*..}.|..\..#|
00000ff0  c1 c3 75 d1 2a c6 d8 0e  03 cd ea cf 23 44 4d 2a  |..u.*.......#DM*|
00001000  bf d8 36 00 23 0b 78 b1  c2 b1 d1 2a ca d8 eb 2a  |..6.#.x....*...*|
00001010  bf d8 73 23 72 cd a1 ce  2a b3 d8 36 03 23 36 00  |..s#r...*..6.#6.|
00001020  cd fe d0 0e ff cd 05 d1  cd f5 d0 c8 cd 5e d0 3e  |.............^.>|
00001030  e5 be ca d2 d1 3a 41 ce  be c2 f6 d1 23 7e d6 24  |.....:A.....#~.$|
00001040  c2 f6 d1 3d 32 45 ce 0e  01 cd 6b d1 cd 8c d0 c3  |...=2E....k.....|
00001050  d2 10 00 01 d7 00 01 01  01 00 70 01 01 00 d1 3a  |..........p....:|
00001060  d4 d8 c3 01 ce c5 f5 3a  c5 d8 2f 47 79 a0 4f f1  |.......:../Gy.O.|
00001070  a0 91 e6 1f c1 c9 3e ff  32 d4 d8 21 d8 d8 71 2a  |......>.2..!..q*|
00001080  43 ce 22 d9 d8 cd fe d0  cd a1 ce 0e 00 cd 05 d1  |C.".............|
00001090  cd f5 d0 ca 94 d2 2a d9  d8 eb 1a fe e5 ca 4a d2  |......*.......J.|
000010a0  d5 cd 7f d0 d1 d2 94 d2  cd 5e d0 3a d8 d8 4f 06  |.........^.:..O.|
000010b0  00 79 b7 ca 83 d2 1a fe  3f ca 7c d2 78 fe 0d ca  |.y......?.|.x...|
000010c0  7c d2 fe 0c 1a ca 73 d2  96 e6 7f c2 2d d2 c3 7c  ||.....s.....-..||
000010d0  d2 c5 4e cd 07 d2 c1 c2  2d d2 13 23 04 0d c3 53  |..N.....-..#...S|
000010e0  d2 3a ea d8 e6 03 32 45  ce 21 d4 d8 7e 17 d0 af  |.:....2E.!..~...|
000010f0  77 c9 cd fe d0 3e ff c3  01 ce cd 54 d0 0e 0c cd  |w....>.....T....|
00001100  18 d2 cd f5 d0 c8 cd 44  d0 cd 5e d0 36 e5 0e 00  |.......D..^.6...|
00001110  cd 6b d1 cd c6 d0 cd 2d  d2 c3 a4 d2 50 59 79 b0  |.k.....-....PYy.|
00001120  ca d1 d2 0b d5 c5 cd 35  d1 1f d2 ec d2 c1 d1 2a  |.......5.......*|
00001130  c6 d8 7b 95 7a 9c d2 f4  d2 13 c5 d5 42 4b cd 35  |..{.z.......BK.5|
00001140  d1 1f d2 ec d2 d1 c1 c3  c0 d2 17 3c cd 64 d1 e1  |...........<.d..|
00001150  d1 c9 79 b0 c2 c0 d2 21  00 00 c9 0e 00 1e 00 01  |..y....!........|
00001160  02 01 00 c4 01 01 00 20  d5 06 00 2a 43 ce 09 eb  |....... ...*C...|
00001170  cd 5e d0 c1 cd 4f ce cd  c3 ce c3 c6 d0 cd 54 d0  |.^...O........T.|
00001180  0e 0c cd 18 d2 2a 43 ce  7e 11 10 00 19 77 cd f5  |.....*C.~....w..|
00001190  d0 c8 cd 44 d0 0e 10 1e  0c cd 01 d3 cd 2d d2 c3  |...D.........-..|
000011a0  27 d3 0e 0c cd 18 d2 cd  f5 d0 c8 0e 00 1e 0c cd  |'...............|
000011b0  01 d3 cd 2d d2 c3 40 d3  0e 0f cd 18 d2 cd f5 d0  |...-..@.........|
000011c0  c8 cd a6 cf 7e f5 e5 cd  5e d0 eb 2a 43 ce 0e 20  |....~...^..*C.. |
000011d0  d5 cd 4f ce cd 78 d0 d1  21 0c 00 19 4e 21 0f 00  |..O..x..!...N!..|
000011e0  19 46 e1 f1 77 79 be 78  ca 8b d3 3e 00 da 8b d3  |.F..wy.x...>....|
000011f0  3e 80 2a 43 ce 11 0f 00  19 77 c9 7e 23 b6 2b c0  |>.*C.....w.~#.+.|
00001200  1a 77 13 23 1a 77 1b 2b  c9 af 32 45 ce 32 ea d8  |.w.#.w.+..2E.2..|
00001210  32 eb d8 cd 1e d0 c0 cd  69 d0 e6 80 c0 0e 0f cd  |2.......i.......|
00001220  18 d2 cd f5 d0 c8 01 10  00 cd 5e d0 09 eb 2a 43  |..........^...*C|
00001230  ce 09 0e 10 3a dd d8 b7  ca e8 d3 7e b7 1a c2 db  |....:......~....|
00001240  d3 77 b7 c2 e1 d3 7e 12  be c2 1f d4 c3 fd d3 cd  |.w....~.........|
00001250  94 d3 eb cd 94 d3 eb 1a  be c2 1f d4 13 23 1a be  |.............#..|
00001260  c2 1f d4 0d 13 23 0d 00  01 03 01 00 d4 01 01 00  |.....#..........|
00001270  c2 cd d3 01 ec ff 09 eb  09 1a be da 17 d4 77 01  |..............w.|
00001280  03 00 09 eb 09 7e 12 3e  ff 32 d2 d8 c3 10 d3 21  |.....~.>.2.....!|
00001290  45 ce 35 c9 cd 54 d0 2a  43 ce e5 21 ac d8 22 43  |E.5..T.*C..!.."C|
000012a0  ce 0e 01 cd 18 d2 cd f5  d0 e1 22 43 ce c8 eb 21  |.........."C...!|
000012b0  0f 00 19 0e 11 af 77 23  0d c2 46 d4 21 0d 00 19  |......w#..F.!...|
000012c0  77 cd 8c d0 cd fd d2 c3  78 d0 af 32 d2 d8 cd a2  |w.......x..2....|
000012d0  d3 cd f5 d0 c8 2a 43 ce  01 0c 00 09 7e 3c e6 1f  |.....*C.....~<..|
000012e0  77 ca 83 d4 47 3a c5 d8  a0 21 d2 d8 a6 ca 8e d4  |w...G:...!......|
000012f0  c3 ac d4 01 02 00 09 34  7e e6 0f ca b6 d4 0e 0f  |.......4~.......|
00001300  cd 18 d2 cd f5 d0 c2 ac  d4 3a d3 d8 3c ca b6 d4  |.........:..<...|
00001310  cd 24 d4 cd f5 d0 ca b6  d4 c3 af d4 cd 5a d3 cd  |.$...........Z..|
00001320  bb cf af c3 01 ce cd 05  ce c3 78 d0 3e 01 32 d5  |..........x.>.2.|
00001330  d8 3e ff 32 d3 d8 cd bb  cf 3a e3 d8 21 e1 d8 be  |.>.2.....:..!...|
00001340  da e6 d4 fe 80 c2 fb d4  cd 5a d4 af 32 e3 d8 3a  |.........Z..2..:|
00001350  45 ce b7 c2 fb d4 cd 77  cf cd 84 cf ca fb d4 cd  |E......w........|
00001360  8a cf cd d1 ce cd b2 ce  c3 d2 cf c3 05 ce 3e 01  |..............>.|
00001370  00 01 04 01 00 10 01 01  00 32 d5 d8 3e 00 32 d3  |.........2..>.2.|
00001380  d8 cd 54 d0 2a 43 ce cd  47 d0 cd bb cf 3a e3 d8  |..T.*C..G....:..|
00001390  fe 80 d2 05 ce cd 77 cf  cd 84 cf 0e 00 c2 6e d5  |......w.......n.|
000013a0  cd 3e cf 32 d7 d8 01 00  00 b7 ca 3b d5 4f 0b cd  |.>.2.......;.O..|
000013b0  5e cf 44 4d cd be d2 7d  b4 c2 48 d5 3e 02 c3 01  |^.DM...}..H.>...|
000013c0  ce 22 e5 d8 eb 2a 43 ce  01 10 00 09 3a dd d8 b7  |."...*C.....:...|
000013d0  3a d7 d8 ca 64 d5 cd 64  d0 73 c3 6c d5 4f 06 00  |:...d..d.s.l.O..|
000013e0  09 09 73 23 72 0e 02 3a  45 ce b7 c0 c5 cd 8a cf  |..s#r..:E.......|
000013f0  3a d5 d8 3d 3d c2 bb d5  c1 c5 79 3d 3d c2 bb d5  |:..==.....y==...|
00001400  e5 2a b9 d8 57 77 23 14  f2 8c d5 cd e0 d0 2a e7  |.*..Ww#.......*.|
00001410  d8 0e 02 22 e5 d8 c5 cd  d1 ce c1 cd b8 ce 2a e5  |..."..........*.|
00001420  d8 0e 00 3a c4 d8 47 a5  b8 23 c2 9a d5 e1 22 e5  |...:..G..#....".|
00001430  d8 cd da d0 cd d1 ce c1  c5 cd b8 ce c1 3a e3 d8  |.............:..|
00001440  21 e1 d8 be da d2 d5 77  34 0e 02 0d 0d c2 df d5  |!......w4.......|
00001450  f5 cd 69 d0 e6 7f 77 f1  fe 7f c2 00 d6 3a d5 d8  |..i...w......:..|
00001460  fe 01 c2 00 d6 cd d2 cf  cd 5a d4 21 45 ce 7e b7  |.........Z.!E.~.|
00001470  c2 fe d5 3d 32 e3 d8 36  00 00 01 05 01 00 7f 01  |...=2..6........|
00001480  01 00 c3 d2 cf af 32 d5  d8 c5 2a 43 ce eb 21 21  |......2...*C..!!|
00001490  00 19 7e e6 7f f5 7e 17  23 7e 17 e6 1f 4f 7e 1f  |..~...~.#~...O~.|
000014a0  1f 1f 1f e6 0f 47 f1 23  6e 2c 2d 2e 06 c2 8b d6  |.....G.#n,-.....|
000014b0  21 20 00 19 77 21 0c 00  19 79 96 c2 47 d6 21 0e  |! ..w!...y..G.!.|
000014c0  00 19 78 96 e6 7f ca 7f  d6 c5 d5 cd a2 d3 d1 c1  |..x.............|
000014d0  2e 03 3a 45 ce 3c ca 84  d6 21 0c 00 19 71 21 0e  |..:E.<...!...q!.|
000014e0  00 19 70 cd 51 d3 3a 45  ce 3c c2 7f d6 c1 c5 2e  |..p.Q.:E.<......|
000014f0  04 0c ca 84 d6 cd 24 d4  2e 05 3a 45 ce 3c ca 84  |......$...:E.<..|
00001500  d6 c1 af c3 01 ce e5 cd  69 d0 36 c0 e1 c1 7d 32  |........i.6...}2|
00001510  45 ce c3 78 d0 0e ff cd  03 d6 cc c1 d4 c9 0e 00  |E..x............|
00001520  cd 03 d6 cc 03 d5 c9 eb  19 4e 06 00 21 0c 00 19  |.........N..!...|
00001530  7e 0f e6 80 81 4f 3e 00  88 47 7e 0f e6 0f 80 47  |~....O>..G~....G|
00001540  21 0e 00 19 7e 87 87 87  87 f5 80 47 f5 e1 7d e1  |!...~......G..}.|
00001550  b5 e6 01 c9 0e 0c cd 18  d2 2a 43 ce 11 21 00 19  |.........*C..!..|
00001560  e5 72 23 72 23 72 cd f5  d0 ca 0c d7 cd 5e d0 11  |.r#r#r.......^..|
00001570  0f 00 cd a5 d6 e1 e5 5f  79 96 23 78 9e 23 7b 9e  |......._y.#x.#{.|
00001580  da 06 00 01 06 01 00 f5  01 01 00 d7 73 2b 70 2b  |............s+p+|
00001590  71 cd 2d d2 c3 e4 d6 e1  c9 2a 43 ce 11 20 00 cd  |q.-......*C.. ..|
000015a0  a5 d6 21 21 00 19 71 23  70 23 77 c9 2a af d8 3a  |..!!..q#p#w.*..:|
000015b0  42 ce 4f cd ea cf e5 eb  cd 59 ce e1 cc 47 ce 7d  |B.O......Y...G.}|
000015c0  1f d8 2a af d8 4d 44 cd  0b d0 22 af d8 c3 a3 d1  |..*..MD...".....|
000015d0  3a d6 d8 21 42 ce be c8  77 c3 21 d7 3e ff 32 de  |:..!B...w.!.>.2.|
000015e0  d8 2a 43 ce 7e e6 1f 3d  32 d6 d8 fe 1e d2 75 d7  |.*C.~..=2.....u.|
000015f0  3a 42 ce 32 df d8 7e 32  e0 d8 e6 e0 77 cd 45 d7  |:B.2..~2....w.E.|
00001600  3a 41 ce 2a 43 ce b6 77  c9 3e 22 c3 01 ce 21 00  |:A.*C..w.>"...!.|
00001610  00 22 ad d8 22 af d8 af  32 42 ce 21 80 00 22 b1  |.".."...2B.!..".|
00001620  d8 cd da d0 c3 21 d7 cd  72 d0 cd 51 d7 c3 51 d3  |.....!..r..Q..Q.|
00001630  cd 51 d7 c3 a2 d3 0e 00  eb 7e fe 3f ca c2 d7 cd  |.Q.......~.?....|
00001640  a6 cf 7e fe 3f c4 72 d0  cd 51 d7 0e 0f cd 18 d2  |..~.?.r..Q......|
00001650  c3 e9 d0 2a d9 d8 22 43  ce cd 51 d7 cd 2d d2 c3  |...*.."C..Q..-..|
00001660  e9 d0 cd 51 d7 cd 9c d2  c3 01 d2 cd 51 d7 c3 bc  |...Q........Q...|
00001670  d4 cd 51 d7 c3 fe d4 cd  72 d0 cd 51 d7 c3 24 d4  |..Q.....r..Q..$.|
00001680  cd 51 d7 cd 16 d3 c3 01  d2 2a af 00 01 07 01 00  |.Q.......*......|
00001690  e5 b9 00 02 00 b2 d8 c3  29 d8 3a 42 ce c3 01 ce  |........).:B....|
000016a0  eb 22 b1 d8 c3 da d0 2a  bf d8 c3 29 d8 2a ad d8  |.".....*...).*..|
000016b0  c3 29 d8 cd 51 d7 cd 3b  d3 c3 01 d2 2a bb d8 22  |.)..Q..;....*.."|
000016c0  45 ce c9 3a d6 d8 fe ff  c2 3b d8 3a 41 ce c3 01  |E..:.....;.:A...|
000016d0  ce e6 1f 32 41 ce c9 cd  51 d7 c3 93 d6 cd 51 d7  |...2A...Q.....Q.|
000016e0  c3 9c d6 cd 51 d7 c3 d2  d6 2a 43 ce 7d 2f 5f 7c  |....Q....*C.}/_||
000016f0  2f 2a af d8 a4 57 7d a3  5f 2a ad d8 eb 22 af d8  |/*...W}._*..."..|
00001700  7d a3 6f 7c a2 67 22 ad  d8 c9 3a de d8 b7 ca 91  |}.o|.g"...:.....|
00001710  d8 2a 43 ce 36 00 3a e0  d8 b7 ca 91 d8 77 3a df  |.*C.6.:......w:.|
00001720  d8 32 d6 d8 cd 45 d7 2a  0f ce f9 2a 45 ce 7d 44  |.2...E.*...*E.}D|
00001730  c9 cd 51 d7 3e 02 32 d5  d8 0e 00 cd 07 d6 cc 03  |..Q.>.2.........|
00001740  d5 c9 e5 00 00 00 00 80  01 27 00 00 00 01 08 01  |.........'......|
00001750  00 69 fd 00 02 00 54 c3  37 df c3 a3 d9 c3 1a da  |.i....T.7.......|
00001760  c3 28 da c3 36 da c3 64  da c3 53 da c3 44 da c3  |.(..6..d..S..D..|
00001770  b4 da c3 94 da c3 bf da  c3 c4 da c3 ca da c3 dc  |................|
00001780  da c3 ef da c3 74 da c3  d0 da 20 42 6f 6f 74 00  |.....t.... Boot.|
00001790  49 6e 73 65 72 74 20 20  50 43 2d 43 50 2f 4d 2d  |Insert  PC-CP/M-|
000017a0  53 79 73 74 65 6d 20 64  69 73 6b 01 04 00 00 00  |System disk.....|
000017b0  09 00 b7 de 85 d9 28 de  78 de 01 04 00 00 00 08  |......(.x.......|
000017c0  b7 de 85 d9 48 de 8d de  01 04 00 00 00 83 b7 de  |....H...........|
000017d0  94 d9 68 de a2 de 40 00  04 0f 01 97 00 7f 00 c0  |..h...@.........|
000017e0  00 20 00 02 00 20 00 03  07 00 97 00 3f 00 c0 00  |. ... ......?...|
000017f0  10 00 02 00 31 80 00 cd  4e e4 3a 04 00 fe 0f 28  |....1...N.:....(|
00001800  1d af 32 18 de 32 0b de  32 1a de 32 19 de 3e c6  |..2..2..2..2..>.|
00001810  cd fa db b7 28 1a 21 33  d9 cd 0e da 18 d6 af 32  |....(.!3.......2|
00001820  04 00 32 1d de 21 39 d9  cd 0e da cd 28 da 18 d1  |..2..!9.....(...|
00001830  3e c3 21 03 d9 32 00 00  22 01 00 21 06 cb 32 05  |>.!..2.."..!..2.|
00001840  00 22 06 00 af 32 1c de  32 1e de 01 80 00 cd ca  |."...2..2.......|
00001850  da 00 01 09 01 00 ff 01  01 00 3a 04 00 4f cd 94  |..........:..O..|
00001860  da 7c b5 28 f8 c3 00 c3  7e b7 c8 e5 4f cd 36 da  |.|.(....~...O.6.|
00001870  e1 23 18 f4 3a 03 00 cd  84 da 03 e4 0c e4 15 e4  |.#..:...........|
00001880  1e e4 3a 03 00 cd 84 da  06 e4 0f e4 18 e4 21 e4  |..:...........!.|
00001890  3a 03 00 cd 84 da 09 e4  12 e4 1b e4 24 e4 3a 03  |:...........$.:.|
000018a0  00 0f cd 85 da 06 e4 27  e4 2a e4 2d e4 3a 03 00  |.......'.*.-.:..|
000018b0  0f 0f 0f cd 85 da 09 e4  30 e4 33 e4 36 e4 3a 03  |........0.3.6.:.|
000018c0  00 07 07 cd 84 da 09 e4  12 e4 39 e4 3c e4 3a 03  |..........9.<.:.|
000018d0  00 07 07 cd 84 da 3f e4  42 e4 45 e4 48 e4 07 e6  |......?.B.E.H...|
000018e0  06 e3 d5 5f 16 00 19 7e  23 66 6f d1 e3 c9 21 00  |..._...~#fo...!.|
000018f0  00 79 fe 0f 28 10 fe 02  d0 32 15 de 6f 29 29 29  |.y..(....2..o)))|
00001900  29 11 55 d9 19 c9 2e 02  af 32 15 de 18 ef 3a 1d  |).U......2....:.|
00001910  de b7 20 03 32 1c de 0e  00 79 32 16 de c9 79 3d  |.. .2....y2...y=|
00001920  32 17 de c9 60 69 22 26  de c9 60 69 23 7a b3 c8  |2...`i"&..`i#z..|
00001930  eb 09 6e 26 00 c9 af 32  1e de 3e 01 32 24 de 32  |..n&...2..>.2$.2|
00001940  23 de 3e 02 32 25 de 18  62 af 32 24 de 79 32 25  |#.>.2%..b.2$.y2%|
00001950  de fe 02 20 17 3e 10 32  1e de 00 01 0a 01 00 fb  |... .>.2........|
00001960  01 01 00 3a 15 de 32 1f  de 3a 16 de 32 20 de 3a  |...:..2..:..2 .:|
00001970  17 de 32 21 de 3a 1e de  b7 28 31 3d 32 1e de 3a  |..2!.:...(1=2..:|
00001980  15 de 21 1f de be 20 24  3a 16 de 21 20 de be 20  |..!... $:..! .. |
00001990  1b 3a 17 de 21 21 de be  20 12 34 3e 40 be 20 06  |.:..!!.. .4>@. .|
000019a0  36 00 21 20 de 34 af 32  23 de 18 08 af 32 1e de  |6.! .4.2#....2..|
000019b0  3c 32 23 de ed 73 09 de  31 ff e3 af 32 22 de 3a  |<2#..s..1...2".:|
000019c0  17 de b7 1f b7 1f b7 1f  32 1b de 21 1c de 7e 36  |........2..!..~6|
000019d0  01 b7 28 22 3a 15 de 21  18 de be 20 12 3a 16 de  |..(":..!... .:..|
000019e0  21 19 de be 20 09 3a 1b  de 21 1a de be 28 24 3a  |!... .:..!...($:|
000019f0  1d de b7 c4 f4 db 3a 15  de 32 18 de 3a 16 de 32  |......:..2..:..2|
00001a00  19 de 3a 1b de 32 1a de  3a 23 de b7 c4 f8 db af  |..:..2..:#......|
00001a10  32 1d de 3a 17 de e6 07  6f 26 00 29 29 29 29 29  |2..:....o&.)))))|
00001a20  29 29 11 37 df 19 ed 5b  26 de 01 80 00 3a 24 de  |)).7...[&....:$.|
00001a30  b7 20 06 3e 01 32 1d de  eb ed b0 3a 25 de fe 01  |. .>.2.....:%...|
00001a40  3a 22 de 20 0d b7 20 0a  af 32 1d de cd f4 db 3a  |:". .. ..2.....:|
00001a50  22 de ed 7b 09 de c9 3e  45 18 02 3e 46 32 0c de  |"..{...>E..>F2..|
00001a60  3e 0a 32 00 01 0b 01 00  e9 01 01 00 18 dd db f0  |>.2.............|
00001a70  cb 7f 3e ff d3 f0 28 0c  21 4a b6 cd 51 e4 21 4a  |..>...(.!J..Q.!J|
00001a80  b6 cd 51 e4 06 03 0e ff  3e 04 cd b4 dd cd d6 dd  |..Q.....>.......|
00001a90  cb 6f 20 0b 0d 20 f1 21  6f dd cd 19 dd 18 e7 cb  |.o .. .!o.......|
00001aa0  77 28 0c 3a 0c de fe 45  20 05 21 72 dd 18 eb 3a  |w(.:...E .!r...:|
00001ab0  0b de 4f 3a 18 de 3c 47  a1 20 10 78 b1 32 0b de  |..O:..<G. .x.2..|
00001ac0  3e 07 cd b4 dd cd 8a dd  c2 f7 dc 3e 0f cd b4 dd  |>..........>....|
00001ad0  cd 81 dd 3a 19 de d3 f8  32 02 de cd 8a dd c2 f7  |...:....2.......|
00001ae0  dc c5 21 a0 0f cd 51 e4  c1 3a 1a de 07 07 4f e6  |..!...Q..:....O.|
00001af0  0f 3c 32 04 de af cb 61  28 01 3c 32 03 de 3e 44  |.<2....a(.<2..>D|
00001b00  d3 68 3a 0c de 4f 11 37  df 21 ff 43 cb 7f 28 06  |.h:..O.7.!.C..(.|
00001b10  11 00 c2 21 ff 55 cb 47  28 02 26 83 7b d3 64 7a  |...!.U.G(.&.{.dz|
00001b20  d3 64 7d d3 65 7c d3 65  79 cd b4 dd dd 21 02 de  |.d}.e|.ey....!..|
00001b30  0e 07 cd 81 dd dd 7e 00  d3 f8 dd 23 0d 20 f3 cd  |......~....#. ..|
00001b40  cf dd dd 21 0e de 0e 07  cd d6 dd dd 77 00 dd 23  |...!........w..#|
00001b50  0d 20 f5 3a 0e de e6 c0  20 10 32 22 de 3e 80 d3  |. .:.... .2".>..|
00001b60  f0 af c9 3a 0b de 90 32  0b de 3a 18 00 01 0c 01  |...:...2..:.....|
00001b70  00 40 01 01 00 dd 3d 32  18 dd e6 03 cc df dd c2  |.@....=2........|
00001b80  02 dc 3e 01 32 22 de af  32 04 00 3c c9 b4 78 b7  |..>.2"..2..<..x.|
00001b90  20 06 e1 32 04 00 18 ea  05 c5 e5 0e 1b cd 36 da  | ..2..........6.|
00001ba0  0e 17 cd 36 da eb 22 0e  de 21 5e dd cd 0e da e1  |...6.."..!^.....|
00001bb0  cd 0e da cd 28 da 21 75  dd cd 0e da 2a 0e de 11  |....(.!u....*...|
00001bc0  7e dd 7c c6 20 12 13 7d  c6 20 12 21 7c dd cd 0e  |~.|. ..}. .!|...|
00001bd0  da c1 c9 1b 59 38 61 07  42 49 4f 53 20 45 72 72  |....Y8a.BIOS Err|
00001be0  6f 72 20 00 4e 52 00 57  50 00 1b 59 38 61 1b 4b  |or .NR.WP..Y8a.K|
00001bf0  00 1b 59 00 00 00 f5 db  f9 cb 7f 28 fa f1 c9 cd  |..Y........(....|
00001c00  cf dd 3e 08 cd 81 dd d3  f8 cd d6 dd fe 80 28 13  |..>...........(.|
00001c10  4f cd d6 dd 79 c6 40 38  e9 e6 80 28 01 79 32 0e  |O...y.@8...(.y2.|
00001c20  de 18 df 3a 0e de fe 00  c9 cd 81 dd d3 f8 fe 07  |...:............|
00001c30  cd 81 dd 28 05 3a 1a de  e6 fc 3a 18 de 28 02 f6  |...(.:....:..(..|
00001c40  04 d3 f8 c9 db f0 cb 77  20 fa c9 db f9 c6 40 30  |.......w .....@0|
00001c50  fa db f8 c9 af d3 f0 21  28 00 cd 51 e4 3e ff d3  |.......!(..Q.>..|
00001c60  f0 3e 03 cd 81 dd d3 f8  3e cf cd 81 dd d3 f8 3e  |.>......>......>|
00001c70  1c cd 81 dd d3 00 01 0d  01 00 c4 13 00 02 00 09  |................|
00001c80  f8 c9 00 00 00 01 10 36  ff 01 7b 00 00 00 01 00  |.......6..{.....|
00001c90  00 01 0e 01 00 7f d1 00  02 01 1b 00 00 00 ca 00  |................|
00001ca0  31 80 00 af 32 04 00 32  1d de 32 c0 df 3e 95 32  |1...2..2..2..>.2|
00001cb0  03 00 21 c1 df 22 be df  cd f3 df cd c6 df 21 b5  |..!.."........!.|
00001cc0  df 3a c0 df 47 3e 05 90  b7 28 04 3d 23 18 f9 11  |.:..G>...(.=#...|
00001cd0  c1 df 78 b7 28 07 05 1a  77 23 13 18 f5 21 7d df  |..x.(...w#...!}.|
00001ce0  cd 0e da c3 df d9 20 35  36 4b 20 20 43 50 2f 4d  |...... 56K  CP/M|
00001cf0  20 32 2e 32 20 2f 20 33  2e 31 20 20 20 61 6c 70  | 2.2 / 3.1   alp|
00001d00  68 61 74 72 6f 6e 69 63  20 20 50 43 20 20 20 53  |hatronic  PC   S|
00001d10  65 72 69 61 6c 20 6e 75  6d 62 65 72 20 20 30 30  |erial number  00|
00001d20  30 30 30 20 0d 0a 00 ca  00 00 00 00 00 00 00 c5  |000 ............|
00001d30  d5 e5 01 f6 ff 11 ff ff  09 13 da cf df 01 0a 00  |................|
00001d40  09 eb 7c b5 c4 c6 df 7b  c6 30 e5 2a be df 77 23  |..|....{.0.*..w#|
00001d50  22 be df 21 c0 df 34 e1  e1 d1 c1 c9 2a 04 cb 7c  |"..!..4.....*..||
00001d60  65 6f c9 20 20 61 6c 70  68 00 01 0f 01 00 8e 25  |eo.  alph......%|
00001d70  00 02 00 1e 61 74 72 6f  6e 69 63 20 20 50 43 20  |....atronic  PC |
00001d80  20 20 56 20 33 2e 30 20  20 20 31 33 2e 30 33 2e  |  V 3.0   13.03.|
00001d90  38 34 01 71 00 00 00 01  10 01 00 00 05 00 01 80  |84.q............|
00001da0  00 00 00 10 01 00 c9 01  00 01 01 00 76 05 00 01  |............v...|
00001db0  80 00 e5 e5 01 00 02 01  00 76 05 00 01 80 00 e5  |.........v......|
00001dc0  e5 01 00 03 01 00 76 05  00 01 80 00 e5 e5 01 00  |......v.........|
00001dd0  04 01 00 76 05 00 01 80  00 e5 e5 01 00 05 01 00  |...v............|
00001de0  76 05 00 01 80 00 e5 e5  01 00 06 01 00 76 05 00  |v............v..|
00001df0  01 80 00 e5 e5 01 00 07  01 00 76 05 00 01 80 00  |..........v.....|
00001e00  e5 e5 01 00 08 01 00 76  05 00 01 80 00 e5 e5 01  |.......v........|
00001e10  00 09 01 00 76 05 00 01  80 00 e5 e5 01 00 0a 01  |....v...........|
00001e20  00 76 05 00 01 80 00 e5  e5 01 00 0b 01 00 76 05  |.v............v.|
00001e30  00 01 80 00 e5 e5 01 00  0c 01 00 76 05 00 01 80  |...........v....|
00001e40  00 e5 e5 01 00 0d 01 00  76 05 00 01 80 00 e5 e5  |........v.......|
00001e50  01 00 0e 01 00 76 05 00  01 80 00 e5 e5 01 00 0f  |.....v..........|
00001e60  01 00 76 05 00 01 80 00  e5 e5 01 00 10 01 00 76  |..v............v|
00001e70  05 00 01 80 00 e5 e5 10  01 01 5e 01 01 01 01 00  |..........^.....|
00001e80  00 05 00 01 80 00 00 00  01 01 02 01 00 00 05 00  |................|
00001e90  01 80 00 00 00 01 01 03  01 00 00 05 00 01 80 00  |................|
00001ea0  00 00 01 01 04 01 00 00  05 00 01 80 00 00 00 01  |................|
00001eb0  01 05 01 00 00 05 00 01  80 00 00 00 01 01 06 01  |................|
00001ec0  00 00 05 00 01 80 00 00  00 01 01 07 01 00 00 05  |................|
00001ed0  00 01 80 00 00 00 01 01  08 01 00 00 05 00 01 80  |................|
00001ee0  00 00 00 01 01 09 01 00  00 05 00 01 80 00 00 00  |................|
00001ef0  01 01 0a 01 00 00 05 00  01 80 00 00 00 01 01 0b  |................|
00001f00  01 00 00 05 00 01 80 00  00 00 01 01 0c 01 00 00  |................|
00001f10  05 00 01 80 00 00 00 01  01 0d 01 00 00 05 00 01  |................|
00001f20  80 00 00 00 01 01 0e 01  00 00 05 00 01 80 00 00  |................|
00001f30  00 01 01 0f 01 00 00 05  00 01 80 00 00 00 01 01  |................|
00001f40  10 01 00 00 05 00 01 80  00 00 00 10 02 00 52 02  |..............R.|
00001f50  00 01 01 00 99 cd 00 02  00 14 00 41 53 4d 20 20  |...........ASM  |
00001f60  20 20 20 43 4f 4d 00 00  00 40 02 03 04 05 01 06  |   COM...@......|
00001f70  00 00 00 14 00 41 55 54  4f 20 20 20 20 43 4f 4d  |.....AUTO    COM|
00001f80  00 00 00 3c 06 07 08 09  01 06 00 00 00 11 00 41  |...<...........A|
00001f90  55 54 4f 32 20 20 20 43  4f 4d 00 00 00 03 0a 01  |UTO2   COM......|
00001fa0  08 00 00 00 15 42 49 4f  53 20 20 20 20 41 53 4d  |.....BIOS    ASM|
00001fb0  00 00 00 60 0b 0c 0d 0e  0f 10 01 05 00 00 00 15  |...`............|
00001fc0  00 43 42 49 4f 53 20 20  20 41 53 4d 00 00 00 45  |.CBIOS   ASM...E|
00001fd0  11 12 13 14 15 01 06 00  00 00 12 44 44 54 20 20  |...........DDT  |
00001fe0  20 20 20 43 4f 4d 00 00  00 26 16 17 18 01 07 00  |   COM...&......|
00001ff0  00 00 14 44 45 42 4c 4f  43 4b 20 41 53 4d 00 00  |...DEBLOCK ASM..|
00002000  00 50 19 1a 1b 1c 1d 01  06 00 00 00 10 44 49 53  |.P...........DIS|
00002010  4b 43 4f 50 59 43 4f 4d  00 00 00 0e 1e 01 07 00  |KCOPYCOM........|
00002020  00 00 01 00 02 00 02 01  00 75 c9 00 02 00 11 00  |.........u......|
00002030  44 55 4d 50 20 20 20 20  43 4f 4d 00 00 00 05 1f  |DUMP    COM.....|
00002040  01 08 00 00 00 13 45 44  20 20 20 20 20 20 43 4f  |......ED      CO|
00002050  4d 00 00 00 34 20 21 22  23 01 06 00 00 00 12 00  |M...4 !"#.......|
00002060  46 49 4c 45 43 4f 50 59  43 4f 4d 00 00 00 16 24  |FILECOPYCOM....$|
00002070  25 01 07 00 00 00 11 00  4c 4f 41 44 20 20 20 20  |%.......LOAD    |
00002080  43 4f 4d 00 00 00 0e 26  01 08 00 00 00 17 4d 45  |COM....&......ME|
00002090  4e 55 20 20 20 20 43 4f  4d 00 00 00 80 27 28 29  |NU    COM....'()|
000020a0  2a 2b 2c 2d 2e 01 04 00  00 00 16 00 4d 4f 56 43  |*+,-........MOVC|
000020b0  50 4d 50 43 43 4f 4d 00  00 00 5e 2f 30 31 32 33  |PMPCCOM...^/0123|
000020c0  34 01 05 00 00 00 11 00  50 43 46 4f 52 4d 20 20  |4.......PCFORM  |
000020d0  43 4f 4d 00 00 00 0e 35  01 08 00 00 00 13 50 49  |COM....5......PI|
000020e0  50 20 20 20 20 20 43 4f  4d 00 00 00 3a 36 37 38  |P     COM...:678|
000020f0  39 01 06 00 00 02 00 03  01 00 80 8f 00 02 00 13  |9...............|
00002100  00 53 54 41 54 20 20 20  20 43 4f 4d 00 00 00 2c  |.STAT    COM...,|
00002110  3a 3b 3c 01 07 00 00 00  10 53 55 42 4d 49 54 20  |:;<......SUBMIT |
00002120  20 43 4f 4d 00 00 00 0a  3d 01 08 00 00 00 10 53  | COM....=......S|
00002130  59 53 43 4f 50 59 20 43  4f 4d 00 00 00 0d 3e 01  |YSCOPY COM....>.|
00002140  08 00 00 00 10 53 59 53  47 45 4e 20 20 43 4f 4d  |.....SYSGEN  COM|
00002150  00 00 00 08 3f 01 08 00  00 00 10 57 49 44 54 48  |....?......WIDTH|
00002160  20 20 20 43 4f 4d 00 00  00 01 40 01 08 00 00 00  |   COM....@.....|
00002170  10 58 53 55 42 20 20 20  20 43 4f 4d 00 00 00 06  |.XSUB    COM....|
00002180  41 01 07 00 00 00 01 00  01 20 e5 e5 02 00 04 01  |A........ ......|
00002190  00 76 05 00 01 80 00 e5  e5 02 00 05 01 00 76 05  |.v............v.|
000021a0  00 01 80 00 e5 e5 02 00  06 01 00 76 05 00 01 80  |...........v....|
000021b0  00 e5 e5 02 00 07 01 00  76 05 00 01 80 00 e5 e5  |........v.......|
000021c0  02 00 08 01 00 76 05 00  01 80 00 e5 e5 02 00 09  |.....v..........|
000021d0  01 00 76 05 00 01 80 00  e5 e5 02 00 0a 01 00 76  |..v............v|
000021e0  05 00 01 80 00 e5 e5 02  00 0b 01 00 76 05 00 01  |............v...|
000021f0  80 00 e5 e5 02 00 0c 01  00 76 05 00 01 80 00 e5  |.........v......|
00002200  e5 02 00 0d 01 00 76 05  00 01 80 00 e5 e5 02 00  |......v.........|
00002210  0e 01 00 76 05 00 01 80  00 e5 e5 02 00 0f 01 00  |...v............|
00002220  76 05 00 01 80 00 e5 e5  02 00 10 01 00 76 05 00  |v............v..|
00002230  01 80 00 e5 e5 10 02 01  c5 02 01 01 01 00 b4 49  |...............I|
00002240  00 02 00 31 31 00 02 2a  06 00 22 cd 01 c3 00 02  |...11..*..".....|
00002250  20 43 4f 50 59 52 49 47  48 54 28 43 29 20 31 39  | COPYRIGHT(C) 19|
00002260  37 38 2c 20 44 49 47 49  54 41 4c 20 52 45 53 45  |78, DIGITAL RESE|
00002270  41 52 43 48 20 01 4d 00  00 00 0b f0 20 00 00 00  |ARCH .M..... ...|
00002280  00 00 00 00 f0 20 01 15  00 00 02 01 02 01 00 f9  |..... ..........|
00002290  4d 00 02 00 21 c3 e0 0c  c3 a1 0d c3 ca 0d c3 34  |M...!..........4|
000022a0  0e c3 aa 0e c3 de 0e c3  bc 0c c3 00 0f c3 2f 0f  |............../.|
000022b0  c3 4c 10 c3 39 0f 01 10  00 00 00 03 41 53 4d 01  |.L..9.......ASM.|
000022c0  0f 00 00 00 03 50 52 4e  01 0f 00 00 00 03 48 45  |.....PRN......HE|
000022d0  58 01 0b 00 00 00 01 04  01 31 00 00 00 01 00 02  |X........1......|
000022e0  01 03 01 00 00 05 00 01  80 00 00 00 02 01 04 01  |................|
000022f0  00 00 05 00 01 80 00 00  00 02 01 05 01 00 00 05  |................|
00002300  00 01 80 00 00 00 02 01  06 01 00 00 05 00 01 80  |................|
00002310  00 00 00 02 01 07 01 00  00 05 00 01 80 00 00 00  |................|
00002320  02 01 08 01 00 00 05 00  01 80 00 00 00 02 01 09  |................|
00002330  01 00 00 05 00 01 80 00  00 00 02 01 0a 01 00 00  |................|
00002340  05 00 01 80 00 00 00 02  01 0b 01 00 00 05 00 01  |................|
00002350  80 00 00 00 02 01 0c 01  00 61 67 00 02 01 50 00  |.........ag...P.|
00002360  00 00 60 00 21 34 02 be  c8 77 5f 0e 0e cd 05 00  |..`.!4...w_.....|
00002370  c9 23 7e fe 20 ca b8 0c  de 41 c9 3a 34 02 c9 7e  |.#~. ....A.:4..~|
00002380  cd de 0e 7e 23 fe 0d c2  bc 0c 3e 0a cd de 0e c9  |...~#.....>.....|
00002390  11 5c 00 06 09 1a fe 3f  ca bb 0d 77 23 13 05 c2  |.\.....?...w#...|
000023a0  d2 0c c9 21 a0 0f cd bc  0c c3 3f 0d 0e 0f cd 05  |...!......?.....|
000023b0  00 fe ff c0 21 b9 0f cd  bc 0c c3 00 00 0e 10 cd  |....!...........|
000023c0  05 00 fe 02 01 0d 01 00  49 01 01 00 ff c0 21 29  |........I.....!)|
000023d0  10 cd bc 0c c3 00 00 0e  13 c3 05 00 0e 16 cd 05  |................|
000023e0  00 fe ff c0 21 d0 0f cd  bc 0c c3 00 00 3a 35 02  |....!........:5.|
000023f0  cd a1 0c c9 3a 36 02 fe  19 c8 fe 17 c9 3a 36 02  |....:6.......:6.|
00002400  cd a1 0c c9 3a 37 02 cd  a1 0c c9 3a 5c 00 fe 20  |....:7.....:\.. |
00002410  ca bb 0d 0e 19 cd 05 00  32 34 02 21 64 00 cd ae  |........24.!d...|
00002420  0c 32 35 02 cd ae 0c 32  37 02 cd ae 0c 32 36 02  |.25....27....26.|
00002430  21 38 02 cd cd 0c cd 28  0d ca 83 0d 21 59 02 e5  |!8.....(....!Y..|
00002440  e5 cd cd 0c cd 31 0d d1  cd 0b 0d d1 cd 10 0d 3a  |.....1.........:|
00002450  37 02 fe 19 ca 9e 0d 21  7a 02 e5 e5 cd cd 0c cd  |7......!z.......|
00002460  38 0d d1 cd 0b 0d d1 cd  10 0d c3 00 11 21 00 04  |8............!..|
00002470  22 9b 02 af 32 44 02 32  58 02 32 23 02 cd 21 0d  |"...2D.2X.2#..!.|
00002480  11 38 02 cd e9 0c c9 21  e3 0f cd bc 0c c3 00 00  |.8.....!........|
00002490  7a bc c0 7b bd c9 c5 d5  e5 2a 9b 02 11 00 04 cd  |z..{.....*......|
000024a0  c4 0d c2 19 0e cd 21 0d  21 00 00 22 9b 02 06 08  |......!.!.."....|
000024b0  21 9d 02 c5 e5 0e 14 11  38 02 cd 05 00 e1 c1 b7  |!.......8.......|
000024c0  0e 80 c2 0d 0e 11 80 00  0e 80 1a 77 02 01 0e 01  |...........w....|
000024d0  00 00 01 01 00 13 23 0d  c2 fe 0d 05 c2 e7 0d c3  |......#.........|
000024e0  19 0e fe 03 d2 2b 0e 36  1a 23 0d c2 12 0e 11 9d  |.....+.6.#......|
000024f0  02 2a 9b 02 e5 23 22 9b  02 e1 19 7e e1 d1 c1 c9  |.*...#"....~....|
00002500  21 fa 0f cd bc 0c c3 00  00 c5 47 3a 36 02 fe 19  |!.........G:6...|
00002510  ca 51 0e fe 17 78 c2 4a  0e cd de 0e c3 51 0e d5  |.Q...x.J.....Q..|
00002520  e5 cd 53 0e e1 d1 c1 c9  2a 9d 06 eb 21 9f 06 19  |..S.....*...!...|
00002530  77 eb 23 22 9d 06 eb 21  00 03 cd c4 0d c0 cd 31  |w.#"...!.......1|
00002540  0d 21 00 00 22 9d 06 21  9f 06 11 59 02 06 06 7e  |.!.."..!...Y...~|
00002550  fe 1a c8 c5 d5 0e 80 11  80 00 7e 12 23 13 0d c2  |..........~.#...|
00002560  85 0e d1 d5 e5 0e 15 cd  05 00 e1 d1 c1 b7 c2 a1  |................|
00002570  0e 05 c8 c3 7a 0e 21 11  10 cd bc 0c c3 77 0f c5  |....z.!......w..|
00002580  d5 e5 cd b4 0e e1 d1 c1  c9 2a 9f 09 eb 21 a1 09  |.........*...!..|
00002590  19 77 eb 23 22 9f 09 eb  21 00 03 cd c4 0d c0 cd  |.w.#"...!.......|
000025a0  38 0d 21 00 00 22 9f 09  21 a1 09 11 7a 02 06 06  |8.!.."..!...z...|
000025b0  c3 7a 0e c5 d5 e5 0e 02  5f cd 05 00 e1 d1 c1 c9  |.z......_.......|
000025c0  4f cd 34 0e 3a 0c 01 fe  20 c8 3a 36 02 fe 17 c8  |O.4.:... .:6....|
000025d0  79 cd de 0e c9 02 01 0f  01 00 23 01 01 00 3a 84  |y.........#...:.|
000025e0  01 21 0c 01 b7 ca 15 0f  47 7e cd eb 0e 23 78 3d  |.!......G~...#x=|
000025f0  c3 06 0f 32 84 01 3e 0d  cd eb 0e 3e 0a cd eb 0e  |...2..>....>....|
00002600  21 0c 01 3e 78 36 20 23  3d c2 27 0f c9 47 21 0c  |!..>x6 #=.'..G!.|
00002610  01 7e fe 20 c0 70 c9 cd  28 0d ca 4f 0f 2a 9d 06  |.~. .p..(..O.*..|
00002620  7d b4 ca 4f 0f 3e 1a cd  34 0e c3 3f 0f 3a 37 02  |}..O.>..4..?.:7.|
00002630  fe 19 ca 77 0f 3a 23 02  b7 c4 b8 10 2a d0 01 22  |...w.:#.....*.."|
00002640  21 02 cd b8 10 2a 9f 09  7d b4 ca 77 0f 3e 1a cd  |!....*..}..w.>..|
00002650  aa 0e c3 67 0f cd 28 0d  ca 86 0f cd 31 0d 11 59  |...g..(.....1..Y|
00002660  02 cd fa 0c 3a 37 02 fe  19 ca 97 0f cd 38 0d 11  |....:7.......8..|
00002670  7a 02 cd fa 0c 21 3c 10  cd bc 0c c3 00 00 43 50  |z....!<.......CP|
00002680  2f 4d 20 41 53 53 45 4d  42 4c 45 52 20 2d 20 56  |/M ASSEMBLER - V|
00002690  45 52 20 32 2e 30 0d 4e  4f 20 53 4f 55 52 43 45  |ER 2.0.NO SOURCE|
000026a0  20 46 49 4c 45 20 50 52  45 53 45 4e 54 0d 4e 4f  | FILE PRESENT.NO|
000026b0  20 44 49 52 45 43 54 4f  52 59 20 53 50 41 43 45  | DIRECTORY SPACE|
000026c0  0d 53 4f 55 52 43 45 20  46 49 4c 45 20 4e 41 4d  |.SOURCE FILE NAM|
000026d0  45 20 45 52 52 4f 52 0d  53 4f 55 52 43 45 02 01  |E ERROR.SOURCE..|
000026e0  10 01 00 90 01 01 00 20  46 49 4c 45 20 52 45 41  |....... FILE REA|
000026f0  44 20 45 52 52 4f 52 0d  4f 55 54 50 55 54 20 46  |D ERROR.OUTPUT F|
00002700  49 4c 45 20 57 52 49 54  45 20 45 52 52 4f 52 0d  |ILE WRITE ERROR.|
00002710  43 41 4e 4e 4f 54 20 43  4c 4f 53 45 20 46 49 4c  |CANNOT CLOSE FIL|
00002720  45 53 0d 45 4e 44 20 4f  46 20 41 53 53 45 4d 42  |ES.END OF ASSEMB|
00002730  4c 59 0d c5 47 3a 37 02  fe 19 78 ca 98 10 d5 f5  |LY..G:7...x.....|
00002740  21 23 02 7e b7 ca 84 10  fe 10 da 6c 10 cd b8 10  |!#.~.......l....|
00002750  c3 84 10 2a d0 01 eb 2a  21 02 4f 06 00 09 7b bd  |...*...*!.O...{.|
00002760  c2 81 10 7a bc ca 8a 10  cd b8 10 2a d0 01 22 21  |...z.......*.."!|
00002770  02 21 23 02 5e 34 16 00  21 24 02 19 f1 77 d1 c1  |.!#.^4..!$...w..|
00002780  c9 f5 0f 0f 0f 0f e6 0f  cd af 10 f1 f5 e6 0f cd  |................|
00002790  af 10 f1 82 57 c9 c6 90  27 ce 40 27 c3 aa 0e 3e  |....W...'.@'...>|
000027a0  3a cd aa 0e 21 23 02 5e  af 57 77 2a 21 02 7b cd  |:...!#.^.Ww*!.{.|
000027b0  9a 10 7c cd 9a 10 7d cd  9a 10 af cd 9a 10 7b b7  |..|...}.......{.|
000027c0  ca e8 10 21 24 02 7e 23  cd 9a 10 1d c2 df 10 af  |...!$.~#........|
000027d0  92 cd 9a 10 3e 0d cd aa  0e 3e 0a cd aa 0e c9 00  |....>....>......|
000027e0  00 00 00 00 00 00 00 10  03 00 db 03 00 01 01 00  |................|
000027f0  fc 01 01 00 c3 40 13 c3  32 11 c3 c0 11 00 00 00  |.....@..2.......|
00002800  cd 06 02 f5 fe 0d ca 30  11 fe 0a ca 30 11 3a 84  |.......0....0.:.|
00002810  01 fe 78 d2 30 11 5f 16  00 3c 32 84 01 21 0c 01  |..x.0._..<2..!..|
00002820  19 f1 77 c9 f1 c9 cd 49  11 32 0a 11 32 84 01 3e  |..w....I.2..2..>|
00002830  0a 32 09 11 cd 15 02 3e  10 32 84 01 c9 af 32 88  |.2.....>.2....2.|
00002840  01 32 0b 11 c9 21 88 01  7e fe 40 da 5f 11 36 00  |.2...!..~.@._.6.|
00002850  cd 1e 13 5e 16 00 34 23  19 3a 0a 11 77 c9 7e fe  |...^..4#.:..w.~.|
00002860  24 c0 af 77 c9 3a 0a 11  d6 30 fe 0a 17 e6 01 c9  |$..w.:...0......|
00002870  cd 71 11 c0 3a 0a 11 d6  41 fe 06 17 e6 01 c9 3a  |.q..:...A......:|
00002880  0a 11 d6 41 fe 1a 17 e6  01 c9 cd 8b 11 c0 cd 71  |...A...........q|
00002890  11 c9 3a 0a 11 fe 61 d8  fe 7b d0 e6 5f 32 0a 11  |..:...a..{.._2..|
000028a0  c9 cd 0c 11 32 0a 11 c3  2d 13 c9 fe 0d c8 fe 1a  |....2...-.......|
000028b0  c8 fe 21 c9 af 32 85 01  cd 49 11 3a 0a 11 fe 09  |..!..2...I.:....|
000028c0  ca f4 11 fe 3b ca e1 11  fe 2a c2 ed 11 3a 09 11  |....;....*...:..|
000028d0  fe 0a c2 ed 11 cd ad 11  cd b7 11 ca fa 11 c3 e1  |................|
000028e0  11 f6 20 fe 20 c2 fa 11  cd ad 11 c3 c7 11 cd 8b  |.. . ...........|
000028f0  11 ca 05 12 03 00 02 01  00 1f 01 01 00 3e 01 c3  |.............>..|
00002900  39 12 cd 71 11 ca 10 12  3e 02 c3 39 12 3a 0a 11  |9..q....>..9.:..|
00002910  fe 27 c2 21 12 af 32 0a  11 3e 03 c3 39 12 fe 0a  |.'.!..2..>..9...|
00002920  c2 37 12 3a cf 01 b7 c4  15 02 21 0c 01 36 20 3e  |.7.:......!..6 >|
00002930  10 32 84 01 3e 04 32 85  01 3a 0a 11 32 09 11 b7  |.2..>.2..:..2...|
00002940  c4 51 11 cd ad 11 3a 85  01 fe 04 c8 fe 03 c4 9e  |.Q....:.........|
00002950  11 21 0a 11 3a 85 01 fe  01 c2 6c 12 cd 6a 11 ca  |.!..:.....l..j..|
00002960  3c 12 cd 96 11 c8 c3 3c  12 fe 02 c2 02 13 cd 6a  |<......<.......j|
00002970  11 ca 3c 12 cd 7c 11 c2  3c 12 3a 0a 11 fe 4f ca  |..<..|..<.:...O.|
00002980  8a 12 fe 51 c2 8f 12 3e  08 c3 96 12 fe 48 c2 a0  |...Q...>.....H..|
00002990  12 3e 10 32 0b 11 af 32  0a 11 c3 bb 12 3a 09 11  |.>.2...2.....:..|
000029a0  fe 42 c2 ad 12 3e 02 c3  b4 12 fe 44 3e 0a c2 b8  |.B...>.....D>...|
000029b0  12 21 88 01 35 32 0b 11  21 00 00 22 86 01 21 88  |.!..52..!.."..!.|
000029c0  01 4e 23 7e 23 fe 41 d2  d2 12 d6 30 c3 d4 12 d6  |.N#~#.A....0....|
000029d0  37 e5 c5 4f 21 0b 11 be  d4 18 13 06 00 7e 2a 86  |7..O!........~*.|
000029e0  01 eb 21 00 00 b7 ca f7  12 1f d2 f1 12 19 eb 29  |..!............)|
000029f0  eb c3 e8 12 09 22 86 01  c1 e1 0d c2 c6 03 00 03  |....."..........|
00002a00  01 00 9b 63 00 02 00 38  12 c9 3a 0a 11 fe 0d ca  |...c...8..:.....|
00002a10  1e 13 fe 27 c2 3c 12 cd  ad 11 fe 27 c0 c3 3c 12  |...'.<.....'..<.|
00002a20  f5 3e 56 c3 24 13 f5 3e  4f c3 24 13 c5 e5 cd 18  |.>V.$..>O.$.....|
00002a30  02 e1 c1 f1 c9 f5 3a 85  01 fe 03 c4 9e 11 f1 c9  |......:.........|
00002a40  01 04 00 00 00 1b c3 a0  15 c3 5c 14 c3 9e 14 c3  |..........\.....|
00002a50  98 14 c3 eb 14 c3 60 15  c3 72 15 c3 8d 15 c3 96  |......`..r......|
00002a60  15 01 52 00 00 00 01 00  03 00 04 01 00 55 ab 00  |..R..........U..|
00002a70  02 01 2e 00 00 00 a4 21  5b 13 06 80 af 77 23 77  |.......![....w#w|
00002a80  23 05 c2 62 14 21 00 00  22 d6 01 c9 21 88 01 46  |#..b.!.."...!..F|
00002a90  af 23 86 05 c2 76 14 e6  7f 32 5b 14 c9 47 2a d6  |.#...v...2[..G*.|
00002aa0  01 23 23 7e e6 f0 b0 77  c9 2a d6 01 23 23 7e e6  |.##~...w.*..##~.|
00002ab0  0f 3c c9 2a d6 01 7d b4  c9 cd 71 14 21 88 01 7e  |.<.*..}...q.!..~|
00002ac0  fe 11 da ac 14 36 10 21  5b 14 5e 16 00 21 5b 13  |.....6.![.^..![.|
00002ad0  19 19 5e 23 66 6b 22 d6  01 cd 98 14 c8 cd 8e 14  |..^#fk".........|
00002ae0  21 88 01 be c2 e1 14 47  23 eb 2a d6 01 23 23 23  |!......G#.*..###|
00002af0  1a be c2 e1 14 13 23 05  c2 d5 14 c9 2a d6 01 5e  |......#.....*..^|
00002b00  23 56 eb c3 bb 14 21 88  01 5e 16 00 2a cb 01 22  |#V....!..^..*.."|
00002b10  d6 01 19 11 05 00 19 eb  2a cd 01 03 00 05 01 00  |........*.......|
00002b20  47 01 01 00 7b 95 7a 9c  eb d2 41 15 22 cb 01 2a  |G...{.z...A."..*|
00002b30  d6 01 eb 21 5b 14 4e 06  00 21 5b 13 09 09 4e 23  |...![.N..![...N#|
00002b40  46 72 2b 73 eb 71 23 70  11 88 01 1a fe 11 da 2f  |Fr+s.q#p......./|
00002b50  15 3e 10 47 3d 23 77 23  13 1a 77 05 c2 33 15 af  |.>.G=#w#..w..3..|
00002b60  23 77 23 77 c9 21 4a 15  cd 12 02 c3 1e 02 53 59  |#w#w.!J.......SY|
00002b70  4d 42 4f 4c 20 54 41 42  4c 45 20 4f 56 45 52 46  |MBOL TABLE OVERF|
00002b80  4c 4f 57 0d 17 17 17 17  e6 f0 47 2a d6 01 23 23  |LOW.......G*..##|
00002b90  7e e6 0f b0 77 c9 2a d6  01 23 23 7e 1f 1f 1f 1f  |~...w.*..##~....|
00002ba0  e6 0f c9 cd 8e 14 2a d6  01 5f 16 00 19 23 23 23  |......*.._...###|
00002bb0  c9 e5 cd 7f 15 d1 73 23  72 c9 cd 7f 15 5e 23 56  |......s#r....^#V|
00002bc0  eb c9 00 00 c3 60 18 c3  83 17 c3 10 18 c4 15 d4  |.....`..........|
00002bd0  15 e6 15 82 16 ae 16 bd  16 10 09 34 0b 03 bd 16  |...........4....|
00002be0  dd 16 ef 16 57 17 6d 17  0d 28 29 2a 2b 2c 2d 2f  |....W.m..()*+,-/|
00002bf0  41 42 43 44 45 48 4c 4d  44 42 44 49 44 53 44 57  |ABCDEHLMDBDIDSDW|
00002c00  45 49 49 46 49 4e 4f 52  53 50 41 43 49 41 44 43  |EIIFINORSPACIADC|
00002c10  41 44 44 41 44 49 41 4e  41 41 4e 44 41 4e 49 43  |ADDADIANAANDANIC|
00002c20  4d 41 43 4d 03 00 06 01  00 0e 01 01 00 43 43 4d  |MACM.........CCM|
00002c30  50 43 50 49 44 41 41 44  41 44 44 43 52 44 43 58  |PCPIDAADADDCRDCX|
00002c40  45 4e 44 45 51 55 48 4c  54 49 4e 52 49 4e 58 4a  |ENDEQUHLTINRINXJ|
00002c50  4d 50 4c 44 41 4c 58 49  4d 4f 44 4d 4f 56 4d 56  |MPLDALXIMODMOVMV|
00002c60  49 4e 4f 50 4e 4f 54 4f  52 41 4f 52 47 4f 52 49  |INOPNOTORAORGORI|
00002c70  4f 55 54 50 4f 50 50 53  57 52 41 4c 52 41 52 52  |OUTPOPPSWRALRARR|
00002c80  45 54 52 4c 43 52 52 43  52 53 54 53 42 42 53 42  |ETRLCRRCRSTSBBSB|
00002c90  49 53 45 54 53 48 4c 53  48 52 53 54 41 53 54 43  |ISETSHLSHRSTASTC|
00002ca0  53 55 42 53 55 49 58 4f  52 58 52 41 58 52 49 43  |SUBSUIXORXRAXRIC|
00002cb0  41 4c 4c 45 4e 44 4d 4c  44 41 58 4c 48 4c 44 50  |ALLENDMLDAXLHLDP|
00002cc0  43 48 4c 50 55 53 48 53  48 4c 44 53 50 48 4c 53  |CHLPUSHSHLDSPHLS|
00002cd0  54 41 58 58 43 48 47 58  54 48 4c 45 4e 44 49 46  |TAXXCHGXTHLENDIF|
00002ce0  4d 41 43 52 4f 54 49 54  4c 45 0f 0a 0c 14 0d 1e  |MACROTITLE......|
00002cf0  00 50 05 46 0e 0a 06 46  01 50 10 07 10 00 10 01  |.P.F...F.P......|
00002d00  10 02 10 03 10 04 10 05  10 06 11 01 13 f3 11 02  |................|
00002d10  11 03 13 fb 11 08 21 db  0a 28 10 06 1a ce 1d 88  |......!..(......|
00002d20  1d 80 1a c6 1d a0 09 32  1a e6 13 2f 13 03 00 07  |.......2.../....|
00002d30  01 00 e1 01 01 00 3f 1d  b8 1a fe 13 27 15 09 1e  |......?.....'...|
00002d40  05 1f 0b 11 04 11 07 13  76 1e 04 1f 03 17 c3 1c  |........v.......|
00002d50  3a 14 01 02 50 18 40 19  06 13 00 08 3c 1d b0 11  |:...P.@.....<...|
00002d60  0a 1a f6 21 d3 16 c1 10  06 13 17 13 1f 13 c9 13  |...!............|
00002d70  07 13 0f 20 c7 1d 98 1a  de 11 0b 03 50 04 50 1c  |... ........P.P.|
00002d80  32 13 37 1d 90 1a d6 0b  28 1d a8 1a ee 17 cd 11  |2.7.....(.......|
00002d90  06 1b 0a 1c 2a 13 e9 16  c5 1c 22 13 f9 1b 02 13  |....*.....".....|
00002da0  eb 13 e3 11 05 11 09 11  0c 4e 5a 5a 20 4e 43 43  |.........NZZ NCC|
00002db0  20 50 4f 50 45 50 20 4d  20 1e ff 04 0e 00 af 78  | POPEP M ......x|
00002dc0  81 1f bb ca c4 17 5f e5  d5 c5 e5 42 48 16 00 21  |......_....BH..!|
00002dd0  00 00 19 05 c2 9c 17 d1  19 11 89 01 1a be 13 23  |...............#|
00002de0  c2 b6 17 0d c2 a6 17 c1  d1 e1 7b c9 c1 d1 e1 da  |..........{.....|
00002df0  c0 17 4b c3 88 17 43 c3  88 17 af 3c c9 3a 89 01  |..K...C....<.:..|
00002e00  01 17 c2 fe 4a c8 06 c4  fe 43 c8 01 13 c0 fe 52  |....J....C.....R|
00002e10  c9 3a 88 01 fe 04 d2 0d  18 fe 03 ca f2 17 fe 02  |.:..............|
00002e20  c2 0d 18 21 8b 01 36 20  01 08 00 11 73 17 21 8a  |...!..6 ....s.!.|
00002e30  01 1a be 13 c2 05 03 00  08 01 00 a7 e3 00 02 00  |................|
00002e40  6c 18 1a 23 be c8 13 04  0d c2 f8 17 0c c9 af 3c  |l..#...........<|
00002e50  c9 3a 88 01 4f 3d 5f 16  00 d5 fe 05 d2 5a 18 21  |.:..O=_......Z.!|
00002e60  b5 15 19 46 21 a9 15 19  19 56 23 66 6a 51 cd 83  |...F!....V#fjQ..|
00002e70  17 c2 45 18 d1 21 ba 15  19 19 5e 23 56 6f 26 00  |..E..!....^#Vo&.|
00002e80  29 19 7e 23 46 c9 d1 cd  c7 17 c0 c5 cd db 17 78  |).~#F..........x|
00002e90  c1 c0 b7 17 17 17 b0 47  79 bf c9 d1 af 3c c9 00  |.......Gy....<..|
00002ea0  00 c3 a0 1b c3 19 1a c3  6e 19 c3 38 19 01 13 00  |........n..8....|
00002eb0  00 00 6e 00 eb 21 92 18  7e fe 10 da a2 18 cd 85  |..n..!..~.......|
00002ec0  1b 36 00 7e 34 34 4f 06  00 21 81 18 09 73 23 72  |.6.~44O..!...s#r|
00002ed0  c9 f5 21 91 18 7e fe 0a  da bf 18 36 00 cd 85 1b  |..!..~.....6....|
00002ee0  5e 16 00 34 f1 21 6d 18  19 77 21 77 18 19 70 c9  |^..4.!m..w!w..p.|
00002ef0  21 92 18 7e b7 c2 de 18  cd 85 1b 21 00 00 c9 35  |!..~.......!...5|
00002f00  35 4e 06 00 21 81 18 09  4e 23 66 69 c9 cd cf 18  |5N..!...N#fi....|
00002f10  eb cd cf 18 c9 6f 26 00  29 11 01 19 19 5e 23 66  |.....o&.)....^#f|
00002f20  6b 03 00 09 01 00 54 01  01 00 e9 89 19 92 19 99  |k.....T.........|
00002f30  19 9f 19 ab 19 bf 19 c6  19 d0 19 d9 19 e0 19 ec  |................|
00002f40  19 f8 19 85 1b cd ec 18  7a b7 c2 27 19 7b fe 11  |........z..'.{..|
00002f50  d8 cd 85 1b 3e 10 c9 af  95 6f 3e 00 9c 67 c9 cd  |....>....o>..g..|
00002f60  ec 18 eb 22 6b 19 21 6d  19 36 11 01 00 00 c5 af  |..."k.!m.6......|
00002f70  7b 17 5f 7a 17 57 35 e1  c8 3e 00 ce 00 29 44 85  |{._z.W5..>...)D.|
00002f80  2a 6b 19 95 4f 78 9c 47  c5 d2 64 19 09 e3 21 6d  |*k..Ox.G..d...!m|
00002f90  19 3f c3 46 19 00 00 00  44 4d 21 00 00 af 78 1f  |.?.F....DM!...x.|
00002fa0  47 79 1f 4f da 82 19 b0  c8 c3 83 19 19 eb 29 eb  |Gy.O..........).|
00002fb0  c3 73 19 cd ec 18 cd 6e  19 c3 01 1a cd 35 19 eb  |.s.....n.....5..|
00002fc0  c3 01 1a cd 35 19 c3 01  1a cd 1b 19 b7 ca 01 1a  |....5...........|
00002fd0  29 3d c3 a2 19 cd 1b 19  b7 ca 01 1a f5 af 7c 1f  |)=............|.|
00002fe0  67 7d 1f 6f f1 3d c3 ae  19 cd ec 18 19 c3 01 1a  |g}.o.=..........|
00002ff0  cd ec 18 eb cd 2d 19 c3  c2 19 cd cf 18 cd 2d 19  |.....-........-.|
00003000  c3 01 1a cd cf 18 23 c3  d3 19 cd ec 18 7a a4 67  |......#......z.g|
00003010  7b a5 6f c3 01 1a cd ec  18 7a b4 67 7b b5 6f c3  |{.o......z.g{.o.|
00003020  01 1a cd ec 18 7a ac 67  7b ad 03 00 0a 01 00 63  |.....z.g{......c|
00003030  01 01 00 6f c3 93 18 3a  85 01 fe 04 c0 3a 89 01  |...o...:.....:..|
00003040  fe 0d c8 fe 3b c8 fe 2c  c8 fe 21 c9 af 32 91 18  |....;..,..!..2..|
00003050  32 92 18 3d 32 6c 18 21  00 00 22 c9 01 cd 04 1a  |2..=2l.!..".....|
00003060  c2 5d 1a 21 91 18 7e b7  ca 48 1a 35 5f 1d 16 00  |.].!..~..H.5_...|
00003070  21 6d 18 19 7e cd f4 18  c3 30 1a 3a 92 18 fe 02  |!m..~....0.:....|
00003080  c4 85 1b 3a 0c 01 fe 20  c0 2a 81 18 22 c9 01 c9  |...:... .*.."...|
00003090  3a 0c 01 fe 20 c2 7f 1b  3a 85 01 fe 03 c2 89 1a  |:... ...:.......|
000030a0  3a 88 01 b7 cc 85 1b fe  03 d4 85 1b 16 00 21 89  |:.............!.|
000030b0  01 5e 23 3d ca 85 1a 56  eb c3 71 1b fe 02 c2 94  |.^#=...V..q.....|
000030c0  1a 2a 86 01 c3 71 1b cd  a6 15 c2 31 1b fe 10 d2  |.*...q.....1....|
000030d0  26 1b fe 0c 4f 3a 6c 18  c2 b5 1a b7 cc 85 1b 3e  |&...O:l........>|
000030e0  ff 32 6c 18 79 c3 03 1b  b7 c2 0e 1b c5 3a 91 18  |.2l.y........:..|
000030f0  b7 ca de 1a 5f 1d 16 00  21 77 18 19 7e b8 da de  |...._...!w..~...|
00003100  1a 21 91 18 73 21 6d 18  19 7e cd f4 18 c1 c3 b9  |.!..s!m..~......|
00003110  1a c1 79 fe 0d c2 03 1b  21 91 18 7e b7 ca fc 1a  |..y.....!..~....|
00003120  3d 77 5f 16 00 21 6d 18  19 7e fe 0c ca ff 1a cd  |=w_..!m..~......|
00003130  85 1b af 03 00 0b 01 00  8d f7 00 02 00 8d c3 08  |................|
00003140  1b cd b0 18 3e ff 32 6c  18 c3 7f 1b 79 fe 05 ca  |....>.2l....y...|
00003150  7f 1b fe 06 c2 1e 1b 3c  4f c3 b9 1a fe 08 c4 85  |.......<O.......|
00003160  1b c3 b9 1a fe 11 cc 85  1b 68 26 00 c3 71 1b 3a  |.........h&..q.:|
00003170  85 01 fe 04 c2 50 1b 3a  89 01 fe 24 ca 4a 1b cd  |.....P.:...$.J..|
00003180  85 1b 21 00 00 c3 71 1b  2a d2 01 c3 71 1b cd 46  |..!...q.*...q..F|
00003190  13 cd 49 13 c2 64 1b 3e  50 cd 18 02 cd 4c 13 c3  |..I..d.>P....L..|
000031a0  6e 1b cd 52 13 e6 07 3e  55 cc 18 02 cd 58 13 3a  |n..R...>U....X.:|
000031b0  6c 18 b7 cc 85 1b af 32  6c 18 cd 93 18 cd 06 11  |l......2l.......|
000031c0  c3 2a 1a e5 3e 45 cd 18  02 e1 c9 01 09 00 00 00  |.*..>E..........|
000031d0  61 00 af 32 cf 01 cd 43  13 cd 03 11 cd 03 02 21  |a..2...C.......!|
000031e0  00 00 22 eb 20 22 d0 01  22 d2 01 22 ed 20 cd 06  |..". ".."..". ..|
000031f0  11 3a 85 01 fe 02 ca bc  1b fe 04 c2 dd 1b 3a 89  |.:............:.|
00003200  01 fe 2a c2 31 1f cd 00  20 c2 7c 1f c3 52 1f fe  |..*.1... .|..R..|
00003210  01 c2 7c 1f cd a6 15 ca  30 1c cd 46 13 cd 49 13  |..|.....0..F..I.|
00003220  c2 fe 1b cd 4c 13 3a cf  01 b7 c4 d7 20 c3 0c 1c  |....L.:..... ...|
00003230  cd 52 03 00 0c 01 00 c6  01 01 00 13 fe 06 c2 0c  |.R..............|
00003240  1c cd e3 20 c3 52 1f 2a  eb 20 7d b4 c4 dd 20 2a  |... .R.*. }... *|
00003250  d6 01 22 eb 20 cd 06 11  3a 85 01 fe 04 c2 bf 1b  |..". ...:.......|
00003260  3a 89 01 fe 3a c2 bf 1b  c3 bc 1b fe 11 c2 d7 1d  |:...:...........|
00003270  58 16 00 1b 21 43 1c 19  19 5e 23 66 6b e9 5b 1c  |X...!C...^#fk.[.|
00003280  a9 1c c0 1c de 1c 15 1d  18 1d 1e 1d 40 1d 87 1d  |............@...|
00003290  8d 1d a7 1d ce 1d cd 0a  20 cd 06 11 3a 85 01 fe  |........ ...:...|
000032a0  03 c2 8c 1c 3a 88 01 3d  ca 8c 1c 47 04 04 21 89  |....:..=...G..!.|
000032b0  01 05 ca 86 1c c5 46 23  e5 cd 48 20 e1 c1 c3 76  |......F#..H ...v|
000032c0  1c cd 06 11 c3 9b 1c cd  63 18 2a c9 01 7c b7 c4  |........c.*..|..|
000032d0  d1 20 45 cd 48 20 cd f9  1f cd ba 1e fe 2c ca 5e  |. E.H .......,.^|
000032e0  1c c3 31 1f cd 0a 20 cd  a6 20 cd d1 1e eb 2a d2  |..1... .. ....*.|
000032f0  01 19 22 d2 01 22 d0 01  c3 31 1f cd 0a 20 cd d1  |..".."...1... ..|
00003300  1e e5 45 cd 48 20 e1 44  cd 48 20 cd f9 1f cd ba  |..E.H .D.H .....|
00003310  1e fe 2c ca c3 1c c3 31  1f cd 0a 20 cd a6 20 3a  |..,....1... .. :|
00003320  0c 01 fe 20 c2 31 1f cd  d1 1e 3a 0c 01 fe 20 c2  |... .1....:... .|
00003330  fa 1c 22 ed 20 3e 20 32  0c 01 cd 03 00 0d 01 00  |..". > 2........|
00003340  ba 01 01 00 06 11 3a 85  01 fe 04 c2 7c 1f 3a 89  |......:.....|.:.|
00003350  01 fe 0a c2 7c 1f c3 8b  1f c3 d1 1d cd e3 20 c3  |....|......... .|
00003360  d1 1d cd 00 20 ca 7c 1f  2a d2 01 e5 cd d1 1e 22  |.... .|.*......"|
00003370  d2 01 cd 0a 20 cd a9 20  21 12 01 36 3d e1 22 d2  |.... .. !..6=.".|
00003380  01 c3 31 1f cd 0a 20 cd  d1 1e 3a 0c 01 fe 20 c2  |..1... ...:... .|
00003390  31 1f 7d 1f da 31 1f cd  06 11 3a 85 01 fe 04 c2  |1.}..1....:.....|
000033a0  6e 1d 3a 89 01 fe 1a 3e  42 cc 18 02 ca 8b 1f c3  |n.:....>B.......|
000033b0  53 1d fe 01 c2 53 1d cd  a6 15 c2 53 1d fe 11 c2  |S....S.....S....|
000033c0  53 1d 78 fe 05 c2 53 1d  c3 d1 1d cd e3 20 c3 31  |S.x...S...... .1|
000033d0  1f cd d1 1e 3a 0c 01 fe  20 c2 31 1f 22 d2 01 22  |....:... .1.".."|
000033e0  d0 01 cd 0a 20 cd a6 20  c3 31 1f cd 00 20 ca 7c  |.... .. .1... .||
000033f0  1f cd 52 13 fe 05 c4 dd  20 3e 05 cd 4f 13 cd d1  |..R..... >..O...|
00003400  1e e5 cd 00 20 e1 cd 55  13 21 00 00 22 eb 20 c3  |.... ..U.!..". .|
00003410  31 1f cd e3 20 cd 06 11  c3 31 1f d6 13 fe 21 d2  |1... ....1....!.|
00003420  7c 1f 5f 16 00 21 eb 1d  19 19 5e 23 66 6b e9 09  ||._..!....^#fk..|
00003430  1e 12 1e 1e 1e 24 1e 38  1e 41 1e 50 1e 60 1e 69  |.....$.8.A.P.`.i|
00003440  1e 78 1e 81 03 00 0e 01  00 67 01 01 00 1e 88 1e  |.x.......g......|
00003450  8f 1e 9e 1e a5 1e cd 48  20 cd 06 11 c3 b1 1e cd  |.......H .......|
00003460  fc 1e cd 17 1f cd 11 1f  c3 b1 1e cd fc 1e c3 b1  |................|
00003470  1e cd f2 1e fe 38 ca 31  1e e6 08 c4 bd 20 79 e6  |.....8.1..... y.|
00003480  30 b0 c3 ae 1e cd 48 20  cd 11 1f c3 b1 1e cd f2  |0.....H ........|
00003490  1e b0 47 cd 17 1f cd e7  1e b0 c3 ae 1e cd f2 1e  |..G.............|
000034a0  b0 cd 47 20 cd 17 1f cd  0b 1f c3 b1 1e cd 48 20  |..G ..........H |
000034b0  cd 0b 1f c3 b1 1e cd f2  1e e6 28 c4 bd 20 79 e6  |..........(.. y.|
000034c0  10 b0 c3 ae 1e cd 48 20  cd 11 1f c3 b1 1e cd e7  |......H ........|
000034d0  1e b0 c3 ae 1e cd f2 1e  b0 c3 ae 1e cd f2 1e e6  |................|
000034e0  08 c4 bd 20 79 e6 30 b0  c3 ae 1e cd f2 1e b0 c3  |... y.0.........|
000034f0  ae 1e cd 48 20 cd 0b 1f  c3 b1 1e cd 47 20 cd 0a  |...H .......G ..|
00003500  20 cd f9 1f c3 31 1f 3a  85 01 fe 04 c4 d1 20 3a  | ....1.:...... :|
00003510  89 01 fe 2c c8 fe 3b c8  fe 0d c4 d1 20 c9 c5 cd  |...,..;..... ...|
00003520  06 11 cd 63 18 2a c9 01  c1 c9 cd d1 1e 7c b7 c4  |...c.*.......|..|
00003530  c7 20 7d c9 cd dd 1e fe  08 d4 c7 20 e6 07 c9 cd  |. }........ ....|
00003540  e7 1e 17 17 17 e6 38 4f  c9 cd f2 1e e6 03 00 0f  |......8O........|
00003550  01 00 56 01 01 00 08 c4  bd 20 79 e6 30 b0 c3 47  |..V...... y.0..G|
00003560  20 cd dd 1e c3 47 20 cd  d1 1e c3 74 20 f5 c5 3a  | ....G ....t ..:|
00003570  85 01 fe 04 c2 29 1f 3a  89 01 fe 2c ca 2e 1f 3e  |.....).:...,...>|
00003580  43 cd 18 02 c1 f1 c9 cd  0a 20 3a 85 01 fe 04 c2  |C........ :.....|
00003590  7c 1f 3a 89 01 fe 0d c2  4a 1f cd 06 11 c3 bc 1b  ||.:.....J.......|
000035a0  fe 3b c2 72 1f cd 0a 20  cd 06 11 3a 85 01 fe 04  |.;.r... ...:....|
000035b0  c2 52 1f 3a 89 01 fe 0a  ca bc 1b fe 1a ca 8b 1f  |.R.:............|
000035c0  fe 21 ca bc 1b c3 52 1f  fe 21 ca bc 1b fe 1a ca  |.!....R..!......|
000035d0  8b 1f 3e 53 cd 18 02 c3  52 1f 7b 95 6f 7a 9c 67  |..>S....R.{.oz.g|
000035e0  c9 21 cf 01 7e 34 b7 ca  a7 1b cd 06 11 cd a6 20  |.!..~4......... |
000035f0  21 11 01 36 0d 21 0d 01  cd 12 02 2a cb 01 eb 2a  |!..6.!.....*...*|
00003600  d4 01 cd 84 1f e5 2a cd  01 eb 2a d4 01 cd 84 1f  |......*...*.....|
00003610  5c 16 00 e1 cd 69 18 eb  cd a9 20 21 11 01 11 d6  |\....i.... !....|
00003620  1f 1a b7 ca e4 1f 77 23  13 c3 cb 1f 48 20 55 53  |......w#....H US|
00003630  45 20 46 41 43 54 4f 52  0d 00 21 0e 01 cd 12 02  |E FACTOR..!.....|
00003640  2a ed 20 22 d0 01 c3 1e  02 7a bc c0 7b bd c9 2a  |*. ".....z..{..*|
00003650  d0 01 22 d2 01 c9 03 00  10 01 00 21 f5 00 02 00  |.."........!....|
00003660  eb 2a eb 20 22 d6 01 cd  49 13 c9 cd 00 20 c8 21  |.*. "...I.... .!|
00003670  00 00 22 eb 20 3a cf 01  b7 c2 31 20 cd 52 13 f5  |..". :....1 .R..|
00003680  e6 07 c4 dd 20 f1 f6 01  cd 4f 13 2a d2 01 cd 55  |.... ....O.*...U|
00003690  13 c9 cd 52 13 e6 07 cc  d7 20 cd 58 13 eb 2a d2  |...R..... .X..*.|
000036a0  01 cd f3 1f c4 d7 20 c9  47 3a cf 01 b7 78 ca 6c  |...... .G:...x.l|
000036b0  20 c5 cd 1b 02 3a 0d 01  fe 20 2a d2 01 cc a9 20  | ....:... *.... |
000036c0  3a ef 20 fe 10 c1 d2 6c  20 78 cd 96 20 2a d0 01  |:. ....l x.. *..|
000036d0  23 22 d0 01 c9 e5 45 cd  48 20 e1 44 c3 48 20 c6  |#"....E.H .D.H .|
000036e0  30 fe 3a d8 c6 07 c9 cd  7e 20 21 ef 20 5e 16 00  |0.:.....~ !. ^..|
000036f0  34 21 0c 01 19 77 c9 f5  1f 1f 1f 1f e6 0f cd 86  |4!...w..........|
00003700  20 f1 e6 0f c3 86 20 2a  d2 01 eb 21 ef 20 e5 36  | ..... *...!. .6|
00003710  01 7a d5 cd 96 20 d1 7b  cd 96 20 e1 34 c9 f5 c5  |.z... .{.. .4...|
00003720  3e 52 cd 18 02 c1 f1 c9  f5 e5 3e 56 cd 18 02 e1  |>R........>V....|
00003730  f1 c9 f5 3e 44 c3 e6 20  f5 3e 50 c3 e6 20 f5 3e  |...>D.. .>P.. .>|
00003740  4c c3 e6 20 f5 3e 4e cd  18 02 f1 c9 01 0a 00 00  |L.. .>N.........|
00003750  00 01 00 10 03 01 4c 03  01 01 01 00 b3 01 01 00  |......L.........|
00003760  00 03 00 41 55 54 4f 32  20 20 20 00 41 55 54 4f  |...AUTO2   .AUTO|
00003770  45 58 20 20 00 43 4f 4d  00 01 01 00 c3 1f 01 cd  |EX  .COM........|
00003780  4a 07 cd f4 03 21 03 01  22 66 0e 21 15 01 22 68  |J....!.."f.!.."h|
00003790  0e 21 7f 0f 22 6a 0e cd  ab 0e 3a 65 0e fe 00 c4  |.!.."j....:e....|
000037a0  52 03 cd 5d 0f cd 01 04  cd 11 02 cd f4 03 cd 51  |R..]...........Q|
000037b0  02 cd ca 03 21 0c 01 22  66 0e 21 15 01 22 68 0e  |....!.."f.!.."h.|
000037c0  21 00 30 22 6a 0e cd 70  0f cd ab 0e cd 5d 0f cd  |!.0"j..p.....]..|
000037d0  01 04 cd a8 0c cd f4 03  3a 1b 01 fe 00 ca e5 02  |........:.......|
000037e0  fe 01 ca 8a 01 fe 02 c3  b6 01 cd f2 02 21 0c 01  |.............!..|
000037f0  22 66 0e 21 15 01 22 68  0e 21 7f 0f 22 6a 0e 3e  |"f.!.."h.!.."j.>|
00003800  03 32 6e 0e cd 6f 0e cd  d0 01 cd ab 03 cd be 03  |.2n..o..........|
00003810  cd e3 01 c3 f3 01 cd fd  02 cd 42 0f fe ff ca c4  |..........B.....|
00003820  01 cd 4b 0f cd d0 01 cd  9b 03 cd e3 01 c3 f3 01  |..K.............|
00003830  cd 81 02 cd 88 02 cd 94  02 cd 9c 02 cd a4 02 cd  |................|
00003840  ba 02 c9 cd 81 02 cd 88  02 cd 94 02 cd 9c 02 cd  |................|
00003850  a8 02 c9 cd ae 02 cd ae  02 cd ae 02 cd ae 02 cd  |................|
00003860  03 01 02 01 00 92 01 01  00 ae 02 cd d9 03 3e 00  |..............>.|
00003870  cd 4d 02 cd 01 04 cd 00  00 c9 cd 4a 04 16 07 1e  |.M.........J....|
00003880  1e 21 d8 04 cd 2c 04 16  07 1e 2d cd 19 04 cd 0f  |.!...,....-.....|
00003890  e4 fe 3f ca 23 09 e6 5f  4f fe 41 ca 40 02 fe 42  |..?.#.._O.A.@..B|
000038a0  ca 48 02 cd c7 04 c3 25  02 cd 12 e4 3e 00 c3 4d  |.H.....%....>..M|
000038b0  02 cd 12 e4 3e 01 32 02  01 c9 16 08 06 03 cd 8e  |....>.2.........|
000038c0  04 cd f4 03 3a 02 01 fe  00 c0 16 09 1e 12 21 ff  |....:.........!.|
000038d0  06 cd 2c 04 cd 0f e4 fe  0d ca 79 02 cd c7 04 c3  |..,.......y.....|
000038e0  6b 02 16 09 06 02 cd 8e  04 c9 01 00 80 cd 24 d9  |k.............$.|
000038f0  c9 3a 02 01 4f cd 1b d9  c9 cd 18 d9 c9 3a 00 01  |.:..O........:..|
00003900  4f cd 1e d9 c9 3a 01 01  4f cd 21 d9 c9 cd 27 d9  |O....:..O.!...'.|
00003910  c9 0e 01 cd 2a d9 c9 06  df c5 06 df 00 10 fd c1  |....*...........|
00003920  10 f7 c9 3a 07 80 fe e5  c0 cd 4a 04 16 16 1e 18  |...:......J.....|
00003930  21 26 06 cd 2c 04 cd 4b  0f cd 93 03 cd ae 02 cd  |!&..,..K........|
00003940  ae 02 cd ae 02 cd ae 02  cd ae 02 c3 f3 01 16 16  |................|
00003950  1e 18 21 e4 05 cd 2c 04  c3 f3 01 16 16 1e 18 21  |..!...,........!|
00003960  05 06 cd 2c 04 c9 16 16  1e 03 01 03 01 00 be 01  |...,............|
00003970  01 00 18 21 b4 06 cd 2c  04 c9 16 16 1e 18 21 8d  |...!...,......!.|
00003980  06 cd 2c 04 cd 93 03 cd  4b 0f cd 93 03 cd ae 02  |..,.....K.......|
00003990  cd ae 02 cd ae 02 cd ae  02 cd ae 02 c3 f3 01 16  |................|
000039a0  16 1e 18 21 d8 06 cd 2c  04 cd 93 03 cd 4b 0f cd  |...!...,.....K..|
000039b0  93 03 cd ae 02 cd ae 02  cd ae 02 cd ae 02 cd ae  |................|
000039c0  02 c3 f3 01 cd 4a 04 16  16 1e 17 21 46 06 cd 2c  |.....J.....!F..,|
000039d0  04 cd 93 03 16 17 1e 18  21 68 06 cd 2c 04 cd ae  |........!h..,...|
000039e0  02 cd ae 02 cd ae 02 cd  ae 02 cd ae 02 cd 93 03  |................|
000039f0  cd 93 03 cd ae 02 cd ae  02 cd ae 02 cd ae 02 cd  |................|
00003a00  ae 02 c3 f3 01 06 08 cd  c7 04 10 fb c9 21 07 80  |.............!..|
00003a10  3e 00 77 23 3e 20 06 09  77 23 10 fc c9 11 07 80  |>.w#> ..w#......|
00003a20  21 0c 01 3e 06 12 13 01  06 00 ed b0 3e 00 12 c9  |!..>........>...|
00003a30  21 00 70 11 83 0f 01 08  00 ed b0 c9 11 04 30 3e  |!.p...........0>|
00003a40  20 06 08 12 13 10 fc 3e  00 12 c9 0e 1b cd 12 e4  | ......>........|
00003a50  0e 45 cd 12 e4 c9 0e 1b  cd 12 e4 0e 53 cd 12 e4  |.E..........S...|
00003a60  0e 31 cd 12 e4 c9 c5 0e  1b cd 12 e4 0e 12 cd 12  |.1..............|
00003a70  e4 c1 03 01 04 01 00 ac  01 01 00 c9 c5 0e 1b cd  |................|
00003a80  12 e4 0e 13 cd 12 e4 c1  c9 7e fe 00 c8 4f cd 12  |.........~...O..|
00003a90  e4 23 18 f5 0e 1b cd 12  e4 0e 16 cd 12 e4 4a cd  |.#............J.|
00003aa0  12 e4 4b cd 12 e4 c9 cd  19 04 cd 0e 04 14 23 7e  |..K...........#~|
00003ab0  fe 00 c2 2c 04 c9 cd 0e  04 cd aa 04 14 23 7e fe  |...,.........#~.|
00003ac0  00 c2 3b 04 c9 21 51 04  cd 0e 04 c9 1b 55 37 30  |..;..!Q......U70|
00003ad0  00 21 5d 04 cd 0e 04 c9  1b 55 32 30 00 21 69 04  |.!]......U20.!i.|
00003ae0  cd 0e 04 c9 1b 55 34 30  00 0e 1b cd 12 e4 0e 0c  |.....U40........|
00003af0  cd 12 e4 0e 86 cd 12 e4  c9 0e 1b cd 12 e4 0e 0c  |................|
00003b00  cd 12 e4 0e 87 cd 12 e4  c9 c5 1e 00 cd 19 04 cd  |................|
00003b10  9f 04 14 cd 19 04 10 f7  c1 c9 0e 1b cd 12 e4 0e  |................|
00003b20  4b cd 12 e4 c9 0e 0d cd  12 e4 0e 0a cd 12 e4 c9  |K...............|
00003b30  11 00 20 e5 d5 1b 7b b2  20 fb d1 e1 2b 7d b4 20  |.. ...{. ...+}. |
00003b40  f2 c9 d5 e5 cd 57 e4 21  02 00 cd b5 04 cd 54 e4  |.....W.!......T.|
00003b50  e1 d1 c9 53 45 4c 45 43  54 20 44 52 49 56 45 3a  |...SELECT DRIVE:|
00003b60  20 20 20 20 20 20 20 20  43 48 4f 4f 53 45 20 28  |        CHOOSE (|
00003b70  41 2f 42 2f 3f 29 00 20  20 20 20 03 01 05 01 00  |A/B/?).    .....|
00003b80  69 c3 00 02 01 08 20 20  00 0e 41 20 66 6f 72 20  |i.....  ..A for |
00003b90  44 52 49 56 45 20 41 00  01 0a 20 20 00 0e 42 20  |DRIVE A...  ..B |
00003ba0  66 6f 72 20 44 52 49 56  45 20 42 00 01 0a 20 20  |for DRIVE B...  |
00003bb0  00 13 3f 20 66 6f 72 20  48 45 4c 50 20 53 43 52  |..? for HELP SCR|
00003bc0  45 45 4e 00 00 01 0a 20  20 00 57 20 00 00 50 52  |EEN....  .W ..PR|
00003bd0  45 53 45 4e 54 20 41 55  54 4f 20 46 49 4c 45 20  |ESENT AUTO FILE |
00003be0  3a 20 00 00 43 48 41 4e  47 45 3f 20 28 59 20 2f  |: ..CHANGE? (Y /|
00003bf0  20 4e 29 20 3a 20 00 00  45 4e 54 45 52 20 4e 45  | N) : ..ENTER NE|
00003c00  57 20 41 55 54 4f 20 46  49 4c 45 20 3a 20 00 00  |W AUTO FILE : ..|
00003c10  50 72 65 73 73 20 45 53  43 20 74 6f 20 41 42 4f  |Press ESC to ABO|
00003c20  52 54 01 08 20 20 00 1e  00 00 50 52 4f 47 52 41  |RT..  ....PROGRA|
00003c30  4d 20 41 42 4f 52 54 45  44 20 57 49 54 48 20 4e  |M ABORTED WITH N|
00003c40  4f 20 43 48 41 4e 03 01  06 01 00 f4 01 01 00 47  |O CHAN.........G|
00003c50  45 53 00 00 55 50 44 41  54 49 4e 47 20 57 49 54  |ES..UPDATING WIT|
00003c60  48 20 4e 45 57 20 41 55  54 4f 20 46 49 4c 45 20  |H NEW AUTO FILE |
00003c70  20 20 20 00 00 4e 4f 20  4f 50 45 52 41 54 49 4e  |   ..NO OPERATIN|
00003c80  47 20 53 59 53 54 45 4d  20 4f 4e 20 44 49 53 4b  |G SYSTEM ON DISK|
00003c90  20 21 21 00 00 20 20 20  20 20 20 20 41 55 54 4f  | !!..       AUTO|
00003ca0  32 2e 43 4f 4d 20 4e 4f  54 20 46 4f 55 4e 44 20  |2.COM NOT FOUND |
00003cb0  20 20 20 20 20 00 00 46  49 4c 45 20 41 55 54 4f  |     ..FILE AUTO|
00003cc0  32 2e 43 4f 4d 20 4d 55  53 54 20 42 45 20 4f 4e  |2.COM MUST BE ON|
00003cd0  20 54 48 49 53 20 44 49  53 4b 00 00 44 45 53 54  | THIS DISK..DEST|
00003ce0  49 4e 41 54 49 4f 4e 20  44 49 53 4b 20 44 49 52  |INATION DISK DIR|
00003cf0  45 43 54 4f 52 59 20 49  53 20 46 55 4c 4c 20 21  |ECTORY IS FULL !|
00003d00  21 00 00 44 45 4c 45 54  49 4e 47 20 41 55 54 4f  |!..DELETING AUTO|
00003d10  20 42 4f 4f 54 20 46 49  4c 45 20 46 52 4f 4d 20  | BOOT FILE FROM |
00003d20  44 49 53 4b 20 00 00 20  20 20 44 45 53 54 49 4e  |DISK ..   DESTIN|
00003d30  41 54 49 4f 4e 20 44 49  53 4b 20 49 53 20 46 55  |ATION DISK IS FU|
00003d40  4c 4c 20 21 21 21 21 20  20 20 20 20 00 00 20 03  |LL !!!!     .. .|
00003d50  01 07 01 00 2a fb 00 02  00 24 20 49 4e 53 45 52  |....*....$ INSER|
00003d60  54 20 44 45 53 54 49 4e  41 54 49 4f 4e 20 44 49  |T DESTINATION DI|
00003d70  53 4b 20 49 4e 20 44 52  49 56 45 20 41 00 01 05  |SK IN DRIVE A...|
00003d80  20 20 00 10 20 54 48 45  4e 20 45 4e 54 45 52 20  |  .. THEN ENTER |
00003d90  3c 43 52 3e 01 05 20 20  00 b8 00 00 cd d9 03 cd  |<CR>..  ........|
00003da0  e4 03 cd fe 07 cd 62 04  cd e3 07 16 01 1e 0d 21  |......b........!|
00003db0  0f 08 cd 2c 04 16 01 1e  0e cd cb 07 16 03 1e 0e  |...,............|
00003dc0  cd cb 07 16 05 1e 0e cd  cb 07 16 01 1e 43 21 1a  |.............C!.|
00003dd0  08 cd 2c 04 cd 4a 04 16  02 1e 14 cd 19 04 21 3b  |..,..J........!;|
00003de0  08 cd 0e 04 16 04 1e 14  cd 19 04 21 68 08 cd 0e  |...........!h...|
00003df0  04 cd 6e 04 cd 56 04 16  14 1e 00 21 25 08 cd 2c  |..n..V.....!%..,|
00003e00  04 16 14 1e 01 cd d3 07  16 18 1e 01 cd d3 07 16  |................|
00003e10  14 1e 4f 21 30 08 cd 2c  04 cd 7e 04 c9 cd 19 04  |..O!0..,..~.....|
00003e20  06 35 c3 db 07 cd 19 04  06 4e c3 db 07 0e e4 cd  |.5.......N......|
00003e30  12 e4 10 f9 c9 16 01 1e  00 cd 19 04 21 90 08 cd  |............!...|
00003e40  0e 04 16 01 1e 44 cd 19  04 21 9e 08 cd 0e 04 c9  |.....D...!......|
00003e50  cd 56 03 01 08 01 00 72  ff 00 02 00 3b 04 16 02  |.V.....r....;...|
00003e60  1e 00 cd 19 04 21 aa 08  cd 2c 04 c9 e0 00 e5 00  |.....!...,......|
00003e70  e8 00 e5 00 e2 00 00 e1  00 e5 00 e9 00 e5 00 e3  |................|
00003e80  00 00 e0 00 e5 00 e5 00  e5 00 e2 00 00 e1 00 e5  |................|
00003e90  00 e5 00 e5 00 e3 00 00  01 04 20 20 00 16 41 55  |..........  ..AU|
00003ea0  54 4f 20 42 4f 4f 54 20  44 49 53 4b 20 55 54 49  |TO BOOT DISK UTI|
00003eb0  4c 49 54 59 01 04 20 20  00 9f 20 56 20 31 2e 32  |LITY..  .. V 1.2|
00003ec0  00 20 20 57 52 49 54 54  45 4e 20 41 4e 44 20 50  |.  WRITTEN AND P|
00003ed0  52 4f 47 52 41 4d 4d 45  44 20 42 59 20 4a 2e 57  |ROGRAMMED BY J.W|
00003ee0  2e 20 4d 4f 53 4b 57 41  00 20 20 52 20 4f 20 59  |. MOSKWA.  R O Y|
00003ef0  20 41 20 4c 20 20 00 61  6c 70 68 61 74 72 6f 6e  | A L  .alphatron|
00003f00  69 63 00 df 20 20 20 4f  4f 4f 4f 4f 20 4f 4f df  |ic..   OOOOO OO.|
00003f10  0d 0a df 20 20 20 20 47  27 20 5f 3e 23 40 00 df  |...    G' _>#@..|
00003f20  0d 0a df 20 20 5f 3e 21  20 47 2f 2c 2c 40 00 df  |...  _>! G/,,@..|
00003f30  0d 0a df 20 20 23 20 20  22 21 20 20 20 23 00 df  |...  #  "!   #..|
00003f40  1b 59 21 66 df 5f 4f 4f  30 20 5f 4f 4f df 1b 59  |.Y!f._OO0 _OO..Y|
00003f50  22 66 df 55 35 20 40 20  40 03 01 09 01 00 a4 89  |"f.U5 @ @.......|
00003f60  00 02 00 4c 20 2a 25 df  1b 59 23 66 df 55 37 23  |...L *%..Y#f.U7#|
00003f70  21 20 40 20 57 34 df 1b  59 24 66 df 22 21 20 20  |! @ W4..Y$f."!  |
00003f80  20 22 23 23 df 00 00 cd  d9 03 cd f4 03 16 01 1e  | "##............|
00003f90  00 21 48 09 cd 2c 04 cd  0f e4 cd d9 03 cd e4 03  |.!H..,..........|
00003fa0  cd 01 04 cd 4a 04 cd 4a  07 c3 11 02 1b 55 32 30  |....J..J.....U20|
00003fb0  01 0e 20 20 00 17 41 55  54 4f 20 42 4f 4f 54 20  |..  ..AUTO BOOT |
00003fc0  44 49 53 4b 20 55 54 49  4c 49 54 59 00 01 11 20  |DISK UTILITY... |
00003fd0  20 00 10 48 45 4c 50 20  53 43 52 45 45 4e 00 1b  | ..HELP SCREEN..|
00003fe0  55 34 30 01 27 3d 3d 00  01 00 03 01 0a 01 00 76  |U40.'==........v|
00003ff0  01 01 00 1b 55 37 30 54  48 49 53 20 50 52 4f 47  |....U70THIS PROG|
00004000  52 41 4d 20 41 4c 4c 4f  57 53 20 54 48 45 20 55  |RAM ALLOWS THE U|
00004010  53 45 52 20 54 4f 20 49  4e 43 4c 55 44 45 20 4f  |SER TO INCLUDE O|
00004020  52 20 52 45 4d 4f 56 45  20 54 48 45 20 41 55 54  |R REMOVE THE AUT|
00004030  4f 20 42 4f 4f 54 20 55  54 49 4c 49 54 59 00 4f  |O BOOT UTILITY.O|
00004040  4e 20 41 20 44 49 53 4b  2e 00 20 00 54 48 49 53  |N A DISK.. .THIS|
00004050  20 50 52 4f 47 52 41 4d  20 41 4c 4c 4f 57 53 20  | PROGRAM ALLOWS |
00004060  54 48 45 20 55 53 45 20  4f 46 20 44 52 49 56 45  |THE USE OF DRIVE|
00004070  53 20 41 20 41 4e 44 20  42 20 50 4c 55 53 20 45  |S A AND B PLUS E|
00004080  52 52 4f 52 20 44 45 54  45 43 54 49 4f 4e 20 46  |RROR DETECTION F|
00004090  4f 52 20 44 52 49 56 45  20 00 4e 4f 54 20 52 45  |OR DRIVE .NOT RE|
000040a0  41 44 59 20 41 4e 44 20  44 49 53 4b 20 57 52 49  |ADY AND DISK WRI|
000040b0  54 45 20 50 52 4f 54 45  43 54 49 4f 4e 2e 00 20  |TE PROTECTION.. |
000040c0  00 54 48 45 20 55 53 45  52 20 48 41 53 20 54 48  |.THE USER HAS TH|
000040d0  45 20 4f 50 54 49 4f 4e  20 54 4f 20 43 48 41 4e  |E OPTION TO CHAN|
000040e0  47 45 20 4f 52 20 44 45  4c 45 54 45 20 54 48 45  |GE OR DELETE THE|
000040f0  20 41 55 03 01 0b 01 00  c3 01 01 00 54 4f 20 42  | AU.........TO B|
00004100  4f 4f 54 20 4e 41 4d 45  2e 00 20 00 54 4f 20 43  |OOT NAME.. .TO C|
00004110  48 41 4e 47 45 20 54 48  45 20 41 55 54 4f 20 42  |HANGE THE AUTO B|
00004120  4f 4f 54 20 4e 41 4d 45  00 54 59 50 45 20 22 59  |OOT NAME.TYPE "Y|
00004130  22 20 41 54 20 54 48 45  20 22 43 48 41 4e 47 45  |" AT THE "CHANGE|
00004140  20 28 59 2f 4e 29 22 20  50 52 4f 4d 50 54 20 00  | (Y/N)" PROMPT .|
00004150  54 48 45 4e 20 45 4e 54  45 52 20 41 20 4e 45 57  |THEN ENTER A NEW|
00004160  20 4e 41 4d 45 20 41 54  20 54 48 45 20 22 45 4e  | NAME AT THE "EN|
00004170  54 45 52 20 4e 45 57 20  41 55 54 4f 20 4e 41 4d  |TER NEW AUTO NAM|
00004180  45 22 20 50 52 4f 4d 50  54 2e 00 20 00 54 4f 20  |E" PROMPT.. .TO |
00004190  44 45 4c 45 54 45 20 41  4e 20 41 55 54 4f 20 42  |DELETE AN AUTO B|
000041a0  4f 4f 54 00 45 4e 54 45  52 20 41 20 3c 43 52 3e  |OOT.ENTER A <CR>|
000041b0  20 41 54 20 54 48 45 20  22 45 4e 54 45 52 20 4e  | AT THE "ENTER N|
000041c0  45 57 20 41 55 54 4f 20  46 49 4c 45 22 20 50 52  |EW AUTO FILE" PR|
000041d0  4f 4d 50 54 2e 00 20 00  54 48 45 20 41 55 54 4f  |OMPT.. .THE AUTO|
000041e0  20 42 4f 4f 54 20 46 49  4c 45 20 4e 41 4d 45 20  | BOOT FILE NAME |
000041f0  43 4f 4e 53 49 53 54 53  20 4f 46 20 03 01 0c 01  |CONSISTS OF ....|
00004200  00 e4 f1 00 02 00 74 45  49 47 48 54 20 28 38 29  |......tEIGHT (8)|
00004210  20 4c 45 54 54 45 52 53  20 41 4e 44 20 44 4f 45  | LETTERS AND DOE|
00004220  53 20 4e 4f 54 00 49 4e  43 4c 55 44 45 20 54 48  |S NOT.INCLUDE TH|
00004230  45 20 46 49 4c 45 20 45  58 54 45 4e 53 49 4f 4e  |E FILE EXTENSION|
00004240  20 2e 43 4f 4d 2e 00 20  00 41 55 54 4f 20 42 4f  | .COM.. .AUTO BO|
00004250  4f 54 49 4e 47 20 57 49  4c 4c 20 57 4f 52 4b 20  |OTING WILL WORK |
00004260  4f 4e 4c 59 20 4f 46 46  20 4f 46 20 44 52 49 56  |ONLY OFF OF DRIV|
00004270  45 20 41 2e 00 20 00 1b  55 32 30 01 0c 20 20 00  |E A.. ..U20..  .|
00004280  74 20 50 52 45 53 53 20  41 4e 59 20 4b 45 59 20  |t PRESS ANY KEY |
00004290  54 4f 20 43 4f 4e 54 49  4e 55 45 00 00 16 09 1e  |TO CONTINUE.....|
000042a0  1e cd 19 04 21 7e 05 cd  0e 04 21 04 30 cd 0e 04  |....!~....!.0...|
000042b0  16 0b 1e 1e 21 94 05 cd  2c 04 cd 0f e4 e6 5f fe  |....!...,....._.|
000042c0  59 ca da 0c fe 4e ca b9  0d cd c7 04 c3 bb 0c 4f  |Y....N.........O|
000042d0  cd 12 e4 16 16 1e 1e 21  c0 05 cd 2c 04 cd 4a 04  |.......!...,..J.|
000042e0  16 0d 1e 1e 21 a8 05 cd  2c 04 3e 35 32 1a 01 16  |....!...,.>52...|
000042f0  0d 5f cd 19 04 03 01 0d  01 00 dd 01 01 00 11 00  |._..............|
00004300  70 0e 00 cd 0f e4 fe 1b  ca d2 0d fe 0d ca f9 0d  |p...............|
00004310  fe ee ca 7e 0d fe 08 ca  7e 0d 32 19 01 cd 56 0d  |...~....~.2...V.|
00004320  fe 00 ca 3a 0d cd 66 0d  fe 00 ca 32 0d c3 b3 0d  |...:..f....2....|
00004330  3a 19 01 e6 5f 32 19 01  79 fe 08 ca 79 0d 3a 1a  |:..._2..y...y.:.|
00004340  01 3c 32 1a 01 3a 19 01  c5 4f cd 12 e4 c1 0c 12  |.<2..:...O......|
00004350  13 c3 05 0d 3a 19 01 e6  7f fe 30 38 17 fe 3a 30  |....:.....08..:0|
00004360  13 3e 00 c9 3a 19 01 e6  7f fe 41 38 07 fe 7f 30  |.>..:.....A8...0|
00004370  03 3e 00 c9 3e 01 c9 cd  c7 04 18 87 79 fe 00 ca  |.>..>.......y...|
00004380  b3 0d 1b 0d c5 d5 cd 90  0d d1 c1 c3 05 0d 3e 20  |..............> |
00004390  12 cd f4 03 3a 1a 01 3d  32 1a 01 16 0d 5f cd 19  |....:..=2...._..|
000043a0  04 cd ad 0d cd 19 04 cd  01 04 c9 0e 20 cd 12 e4  |............ ...|
000043b0  c9 cd c7 04 c3 05 0d 4f  cd 12 e4 cd f4 03 16 16  |.......O........|
000043c0  1e 18 21 e4 05 cd 2c 04  3e 00 32 1b 01 c3 2f 0e  |..!...,.>.2.../.|
000043d0  cd f4 03 16 0d 1e 19 21  67 05 cd 2c 04 16 0d 1e  |.......!g..,....|
000043e0  28 21 67 05 cd 2c 04 16  16 1e 1e 21 67 05 cd 2c  |(!g..,.....!g..,|
000043f0  04 cd 01 04 c3 a8 0c 79  fe 00 c2 02 0e c3 03 01  |.......y........|
00004400  0e 01 00 67 e1 00 02 00  40 0a 0e 3e 01 32 1b 01  |...g....@..>.2..|
00004410  c3 12 0e 3e 02 32 1b 01  c3 2f 0e 21 00 70 11 83  |...>.2.../.!.p..|
00004420  0f 06 00 ed b0 16 15 1e  1e cd 19 04 21 30 0e cd  |............!0..|
00004430  0e 04 21 83 0f cd 0e 04  c9 4e 45 57 20 41 55 54  |..!......NEW AUT|
00004440  4f 20 46 49 4c 45 20 3d  20 01 13 00 00 00 01 eb  |O FILE = .......|
00004450  01 04 00 00 00 91 cd 70  0f cd 36 0f cd 1b 0f cd  |.......p..6.....|
00004460  42 0f fe ff c4 4b 0f cd  0d 0f 2a 6a 0e 22 6c 0e  |B....K....*j."l.|
00004470  3a 6e 0e fe 00 ca a7 0e  4f 0d 79 32 6e 0e cd f5  |:n......O.y2n...|
00004480  0e 2a 6c 0e 11 80 00 19  22 6c 0e c3 89 0e cd 5d  |.*l....."l.....]|
00004490  0f c9 cd 36 0f cd 1b 0f  cd 66 0f cd 42 0f b7 fe  |...6.....f..B...|
000044a0  ff ca c7 0e 2a 6a 0e 22  6c 0e cd d0 0e c9 3a 65  |....*j."l.....:e|
000044b0  0e 3e 01 32 65 0e c9 2a  6c 0e eb 0e 1a cd 05 00  |.>.2e..*l.......|
000044c0  11 41 0e 0e 14 cd 05 00  b7 fe 00 c2 f4 0e 2a 6c  |.A............*l|
000044d0  0e 11 80 00 19 22 6c 0e  c3 d0 0e c9 2a 6c 0e eb  |....."l.....*l..|
000044e0  0e 1a cd 05 00 0e 15 03  01 0f 01 00 9e 89 00 02  |................|
000044f0  00 7f 11 41 0e cd 05 00  b7 fe 00 c8 c3 2d 03 0e  |...A.........-..|
00004500  16 11 41 0e cd 05 00 fe  ff ca 08 03 c9 3a 02 01  |..A..........:..|
00004510  c6 01 2a 66 0e 11 41 0e  12 13 01 08 00 ed b0 2a  |..*f..A........*|
00004520  68 0e 01 03 00 ed b0 c9  21 41 0e 06 24 3e 00 77  |h.......!A..$>.w|
00004530  23 10 fc c9 0e 0f 11 41  0e cd 05 00 c9 0e 13 11  |#......A........|
00004540  41 0e cd 05 00 c9 0e 1a  11 00 30 cd 05 00 c9 0e  |A.........0.....|
00004550  10 11 41 0e cd 05 00 c9  3a 02 01 5f 0e 0e cd 05  |..A.....:.._....|
00004560  00 c9 0e 0d cd 05 00 c9  0e 11 11 41 0e cd 05 00  |...........A....|
00004570  c9 01 40 00 00 00 01 00  03 01 10 01 00 00 05 00  |..@.............|
00004580  01 80 00 00 00 10 04 00  64 04 00 01 01 00 00 05  |........d.......|
00004590  00 01 80 00 00 00 04 00  02 01 00 00 05 00 01 80  |................|
000045a0  00 00 00 04 00 03 01 00  00 05 00 01 80 00 00 00  |................|
000045b0  04 00 04 01 00 00 05 00  01 80 00 00 00 04 00 05  |................|
000045c0  01 00 00 05 00 01 80 00  00 00 04 00 06 01 00 00  |................|
000045d0  05 00 01 80 00 00 00 04  00 07 01 00 00 05 00 01  |................|
000045e0  80 00 00 00 04 00 08 01  00 00 05 00 01 80 00 00  |................|
000045f0  00 04 00 09 01 00 00 05  00 01 80 00 00 00 04 00  |................|
00004600  0a 01 00 00 05 00 01 80  00 00 00 04 00 0b 01 00  |................|
00004610  00 05 00 01 80 00 00 00  04 00 0c 01 00 00 05 00  |................|
00004620  01 80 00 00 00 04 00 0d  01 00 00 05 00 01 80 00  |................|
00004630  00 00 04 00 0e 01 00 00  05 00 01 80 00 00 00 04  |................|
00004640  00 0f 01 00 00 05 00 01  80 00 00 00 04 00 10 01  |................|
00004650  00 00 05 00 01 80 00 00  00 10 04 01 f3 04 01 01  |................|
00004660  01 00 a8 fd 00 02 00 04  c3 0e 01 08 01 04 20 20  |..............  |
00004670  00 c5 20 00 31 16 02 2a  06 00 11 fa f7 19 22 04  |.. .1..*......".|
00004680  02 21 04 01 11 d2 01 01  08 00 ed b0 21 ab 01 cd  |.!..........!...|
00004690  91 01 0e 01 cd 05 00 fe  31 ca 50 01 fe 32 ca 8b  |........1.P..2..|
000046a0  01 cd a4 01 1e 08 cd 9f  01 1e 20 cd 9f 01 1e 08  |.......... .....|
000046b0  cd 9f 01 c3 2c 01 11 03  01 01 0a 00 2a 04 02 2e  |....,.......*...|
000046c0  07 1a 77 23 13 0b 78 b1  c2 5b 01 2a 04 02 2e 07  |..w#..x..[.*....|
000046d0  7e fe 20 ca 79 01 fe 00  ca 7c 01 23 c3 6a 01 3e  |~. .y....|.#.j.>|
000046e0  00 77 2a 04 02 2e 88 3e  08 77 23 7c 77 2a 04 02  |.w*....>.w#|w*..|
000046f0  e9 11 02 02 c3 53 01 7e  fe 00 c8 5f e5 cd 9f 01  |.....S.~..._....|
00004700  e1 23 c3 91 01 0e 02 c3  05 00 1e 07 0e 02 c3 05  |.#..............|
00004710  00 20 53 45 4c 45 43 54  20 4f 50 54 49 4f 4e 3a  |. SELECT OPTION:|
00004720  0d 0a 20 20 20 20 31 2e  20 41 55 54 4f 20 42 4f  |..    1. AUTO BO|
00004730  4f 54 20 46 49 4c 45 01  05 20 20 00 25 20 0d 0a  |OT FILE..  .% ..|
00004740  20 20 20 20 32 2e 20 52  45 54 55 52 4e 20 54 4f  |    2. RETURN TO|
00004750  20 43 50 2f 4d 20 0d 0a  20 43 48 4f 4f 53 45 20  | CP/M .. CHOOSE |
00004760  2d 20 04 01 02 01 00 50  d7 00 02 00 05 00 00 00  |- .....P........|
00004770  00 38 01 08 00 00 00 3c  00 e5 cd 9f 01 e1 23 c3  |.8.....<......#.|
00004780  91 01 0e 02 c3 05 00 1e  07 0e 02 c3 05 00 20 53  |.............. S|
00004790  45 4c 45 43 54 20 4f 50  54 49 4f 4e 3a 0d 0a 20  |ELECT OPTION:.. |
000047a0  20 20 20 31 2e 20 41 55  54 4f 20 42 4f 4f 54 20  |   1. AUTO BOOT |
000047b0  46 49 4c 45 01 05 20 20  00 39 20 0d 0a 20 20 20  |FILE..  .9 ..   |
000047c0  20 32 2e 20 52 45 54 55  52 4e 20 54 4f 20 43 50  | 2. RETURN TO CP|
000047d0  2f 4d 20 0d 0a 20 43 48  4f 4f 53 45 20 2d 20 00  |/M .. CHOOSE - .|
000047e0  41 55 54 4f 20 20 20 20  4d 41 43 00 00 00 3d 44  |AUTO    MAC...=D|
000047f0  73 74 75 01 06 00 00 00  12 00 42 20 20 20 20 20  |stu.......B     |
00004800  20 20 42 41 4b 00 00 00  1f 45 46 01 07 00 00 00  |  BAK....EF.....|
00004810  12 00 42 20 20 20 20 20  20 20 4d 41 43 00 00 00  |..B       MAC...|
00004820  1f 47 48 01 07 00 00 00  11 00 42 45 45 50 20 20  |.GH.......BEEP  |
00004830  20 20 43 4f 4d 00 00 00  02 49 01 07 00 00 00 01  |  COM....I......|
00004840  00 04 01 03 01 00 26 cb  00 02 00 12 00 46 52 41  |......&......FRA|
00004850  4d 45 20 20 20 4d 41 43  00 00 00 1a 4a 4b 01 07  |ME   MAC....JK..|
00004860  00 00 00 11 00 48 45 4c  50 20 20 20 20 42 41 4b  |.....HELP    BAK|
00004870  00 00 00 0d 4c 01 08 00  00 00 10 48 45 4c 50 20  |....L......HELP |
00004880  20 20 20 4d 41 43 00 00  00 0d 4d 01 08 00 00 00  |   MAC....M.....|
00004890  15 4c 38 30 20 20 20 20  20 43 4f 4d 00 00 00 54  |.L80     COM...T|
000048a0  4e 4f 50 51 52 53 01 05  00 00 00 31 00 4d 38 30  |NOPQRS.....1.M80|
000048b0  20 20 20 20 20 43 4f 4d  01 00 00 16 54 55 56 57  |     COM....TUVW|
000048c0  58 59 5a 5b 5c 5d 00 00  00 00 00 00 00 4d 53 47  |XYZ[\].......MSG|
000048d0  53 20 20 20 20 42 41 4b  00 00 00 07 5e 01 08 00  |S    BAK....^...|
000048e0  00 00 10 4d 53 47 53 20  20 20 20 4d 41 43 00 00  |...MSGS    MAC..|
000048f0  00 08 5f 01 08 00 00 00  14 53 55 42 31 20 20 20  |.._......SUB1   |
00004900  20 4d 41 43 00 00 00 41  60 61 62 63 64 01 05 00  | MAC...A`abcd...|
00004910  00 00 01 00 04 01 04 01  00 00 99 00 02 00 12 00  |................|
00004920  53 55 42 53 20 20 20 20  42 41 4b 00 00 00 1c 65  |SUBS    BAK....e|
00004930  66 01 07 00 00 00 12 00  53 55 42 53 20 20 20 20  |f.......SUBS    |
00004940  4d 41 43 00 00 00 1e 67  68 01 07 00 00 00 15 00  |MAC....gh.......|
00004950  5a 53 49 44 20 20 20 20  43 4f 4d 00 00 00 50 69  |ZSID    COM...Pi|
00004960  6a 6b 6c 6d 01 06 00 00  00 12 41 20 20 20 20 20  |jklm......A     |
00004970  20 20 4d 41 43 00 00 00  22 6e 6f 70 01 07 00 00  |  MAC..."nop....|
00004980  00 10 41 55 54 4f 32 20  20 20 42 41 4b 00 00 00  |..AUTO2   BAK...|
00004990  0d 72 01 07 00 00 00 12  00 e5 41 55 54 4f 32 20  |.r........AUTO2 |
000049a0  20 20 42 41 4b 00 00 00  0d 73 01 07 00 00 00 01  |  BAK....s......|
000049b0  00 01 20 e5 e5 04 01 05  01 00 76 05 00 01 80 00  |.. .......v.....|
000049c0  e5 e5 04 01 06 01 00 76  05 00 01 80 00 e5 e5 04  |.......v........|
000049d0  01 07 01 00 76 05 00 01  80 00 e5 e5 04 01 08 01  |....v...........|
000049e0  00 76 05 00 01 80 00 e5  e5 04 01 09 01 00 75 01  |.v............u.|
000049f0  01 00 3b 09 4d 44 53 2d  38 30 30 20 49 2f 4f 20  |..;.MDS-800 I/O |
00004a00  44 72 69 76 65 72 73 20  66 6f 72 20 43 50 2f 4d  |Drivers for CP/M|
00004a10  20 32 2e 32 0d 0a 3b 09  28 66 6f 75 72 20 64 72  | 2.2..;.(four dr|
00004a20  69 76 65 20 73 69 6e 67  6c 65 20 64 65 6e 73 69  |ive single densi|
00004a30  74 79 20 76 65 72 73 69  6f 6e 29 0d 0a 3b 0d 0a  |ty version)..;..|
00004a40  3b 09 56 65 72 73 69 6f  6e 20 32 2e 32 20 46 65  |;.Version 2.2 Fe|
00004a50  62 72 75 61 72 79 2c 20  31 39 38 30 0d 0a 3b 0d  |bruary, 1980..;.|
00004a60  0a 76 65 72 73 09 65 71  75 09 32 32 09 3b 76 65  |.vers.equ.22.;ve|
00004a70  72 73 69 6f 6e 20 32 2e  32 0d 0a 3b 0d 0a 3b 09  |rsion 2.2..;..;.|
00004a80  43 6f 70 79 72 69 67 68  74 20 28 63 29 20 31 39  |Copyright (c) 19|
00004a90  38 30 0d 0a 3b 09 44 69  67 69 74 61 6c 20 52 65  |80..;.Digital Re|
00004aa0  73 65 61 72 63 68 0d 0a  3b 09 42 6f 78 20 35 37  |search..;.Box 57|
00004ab0  39 2c 20 50 61 63 69 66  69 63 20 47 72 6f 76 65  |9, Pacific Grove|
00004ac0  0d 0a 3b 09 43 61 6c 69  66 6f 72 6e 69 61 2c 20  |..;.California, |
00004ad0  39 33 39 35 30 0d 0a 3b  0d 0a 3b 0d 0a 74 72 75  |93950..;..;..tru|
00004ae0  65 09 65 71 75 09 30 66  66 66 66 68 09 3b 76 61  |e.equ.0ffffh.;va|
00004af0  6c 75 04 01 0a 01 00 a0  01 01 00 65 20 6f 66 20  |lu.........e of |
00004b00  22 74 72 75 65 22 0d 0a  66 61 6c 73 65 09 65 71  |"true"..false.eq|
00004b10  75 09 6e 6f 74 20 74 72  75 65 09 3b 22 66 61 6c  |u.not true.;"fal|
00004b20  73 65 22 0d 0a 74 65 73  74 09 65 71 75 09 66 61  |se"..test.equ.fa|
00004b30  6c 73 65 09 3b 74 72 75  65 20 69 66 20 74 65 73  |lse.;true if tes|
00004b40  74 20 62 69 6f 73 0d 0a  3b 0d 0a 09 69 66 09 74  |t bios..;...if.t|
00004b50  65 73 74 0d 0a 62 69 61  73 09 65 71 75 09 30 33  |est..bias.equ.03|
00004b60  34 30 30 68 09 3b 62 61  73 65 20 6f 66 20 43 43  |400h.;base of CC|
00004b70  50 20 69 6e 20 74 65 73  74 20 73 79 73 74 65 6d  |P in test system|
00004b80  0d 0a 09 65 6e 64 69 66  0d 0a 09 69 66 09 6e 6f  |...endif...if.no|
00004b90  74 20 74 65 73 74 0d 0a  62 69 61 73 09 65 71 75  |t test..bias.equ|
00004ba0  09 30 30 30 30 68 09 3b  67 65 6e 65 72 61 74 65  |.0000h.;generate|
00004bb0  20 72 65 6c 6f 63 61 74  61 62 6c 65 20 63 70 2f  | relocatable cp/|
00004bc0  6d 20 73 79 73 74 65 6d  0d 0a 09 65 6e 64 69 66  |m system...endif|
00004bd0  0d 0a 3b 0d 0a 70 61 74  63 68 09 65 71 75 09 31  |..;..patch.equ.1|
00004be0  36 30 30 68 0d 0a 3b 0d  0a 09 6f 72 67 09 70 61  |600h..;...org.pa|
00004bf0  74 63 68 0d 0a 63 70 6d  62 09 65 04 01 0b 01 00  |tch..cpmb.e.....|
00004c00  8d 01 01 00 71 75 09 24  2d 70 61 74 63 68 09 3b  |....qu.$-patch.;|
00004c10  62 61 73 65 20 6f 66 20  63 70 6d 20 63 6f 6e 73  |base of cpm cons|
00004c20  6f 6c 65 20 70 72 6f 63  65 73 73 6f 72 0d 0a 62  |ole processor..b|
00004c30  64 6f 73 09 65 71 75 09  38 30 36 68 2b 63 70 6d  |dos.equ.806h+cpm|
00004c40  62 09 3b 62 61 73 69 63  20 64 6f 73 20 28 72 65  |b.;basic dos (re|
00004c50  73 69 64 65 6e 74 20 70  6f 72 74 69 6f 6e 29 0d  |sident portion).|
00004c60  0a 63 70 6d 6c 09 65 71  75 09 24 2d 63 70 6d 62  |.cpml.equ.$-cpmb|
00004c70  09 3b 6c 65 6e 67 74 68  20 28 69 6e 20 62 79 74  |.;length (in byt|
00004c80  65 73 29 20 6f 66 20 63  70 6d 20 73 79 73 74 65  |es) of cpm syste|
00004c90  6d 0d 0a 6e 73 65 63 74  73 09 65 71 75 09 63 70  |m..nsects.equ.cp|
00004ca0  6d 6c 2f 31 32 38 09 3b  6e 75 6d 62 65 72 20 6f  |ml/128.;number o|
00004cb0  66 20 73 65 63 74 6f 72  73 20 74 6f 20 6c 6f 61  |f sectors to loa|
00004cc0  64 0d 0a 6f 66 66 73 65  74 09 65 71 75 09 32 09  |d..offset.equ.2.|
00004cd0  3b 6e 75 6d 62 65 72 20  6f 66 20 64 69 73 6b 20  |;number of disk |
00004ce0  74 72 61 63 6b 73 20 75  73 65 64 20 62 79 20 63  |tracks used by c|
00004cf0  70 2f 6d 0d 0a 63 64 69  73 6b 09 65 71 75 09 30  |p/m..cdisk.equ.0|
00004d00  30 30 34 68 04 01 0c 01  00 bf 01 01 00 09 3b 61  |004h..........;a|
00004d10  64 64 72 65 73 73 20 6f  66 20 6c 61 73 74 20 6c  |ddress of last l|
00004d20  6f 67 67 65 64 20 64 69  73 6b 20 6f 6e 20 77 61  |ogged disk on wa|
00004d30  72 6d 20 73 74 61 72 74  0d 0a 62 75 66 66 09 65  |rm start..buff.e|
00004d40  71 75 09 30 30 38 30 68  09 3b 64 65 66 61 75 6c  |qu.0080h.;defaul|
00004d50  74 20 62 75 66 66 65 72  20 61 64 64 72 65 73 73  |t buffer address|
00004d60  0d 0a 72 65 74 72 79 09  65 71 75 09 31 30 09 3b  |..retry.equ.10.;|
00004d70  6d 61 78 20 72 65 74 72  69 65 73 20 6f 6e 20 64  |max retries on d|
00004d80  69 73 6b 20 69 2f 6f 20  62 65 66 6f 72 65 20 65  |isk i/o before e|
00004d90  72 72 6f 72 0d 0a 3b 0d  0a 3b 09 70 65 72 66 6f  |rror..;..;.perfo|
00004da0  72 6d 20 66 6f 6c 6c 6f  77 69 6e 67 20 66 75 6e  |rm following fun|
00004db0  63 74 69 6f 6e 73 0d 0a  3b 09 62 6f 6f 74 09 63  |ctions..;.boot.c|
00004dc0  6f 6c 64 20 73 74 61 72  74 0d 0a 3b 09 77 62 6f  |old start..;.wbo|
00004dd0  6f 74 09 77 61 72 6d 20  73 74 61 72 74 20 28 73  |ot.warm start (s|
00004de0  61 76 65 20 69 2f 6f 20  62 79 74 65 29 0d 0a 3b  |ave i/o byte)..;|
00004df0  09 28 62 6f 6f 74 20 61  6e 64 20 77 62 6f 6f 74  |.(boot and wboot|
00004e00  20 61 72 65 20 74 68 65  20 73 61 6d 65 04 01 0d  | are the same...|
00004e10  01 00 18 01 01 00 20 66  6f 72 20 6d 64 73 29 0d  |...... for mds).|
00004e20  0a 3b 09 63 6f 6e 73 74  09 63 6f 6e 73 6f 6c 65  |.;.const.console|
00004e30  20 73 74 61 74 75 73 0d  0a 3b 09 09 72 65 67 2d  | status..;..reg-|
00004e40  61 20 3d 20 30 30 20 69  66 20 6e 6f 20 63 68 61  |a = 00 if no cha|
00004e50  72 61 63 74 65 72 20 72  65 61 64 79 0d 0a 3b 09  |racter ready..;.|
00004e60  09 72 65 67 2d 61 20 3d  20 66 66 20 69 66 20 63  |.reg-a = ff if c|
00004e70  68 61 72 61 63 74 65 72  20 72 65 61 64 79 0d 0a  |haracter ready..|
00004e80  3b 09 63 6f 6e 69 6e 09  63 6f 6e 73 6f 6c 65 20  |;.conin.console |
00004e90  63 68 61 72 61 63 74 65  72 20 69 6e 20 28 72 65  |character in (re|
00004ea0  73 75 6c 74 20 69 6e 20  72 65 67 2d 61 29 0d 0a  |sult in reg-a)..|
00004eb0  3b 09 63 6f 6e 6f 75 74  09 63 6f 6e 73 6f 6c 65  |;.conout.console|
00004ec0  20 63 68 61 72 61 63 74  65 72 20 6f 75 74 20 28  | character out (|
00004ed0  63 68 61 72 20 69 6e 20  72 65 67 2d 63 29 0d 0a  |char in reg-c)..|
00004ee0  3b 09 6c 69 73 74 09 6c  69 73 74 20 6f 75 74 20  |;.list.list out |
00004ef0  28 63 68 61 72 20 69 6e  20 72 65 67 2d 63 29 0d  |(char in reg-c).|
00004f00  0a 3b 09 70 75 6e 63 68  09 70 75 6e 63 68 20 6f  |.;.punch.punch o|
00004f10  75 74 20 28 63 68 04 01  0e 01 00 c0 01 01 00 61  |ut (ch.........a|
00004f20  72 20 69 6e 20 72 65 67  2d 63 29 0d 0a 3b 09 72  |r in reg-c)..;.r|
00004f30  65 61 64 65 72 09 70 61  70 65 72 20 74 61 70 65  |eader.paper tape|
00004f40  20 72 65 61 64 65 72 20  69 6e 20 28 72 65 73 75  | reader in (resu|
00004f50  6c 74 20 74 6f 20 72 65  67 2d 61 29 0d 0a 3b 09  |lt to reg-a)..;.|
00004f60  68 6f 6d 65 09 6d 6f 76  65 20 74 6f 20 74 72 61  |home.move to tra|
00004f70  63 6b 20 30 30 0d 0a 3b  0d 0a 3b 09 28 74 68 65  |ck 00..;..;.(the|
00004f80  20 66 6f 6c 6c 6f 77 69  6e 67 20 63 61 6c 6c 73  | following calls|
00004f90  20 73 65 74 2d 75 70 20  74 68 65 20 69 6f 20 70  | set-up the io p|
00004fa0  61 72 61 6d 65 74 65 72  20 62 6c 6f 63 6b 20 66  |arameter block f|
00004fb0  6f 72 20 74 68 65 0d 0a  3b 09 6d 64 73 2c 20 77  |or the..;.mds, w|
00004fc0  68 69 63 68 20 69 73 20  75 73 65 64 20 74 6f 20  |hich is used to |
00004fd0  70 65 72 66 6f 72 6d 20  73 75 62 73 65 71 75 65  |perform subseque|
00004fe0  6e 74 20 72 65 61 64 73  20 61 6e 64 20 77 72 69  |nt reads and wri|
00004ff0  74 65 73 29 0d 0a 3b 09  73 65 6c 64 73 6b 09 73  |tes)..;.seldsk.s|
00005000  65 6c 65 63 74 20 64 69  73 6b 20 67 69 76 65 6e  |elect disk given|
00005010  20 62 79 20 72 65 67 2d  63 20 28 30 2c 31 2c 04  | by reg-c (0,1,.|
00005020  01 0f 01 00 1d 01 01 00  32 2e 2e 2e 29 0d 0a 3b  |........2...)..;|
00005030  09 73 65 74 74 72 6b 09  73 65 74 20 74 72 61 63  |.settrk.set trac|
00005040  6b 20 61 64 64 72 65 73  73 20 28 30 2c 2e 2e 2e  |k address (0,...|
00005050  37 36 29 20 66 6f 72 20  73 75 62 73 65 71 75 65  |76) for subseque|
00005060  6e 74 20 72 65 61 64 2f  77 72 69 74 65 0d 0a 3b  |nt read/write..;|
00005070  09 73 65 74 73 65 63 09  73 65 74 20 73 65 63 74  |.setsec.set sect|
00005080  6f 72 20 61 64 64 72 65  73 73 20 28 31 2c 2e 2e  |or address (1,..|
00005090  2e 2c 32 36 29 20 66 6f  72 20 73 75 62 73 65 71  |.,26) for subseq|
000050a0  75 65 6e 74 20 72 65 61  64 2f 77 72 69 74 65 0d  |uent read/write.|
000050b0  0a 3b 09 73 65 74 64 6d  61 09 73 65 74 20 73 75  |.;.setdma.set su|
000050c0  62 73 65 71 75 65 6e 74  20 64 6d 61 20 61 64 64  |bsequent dma add|
000050d0  72 65 73 73 20 28 69 6e  69 74 69 61 6c 6c 79 20  |ress (initially |
000050e0  38 30 68 29 0d 0a 3b 0d  0a 3b 09 28 72 65 61 64  |80h)..;..;.(read|
000050f0  20 61 6e 64 20 77 72 69  74 65 20 61 73 73 75 6d  | and write assum|
00005100  65 20 70 72 65 76 69 6f  75 73 20 63 61 6c 6c 73  |e previous calls|
00005110  20 74 6f 20 73 65 74 20  75 70 20 74 68 65 20 69  | to set up the i|
00005120  6f 20 70 61 72 61 6d 65  04 01 10 01 00 f0 01 01  |o parame........|
00005130  00 74 65 72 73 29 0d 0a  3b 09 72 65 61 64 09 72  |.ters)..;.read.r|
00005140  65 61 64 20 74 72 61 63  6b 2f 73 65 63 74 6f 72  |ead track/sector|
00005150  20 74 6f 20 70 72 65 73  65 74 20 64 6d 61 20 61  | to preset dma a|
00005160  64 64 72 65 73 73 0d 0a  3b 09 77 72 69 74 65 09  |ddress..;.write.|
00005170  77 72 69 74 65 20 74 72  61 63 6b 2f 73 65 63 74  |write track/sect|
00005180  6f 72 20 66 72 6f 6d 20  70 72 65 73 65 74 20 64  |or from preset d|
00005190  6d 61 20 61 64 64 72 65  73 73 0d 0a 3b 0d 0a 3b  |ma address..;..;|
000051a0  09 6a 75 6d 70 20 76 65  63 74 6f 72 20 66 6f 72  |.jump vector for|
000051b0  20 69 6e 64 69 76 69 75  61 6c 20 72 6f 75 74 69  | indiviual routi|
000051c0  6e 65 73 0d 0a 09 6a 6d  70 09 62 6f 6f 74 0d 0a  |nes...jmp.boot..|
000051d0  77 62 6f 6f 74 65 3a 09  6a 6d 70 09 77 62 6f 6f  |wboote:.jmp.wboo|
000051e0  74 0d 0a 09 6a 6d 70 09  63 6f 6e 73 74 0d 0a 09  |t...jmp.const...|
000051f0  6a 6d 70 09 63 6f 6e 69  6e 0d 0a 09 6a 6d 70 09  |jmp.conin...jmp.|
00005200  63 6f 6e 6f 75 74 0d 0a  09 6a 6d 70 09 6c 69 73  |conout...jmp.lis|
00005210  74 0d 0a 09 6a 6d 70 09  70 75 6e 63 68 0d 0a 09  |t...jmp.punch...|
00005220  6a 6d 70 09 72 65 61 64  65 72 0d 0a 09 6a 6d 70  |jmp.reader...jmp|
00005230  09 10 05 00 ed 05 00 01  01 00 e6 01 01 00 68 6f  |..............ho|
00005240  6d 65 0d 0a 09 6a 6d 70  09 73 65 6c 64 73 6b 0d  |me...jmp.seldsk.|
00005250  0a 09 6a 6d 70 09 73 65  74 74 72 6b 0d 0a 09 6a  |..jmp.settrk...j|
00005260  6d 70 09 73 65 74 73 65  63 0d 0a 09 6a 6d 70 09  |mp.setsec...jmp.|
00005270  73 65 74 64 6d 61 0d 0a  09 6a 6d 70 09 72 65 61  |setdma...jmp.rea|
00005280  64 0d 0a 09 6a 6d 70 09  77 72 69 74 65 0d 0a 09  |d...jmp.write...|
00005290  6a 6d 70 09 6c 69 73 74  73 74 09 3b 6c 69 73 74  |jmp.listst.;list|
000052a0  20 73 74 61 74 75 73 0d  0a 09 6a 6d 70 09 73 65  | status...jmp.se|
000052b0  63 74 72 61 6e 0d 0a 3b  0d 0a 09 6d 61 63 6c 69  |ctran..;...macli|
000052c0  62 09 64 69 73 6b 64 65  66 09 3b 6c 6f 61 64 20  |b.diskdef.;load |
000052d0  74 68 65 20 64 69 73 6b  20 64 65 66 69 6e 69 74  |the disk definit|
000052e0  69 6f 6e 20 6c 69 62 72  61 72 79 0d 0a 09 64 69  |ion library...di|
000052f0  73 6b 73 09 34 09 3b 66  6f 75 72 20 64 69 73 6b  |sks.4.;four disk|
00005300  73 0d 0a 09 64 69 73 6b  64 65 66 09 30 2c 31 2c  |s...diskdef.0,1,|
00005310  32 36 2c 36 2c 31 30 32  34 2c 32 34 33 2c 36 34  |26,6,1024,243,64|
00005320  2c 36 34 2c 6f 66 66 73  65 74 0d 0a 09 64 69 73  |,64,offset...dis|
00005330  6b 64 65 66 09 31 2c 30  0d 0a 09 64 69 73 05 00  |kdef.1,0...dis..|
00005340  02 01 00 3e 01 01 00 6b  64 65 66 09 32 2c 30 0d  |...>...kdef.2,0.|
00005350  0a 09 64 69 73 6b 64 65  66 09 33 2c 30 0d 0a 3b  |..diskdef.3,0..;|
00005360  09 65 6e 64 65 66 20 6f  63 63 75 72 73 20 61 74  |.endef occurs at|
00005370  20 65 6e 64 20 6f 66 20  61 73 73 65 6d 62 6c 79  | end of assembly|
00005380  0d 0a 3b 0d 0a 3b 09 65  6e 64 20 6f 66 20 63 6f  |..;..;.end of co|
00005390  6e 74 72 6f 6c 6c 65 72  20 2d 20 69 6e 64 65 70  |ntroller - indep|
000053a0  65 6e 64 65 6e 74 20 63  6f 64 65 2c 20 74 68 65  |endent code, the|
000053b0  20 72 65 6d 61 69 6e 69  6e 67 20 73 75 62 72 6f  | remaining subro|
000053c0  75 74 69 6e 65 73 0d 0a  3b 09 61 72 65 20 74 61  |utines..;.are ta|
000053d0  69 6c 6f 72 65 64 20 74  6f 20 74 68 65 20 70 61  |ilored to the pa|
000053e0  72 74 69 63 75 6c 61 72  20 6f 70 65 72 61 74 69  |rticular operati|
000053f0  6e 67 20 65 6e 76 69 72  6f 6e 6d 65 6e 74 2c 20  |ng environment, |
00005400  61 6e 64 20 6d 75 73 74  0d 0a 3b 09 62 65 20 61  |and must..;.be a|
00005410  6c 74 65 72 65 64 20 66  6f 72 20 61 6e 79 20 73  |ltered for any s|
00005420  79 73 74 65 6d 20 77 68  69 63 68 20 64 69 66 66  |ystem which diff|
00005430  65 72 73 20 66 72 6f 6d  20 74 68 65 20 69 6e 74  |ers from the int|
00005440  65 6c 20 6d 64 73 2e 05  00 03 01 00 9d 01 01 00  |el mds..........|
00005450  0d 0a 3b 0d 0a 3b 09 74  68 65 20 66 6f 6c 6c 6f  |..;..;.the follo|
00005460  77 69 6e 67 20 63 6f 64  65 20 61 73 73 75 6d 65  |wing code assume|
00005470  73 20 74 68 65 20 6d 64  73 20 6d 6f 6e 69 74 6f  |s the mds monito|
00005480  72 20 65 78 69 73 74 73  20 61 74 20 30 66 38 30  |r exists at 0f80|
00005490  30 68 0d 0a 3b 09 61 6e  64 20 75 73 65 73 20 74  |0h..;.and uses t|
000054a0  68 65 20 69 2f 6f 20 73  75 62 72 6f 75 74 69 6e  |he i/o subroutin|
000054b0  65 73 20 77 69 74 68 69  6e 20 74 68 65 20 6d 6f  |es within the mo|
000054c0  6e 69 74 6f 72 0d 0a 3b  0d 0a 3b 09 77 65 20 61  |nitor..;..;.we a|
000054d0  6c 73 6f 20 61 73 73 75  6d 65 20 74 68 65 20 6d  |lso assume the m|
000054e0  64 73 20 73 79 73 74 65  6d 20 68 61 73 20 66 6f  |ds system has fo|
000054f0  75 72 20 64 69 73 6b 20  64 72 69 76 65 73 0d 0a  |ur disk drives..|
00005500  72 65 76 72 74 09 65 71  75 09 30 66 64 68 09 3b  |revrt.equ.0fdh.;|
00005510  69 6e 74 65 72 72 75 70  74 20 72 65 76 65 72 74  |interrupt revert|
00005520  20 70 6f 72 74 0d 0a 69  6e 74 63 09 65 71 75 09  | port..intc.equ.|
00005530  30 66 63 68 09 3b 69 6e  74 65 72 72 75 70 74 20  |0fch.;interrupt |
00005540  6d 61 73 6b 20 70 6f 72  74 0d 0a 69 63 6f 6e 09  |mask port..icon.|
00005550  05 00 04 01 00 aa 01 01  00 65 71 75 09 30 66 33  |.........equ.0f3|
00005560  68 09 3b 69 6e 74 65 72  72 75 70 74 20 63 6f 6e  |h.;interrupt con|
00005570  74 72 6f 6c 20 70 6f 72  74 0d 0a 69 6e 74 65 09  |trol port..inte.|
00005580  65 71 75 09 30 31 31 31  24 31 31 31 30 62 09 3b  |equ.0111$1110b.;|
00005590  65 6e 61 62 6c 65 20 72  73 74 20 30 28 77 61 72  |enable rst 0(war|
000055a0  6d 20 62 6f 6f 74 29 2c  20 72 73 74 20 37 20 28  |m boot), rst 7 (|
000055b0  6d 6f 6e 69 74 6f 72 29  0d 0a 3b 0d 0a 3b 09 6d  |monitor)..;..;.m|
000055c0  64 73 20 6d 6f 6e 69 74  6f 72 20 65 71 75 61 74  |ds monitor equat|
000055d0  65 73 0d 0a 6d 6f 6e 38  30 09 65 71 75 09 30 66  |es..mon80.equ.0f|
000055e0  38 30 30 68 09 3b 6d 64  73 20 6d 6f 6e 69 74 6f  |800h.;mds monito|
000055f0  72 0d 0a 72 6d 6f 6e 38  30 09 65 71 75 09 30 66  |r..rmon80.equ.0f|
00005600  66 30 66 68 09 3b 72 65  73 74 61 72 74 20 6d 6f  |f0fh.;restart mo|
00005610  6e 38 30 20 28 62 6f 6f  74 20 65 72 72 6f 72 29  |n80 (boot error)|
00005620  0d 0a 63 69 09 65 71 75  09 30 66 38 30 33 68 09  |..ci.equ.0f803h.|
00005630  3b 63 6f 6e 73 6f 6c 65  20 63 68 61 72 61 63 74  |;console charact|
00005640  65 72 20 74 6f 20 72 65  67 2d 61 0d 0a 72 69 09  |er to reg-a..ri.|
00005650  65 71 75 09 30 66 38 30  36 05 00 05 01 00 53 01  |equ.0f806.....S.|
00005660  01 00 68 09 3b 72 65 61  64 65 72 20 69 6e 20 74  |..h.;reader in t|
00005670  6f 20 72 65 67 2d 61 0d  0a 63 6f 09 65 71 75 09  |o reg-a..co.equ.|
00005680  30 66 38 30 39 68 09 3b  63 6f 6e 73 6f 6c 65 20  |0f809h.;console |
00005690  63 68 61 72 20 66 72 6f  6d 20 63 20 74 6f 20 63  |char from c to c|
000056a0  6f 6e 73 6f 6c 65 20 6f  75 74 0d 0a 70 6f 09 65  |onsole out..po.e|
000056b0  71 75 09 30 66 38 30 63  68 09 3b 70 75 6e 63 68  |qu.0f80ch.;punch|
000056c0  20 63 68 61 72 20 66 72  6f 6d 20 63 20 74 6f 20  | char from c to |
000056d0  70 75 6e 63 68 20 64 65  76 69 63 65 0d 0a 6c 6f  |punch device..lo|
000056e0  09 65 71 75 09 30 66 38  30 66 68 09 3b 6c 69 73  |.equ.0f80fh.;lis|
000056f0  74 20 66 72 6f 6d 20 63  20 74 6f 20 6c 69 73 74  |t from c to list|
00005700  20 64 65 76 69 63 65 0d  0a 63 73 74 73 09 65 71  | device..csts.eq|
00005710  75 09 30 66 38 31 32 68  09 3b 63 6f 6e 73 6f 6c  |u.0f812h.;consol|
00005720  65 20 73 74 61 74 75 73  20 30 30 2f 66 66 20 74  |e status 00/ff t|
00005730  6f 20 72 65 67 69 73 74  65 72 20 61 0d 0a 3b 0d  |o register a..;.|
00005740  0a 3b 09 64 69 73 6b 20  70 6f 72 74 73 20 61 6e  |.;.disk ports an|
00005750  64 20 63 6f 6d 6d 61 6e  64 73 0d 0a 62 61 73 65  |d commands..base|
00005760  09 65 05 00 06 01 00 36  01 01 00 71 75 09 37 38  |.e.....6...qu.78|
00005770  68 09 3b 62 61 73 65 20  6f 66 20 64 69 73 6b 20  |h.;base of disk |
00005780  63 6f 6d 6d 61 6e 64 20  69 6f 20 70 6f 72 74 73  |command io ports|
00005790  0d 0a 64 73 74 61 74 09  65 71 75 09 62 61 73 65  |..dstat.equ.base|
000057a0  09 3b 64 69 73 6b 20 73  74 61 74 75 73 20 28 69  |.;disk status (i|
000057b0  6e 70 75 74 29 0d 0a 72  74 79 70 65 09 65 71 75  |nput)..rtype.equ|
000057c0  09 62 61 73 65 2b 31 09  3b 72 65 73 75 6c 74 20  |.base+1.;result |
000057d0  74 79 70 65 20 28 69 6e  70 75 74 29 0d 0a 72 62  |type (input)..rb|
000057e0  79 74 65 09 65 71 75 09  62 61 73 65 2b 33 09 3b  |yte.equ.base+3.;|
000057f0  72 65 73 75 6c 74 20 62  79 74 65 20 28 69 6e 70  |result byte (inp|
00005800  75 74 29 0d 0a 3b 0d 0a  69 6c 6f 77 09 65 71 75  |ut)..;..ilow.equ|
00005810  09 62 61 73 65 2b 31 09  3b 69 6f 70 62 20 6c 6f  |.base+1.;iopb lo|
00005820  77 20 61 64 64 72 65 73  73 20 28 6f 75 74 70 75  |w address (outpu|
00005830  74 29 0d 0a 69 68 69 67  68 09 65 71 75 09 62 61  |t)..ihigh.equ.ba|
00005840  73 65 2b 32 09 3b 69 6f  70 62 20 68 69 67 68 20  |se+2.;iopb high |
00005850  61 64 64 72 65 73 73 20  28 6f 75 74 70 75 74 29  |address (output)|
00005860  0d 0a 3b 0d 0a 72 65 61  64 66 09 05 00 07 01 00  |..;..readf......|
00005870  d9 01 01 00 65 71 75 09  34 68 09 3b 72 65 61 64  |....equ.4h.;read|
00005880  20 66 75 6e 63 74 69 6f  6e 0d 0a 77 72 69 74 66  | function..writf|
00005890  09 65 71 75 09 36 68 09  3b 77 72 69 74 65 20 66  |.equ.6h.;write f|
000058a0  75 6e 63 74 69 6f 6e 0d  0a 72 65 63 61 6c 09 65  |unction..recal.e|
000058b0  71 75 09 33 68 09 3b 72  65 63 61 6c 69 62 72 61  |qu.3h.;recalibra|
000058c0  74 65 20 64 72 69 76 65  0d 0a 69 6f 72 64 79 09  |te drive..iordy.|
000058d0  65 71 75 09 34 68 09 3b  69 2f 6f 20 66 69 6e 69  |equ.4h.;i/o fini|
000058e0  73 68 65 64 20 6d 61 73  6b 0d 0a 63 72 09 65 71  |shed mask..cr.eq|
000058f0  75 09 30 64 68 09 3b 63  61 72 72 69 61 67 65 20  |u.0dh.;carriage |
00005900  72 65 74 75 72 6e 0d 0a  6c 66 09 65 71 75 09 30  |return..lf.equ.0|
00005910  61 68 09 3b 6c 69 6e 65  20 66 65 65 64 0d 0a 3b  |ah.;line feed..;|
00005920  0d 0a 73 69 67 6e 6f 6e  3a 09 3b 73 69 67 6e 6f  |..signon:.;signo|
00005930  6e 20 6d 65 73 73 61 67  65 3a 20 78 78 6b 20 63  |n message: xxk c|
00005940  70 2f 6d 20 76 65 72 73  20 79 2e 79 0d 0a 09 64  |p/m vers y.y...d|
00005950  62 09 63 72 2c 6c 66 2c  6c 66 0d 0a 09 69 66 09  |b.cr,lf,lf...if.|
00005960  74 65 73 74 0d 0a 09 64  62 09 27 33 32 27 09 3b  |test...db.'32'.;|
00005970  33 32 6b 20 05 00 08 01  00 6c 01 01 00 65 78 61  |32k .....l...exa|
00005980  6d 70 6c 65 20 62 69 6f  73 0d 0a 09 65 6e 64 69  |mple bios...endi|
00005990  66 0d 0a 09 69 66 09 6e  6f 74 20 74 65 73 74 0d  |f...if.not test.|
000059a0  0a 09 64 62 09 27 30 30  27 09 3b 6d 65 6d 6f 72  |..db.'00'.;memor|
000059b0  79 20 73 69 7a 65 20 66  69 6c 6c 65 64 20 62 79  |y size filled by|
000059c0  20 72 65 6c 6f 63 61 74  6f 72 0d 0a 09 65 6e 64  | relocator...end|
000059d0  69 66 0d 0a 09 64 62 09  27 6b 20 43 50 2f 4d 20  |if...db.'k CP/M |
000059e0  76 65 72 73 20 27 0d 0a  09 64 62 09 76 65 72 73  |vers '...db.vers|
000059f0  2f 31 30 2b 27 30 27 2c  27 2e 27 2c 76 65 72 73  |/10+'0','.',vers|
00005a00  20 6d 6f 64 20 31 30 2b  27 30 27 0d 0a 09 64 62  | mod 10+'0'...db|
00005a10  09 63 72 2c 6c 66 2c 30  0d 0a 3b 0d 0a 62 6f 6f  |.cr,lf,0..;..boo|
00005a20  74 3a 09 3b 70 72 69 6e  74 20 73 69 67 6e 6f 6e  |t:.;print signon|
00005a30  20 6d 65 73 73 61 67 65  20 61 6e 64 20 67 6f 20  | message and go |
00005a40  74 6f 20 63 63 70 0d 0a  3b 09 28 6e 6f 74 65 3a  |to ccp..;.(note:|
00005a50  20 6d 64 73 20 62 6f 6f  74 20 69 6e 69 74 69 61  | mds boot initia|
00005a60  6c 69 7a 65 64 20 69 6f  62 79 74 65 20 61 74 20  |lized iobyte at |
00005a70  30 30 30 33 68 29 0d 0a  09 6c 78 69 09 05 00 09  |0003h)...lxi....|
00005a80  01 00 81 01 01 00 73 70  2c 62 75 66 66 2b 38 30  |......sp,buff+80|
00005a90  68 0d 0a 09 6c 78 69 09  68 2c 73 69 67 6e 6f 6e  |h...lxi.h,signon|
00005aa0  0d 0a 09 63 61 6c 6c 09  70 72 6d 73 67 09 3b 70  |...call.prmsg.;p|
00005ab0  72 69 6e 74 20 6d 65 73  73 61 67 65 0d 0a 09 78  |rint message...x|
00005ac0  72 61 09 61 09 3b 63 6c  65 61 72 20 61 63 63 75  |ra.a.;clear accu|
00005ad0  6d 75 6c 61 74 6f 72 0d  0a 09 73 74 61 09 63 64  |mulator...sta.cd|
00005ae0  69 73 6b 09 3b 73 65 74  20 69 6e 69 74 69 61 6c  |isk.;set initial|
00005af0  6c 79 20 74 6f 20 64 69  73 6b 20 61 0d 0a 09 6a  |ly to disk a...j|
00005b00  6d 70 09 67 6f 63 70 6d  09 3b 67 6f 20 74 6f 20  |mp.gocpm.;go to |
00005b10  63 70 2f 6d 0d 0a 3b 0d  0a 3b 0d 0a 77 62 6f 6f  |cp/m..;..;..wboo|
00005b20  74 3a 3b 09 6c 6f 61 64  65 72 20 6f 6e 20 74 72  |t:;.loader on tr|
00005b30  61 63 6b 20 30 2c 20 73  65 63 74 6f 72 20 31 2c  |ack 0, sector 1,|
00005b40  20 77 68 69 63 68 20 77  69 6c 6c 20 62 65 20 73  | which will be s|
00005b50  6b 69 70 70 65 64 20 66  6f 72 20 77 61 72 6d 20  |kipped for warm |
00005b60  0d 0a 3b 09 72 65 61 64  20 63 70 2f 6d 20 66 72  |..;.read cp/m fr|
00005b70  6f 6d 20 64 69 73 6b 20  2d 20 61 73 73 75 6d 69  |om disk - assumi|
00005b80  6e 67 20 74 68 65 05 00  0a 01 00 86 01 01 00 72  |ng the.........r|
00005b90  65 20 69 73 20 61 20 31  32 38 20 62 79 74 65 20  |e is a 128 byte |
00005ba0  63 6f 6c 64 20 73 74 61  72 74 0d 0a 3b 09 73 74  |cold start..;.st|
00005bb0  61 72 74 2e 0d 0a 3b 0d  0a 09 6c 78 69 09 73 70  |art...;...lxi.sp|
00005bc0  2c 62 75 66 66 09 3b 75  73 69 6e 67 20 64 6d 61  |,buff.;using dma|
00005bd0  20 2d 20 74 68 75 73 20  38 30 20 74 68 72 75 20  | - thus 80 thru |
00005be0  66 66 20 61 76 61 69 6c  61 62 6c 65 20 66 6f 72  |ff available for|
00005bf0  20 73 74 61 63 6b 0d 0a  3b 0d 0a 09 6d 76 69 09  | stack..;...mvi.|
00005c00  63 2c 72 65 74 72 79 09  3b 6d 61 78 20 72 65 74  |c,retry.;max ret|
00005c10  72 69 65 73 0d 0a 09 70  75 73 68 09 62 0d 0a 77  |ries...push.b..w|
00005c20  62 6f 6f 74 30 3a 09 3b  65 6e 74 65 72 20 68 65  |boot0:.;enter he|
00005c30  72 65 20 6f 6e 20 65 72  72 6f 72 20 72 65 74 72  |re on error retr|
00005c40  69 65 73 0d 0a 09 6c 78  69 09 62 2c 63 70 6d 62  |ies...lxi.b,cpmb|
00005c50  09 3b 73 65 74 20 64 6d  61 20 61 64 64 72 65 73  |.;set dma addres|
00005c60  73 20 74 6f 20 73 74 61  72 74 20 6f 66 20 64 69  |s to start of di|
00005c70  73 6b 20 73 79 73 74 65  6d 0d 0a 09 63 61 6c 6c  |sk system...call|
00005c80  09 73 65 74 64 6d 61 0d  0a 09 6d 76 69 09 63 05  |.setdma...mvi.c.|
00005c90  00 0b 01 00 55 01 01 00  2c 30 09 3b 62 6f 6f 74  |....U...,0.;boot|
00005ca0  20 66 72 6f 6d 20 64 72  69 76 65 20 30 0d 0a 09  | from drive 0...|
00005cb0  63 61 6c 6c 09 73 65 6c  64 73 6b 0d 0a 09 6d 76  |call.seldsk...mv|
00005cc0  69 09 63 2c 30 0d 0a 09  63 61 6c 6c 09 73 65 74  |i.c,0...call.set|
00005cd0  74 72 6b 09 3b 73 74 61  72 74 20 77 69 74 68 20  |trk.;start with |
00005ce0  74 72 61 63 6b 20 30 0d  0a 09 6d 76 69 09 63 2c  |track 0...mvi.c,|
00005cf0  32 09 3b 73 74 61 72 74  20 72 65 61 64 69 6e 67  |2.;start reading|
00005d00  20 73 65 63 74 6f 72 20  32 0d 0a 09 63 61 6c 6c  | sector 2...call|
00005d10  09 73 65 74 73 65 63 0d  0a 3b 0d 0a 3b 09 72 65  |.setsec..;..;.re|
00005d20  61 64 20 73 65 63 74 6f  72 73 2c 20 63 6f 75 6e  |ad sectors, coun|
00005d30  74 20 6e 73 65 63 74 73  20 74 6f 20 7a 65 72 6f  |t nsects to zero|
00005d40  0d 0a 09 70 6f 70 09 62  09 3b 31 30 2d 65 72 72  |...pop.b.;10-err|
00005d50  6f 72 20 63 6f 75 6e 74  0d 0a 09 6d 76 69 09 62  |or count...mvi.b|
00005d60  2c 6e 73 65 63 74 73 0d  0a 72 64 73 65 63 3a 09  |,nsects..rdsec:.|
00005d70  3b 72 65 61 64 20 6e 65  78 74 20 73 65 63 74 6f  |;read next secto|
00005d80  72 0d 0a 09 70 75 73 68  09 62 09 3b 73 61 76 65  |r...push.b.;save|
00005d90  20 73 65 63 74 6f 72 20  05 00 0c 01 00 f9 01 01  | sector ........|
00005da0  00 63 6f 75 6e 74 0d 0a  09 63 61 6c 6c 09 72 65  |.count...call.re|
00005db0  61 64 0d 0a 09 6a 6e 7a  09 62 6f 6f 74 65 72 72  |ad...jnz.booterr|
00005dc0  09 3b 72 65 74 72 79 20  69 66 20 65 72 72 6f 72  |.;retry if error|
00005dd0  73 20 6f 63 63 75 72 0d  0a 09 6c 68 6c 64 09 69  |s occur...lhld.i|
00005de0  6f 64 09 3b 69 6e 63 72  65 6d 65 6e 74 20 64 6d  |od.;increment dm|
00005df0  61 20 61 64 64 72 65 73  73 0d 0a 09 6c 78 69 09  |a address...lxi.|
00005e00  64 2c 31 32 38 09 3b 73  65 63 74 6f 72 20 73 69  |d,128.;sector si|
00005e10  7a 65 0d 0a 09 64 61 64  09 64 09 3b 69 6e 63 72  |ze...dad.d.;incr|
00005e20  65 6d 65 6e 74 65 64 20  64 6d 61 20 61 64 64 72  |emented dma addr|
00005e30  65 73 73 20 69 6e 20 68  6c 0d 0a 09 6d 6f 76 09  |ess in hl...mov.|
00005e40  62 2c 68 0d 0a 09 6d 6f  76 09 63 2c 6c 09 3b 72  |b,h...mov.c,l.;r|
00005e50  65 61 64 79 20 66 6f 72  20 63 61 6c 6c 20 74 6f  |eady for call to|
00005e60  20 73 65 74 20 64 6d 61  0d 0a 09 63 61 6c 6c 09  | set dma...call.|
00005e70  73 65 74 64 6d 61 0d 0a  09 6c 64 61 09 69 6f 73  |setdma...lda.ios|
00005e80  09 3b 73 65 63 74 6f 72  20 6e 75 6d 62 65 72 20  |.;sector number |
00005e90  6a 75 73 74 20 72 65 61  64 0d 0a 09 63 70 69 09  |just read...cpi.|
00005ea0  32 05 00 0d 01 00 d4 01  01 00 36 09 3b 72 65 61  |2.........6.;rea|
00005eb0  64 20 6c 61 73 74 20 73  65 63 74 6f 72 3f 0d 0a  |d last sector?..|
00005ec0  09 6a 63 09 72 64 31 0d  0a 3b 09 6d 75 73 74 20  |.jc.rd1..;.must |
00005ed0  62 65 20 73 65 63 74 6f  72 20 32 36 2c 20 7a 65  |be sector 26, ze|
00005ee0  72 6f 20 61 6e 64 20 67  6f 20 74 6f 20 6e 65 78  |ro and go to nex|
00005ef0  74 20 74 72 61 63 6b 0d  0a 09 6c 64 61 09 69 6f  |t track...lda.io|
00005f00  74 09 3b 67 65 74 20 74  72 61 63 6b 20 74 6f 20  |t.;get track to |
00005f10  72 65 67 69 73 74 65 72  20 61 0d 0a 09 69 6e 72  |register a...inr|
00005f20  09 61 0d 0a 09 6d 6f 76  09 63 2c 61 09 3b 72 65  |.a...mov.c,a.;re|
00005f30  61 64 79 20 66 6f 72 20  63 61 6c 6c 0d 0a 09 63  |ady for call...c|
00005f40  61 6c 6c 09 73 65 74 74  72 6b 0d 0a 09 78 72 61  |all.settrk...xra|
00005f50  09 61 09 3b 63 6c 65 61  72 20 73 65 63 74 6f 72  |.a.;clear sector|
00005f60  20 6e 75 6d 62 65 72 0d  0a 72 64 31 3a 09 69 6e  | number..rd1:.in|
00005f70  72 09 61 09 3b 74 6f 20  6e 65 78 74 20 73 65 63  |r.a.;to next sec|
00005f80  74 6f 72 0d 0a 09 6d 6f  76 09 63 2c 61 09 3b 72  |tor...mov.c,a.;r|
00005f90  65 61 64 79 20 66 6f 72  20 63 61 6c 6c 0d 0a 09  |eady for call...|
00005fa0  63 61 6c 6c 09 73 65 74  73 65 05 00 0e 01 00 d0  |call.setse......|
00005fb0  01 01 00 63 0d 0a 09 70  6f 70 09 62 09 3b 72 65  |...c...pop.b.;re|
00005fc0  63 61 6c 6c 20 73 65 63  74 6f 72 20 63 6f 75 6e  |call sector coun|
00005fd0  74 0d 0a 09 64 63 72 09  62 09 3b 64 6f 6e 65 3f  |t...dcr.b.;done?|
00005fe0  0d 0a 09 6a 6e 7a 09 72  64 73 65 63 0d 0a 3b 0d  |...jnz.rdsec..;.|
00005ff0  0a 3b 09 64 6f 6e 65 20  77 69 74 68 20 74 68 65  |.;.done with the|
00006000  20 6c 6f 61 64 2c 20 72  65 73 65 74 20 64 65 66  | load, reset def|
00006010  61 75 6c 74 20 62 75 66  66 65 72 20 61 64 64 72  |ault buffer addr|
00006020  65 73 73 0d 0a 67 6f 63  70 6d 3a 09 3b 28 65 6e  |ess..gocpm:.;(en|
00006030  74 65 72 20 68 65 72 65  20 66 72 6f 6d 20 63 6f  |ter here from co|
00006040  6c 64 20 73 74 61 72 74  20 62 6f 6f 74 29 0d 0a  |ld start boot)..|
00006050  3b 09 65 6e 61 62 6c 65  20 72 73 74 30 20 61 6e  |;.enable rst0 an|
00006060  64 20 72 73 74 37 0d 0a  09 64 69 0d 0a 09 6d 76  |d rst7...di...mv|
00006070  69 09 61 2c 31 32 68 09  3b 69 6e 69 74 69 61 6c  |i.a,12h.;initial|
00006080  69 7a 65 20 63 6f 6d 6d  61 6e 64 0d 0a 09 6f 75  |ize command...ou|
00006090  74 09 72 65 76 72 74 0d  0a 09 78 72 61 09 61 0d  |t.revrt...xra.a.|
000060a0  0a 09 6f 75 74 09 69 6e  74 63 09 3b 63 6c 65 61  |..out.intc.;clea|
000060b0  72 65 64 05 00 0f 01 00  6e 01 01 00 0d 0a 09 6d  |red.....n......m|
000060c0  76 69 09 61 2c 69 6e 74  65 09 3b 72 73 74 30 20  |vi.a,inte.;rst0 |
000060d0  61 6e 64 20 72 73 74 37  20 62 69 74 73 20 6f 6e  |and rst7 bits on|
000060e0  0d 0a 09 6f 75 74 09 69  6e 74 63 0d 0a 09 78 72  |...out.intc...xr|
000060f0  61 09 61 0d 0a 09 6f 75  74 09 69 63 6f 6e 09 3b  |a.a...out.icon.;|
00006100  69 6e 74 65 72 72 75 70  74 20 63 6f 6e 74 72 6f  |interrupt contro|
00006110  6c 0d 0a 3b 0d 0a 3b 09  73 65 74 20 64 65 66 61  |l..;..;.set defa|
00006120  75 6c 74 20 62 75 66 66  65 72 20 61 64 64 72 65  |ult buffer addre|
00006130  73 73 20 74 6f 20 38 30  68 0d 0a 09 6c 78 69 09  |ss to 80h...lxi.|
00006140  62 2c 62 75 66 66 0d 0a  09 63 61 6c 6c 09 73 65  |b,buff...call.se|
00006150  74 64 6d 61 0d 0a 3b 0d  0a 3b 09 72 65 73 65 74  |tdma..;..;.reset|
00006160  20 6d 6f 6e 69 74 6f 72  20 65 6e 74 72 79 20 70  | monitor entry p|
00006170  6f 69 6e 74 73 0d 0a 09  6d 76 69 09 61 2c 6a 6d  |oints...mvi.a,jm|
00006180  70 0d 0a 09 73 74 61 09  30 0d 0a 09 6c 78 69 09  |p...sta.0...lxi.|
00006190  68 2c 77 62 6f 6f 74 65  0d 0a 09 73 68 6c 64 09  |h,wboote...shld.|
000061a0  31 09 3b 6a 6d 70 20 77  62 6f 6f 74 20 61 74 20  |1.;jmp wboot at |
000061b0  6c 6f 63 61 74 69 6f 6e  20 30 30 0d 05 00 10 01  |location 00.....|
000061c0  00 6e 01 01 00 0a 09 73  74 61 09 35 0d 0a 09 6c  |.n.....sta.5...l|
000061d0  78 69 09 68 2c 62 64 6f  73 0d 0a 09 73 68 6c 64  |xi.h,bdos...shld|
000061e0  09 36 09 3b 6a 6d 70 20  62 64 6f 73 20 61 74 20  |.6.;jmp bdos at |
000061f0  6c 6f 63 61 74 69 6f 6e  20 35 0d 0a 09 69 66 09  |location 5...if.|
00006200  6e 6f 74 20 74 65 73 74  0d 0a 09 73 74 61 09 37  |not test...sta.7|
00006210  2a 38 09 3b 6a 6d 70 20  74 6f 20 6d 6f 6e 38 30  |*8.;jmp to mon80|
00006220  20 28 6d 61 79 20 68 61  76 65 20 62 65 65 6e 20  | (may have been |
00006230  63 68 61 6e 67 65 64 20  62 79 20 64 64 74 29 0d  |changed by ddt).|
00006240  0a 09 6c 78 69 09 68 2c  6d 6f 6e 38 30 0d 0a 09  |..lxi.h,mon80...|
00006250  73 68 6c 64 09 37 2a 38  2b 31 0d 0a 09 65 6e 64  |shld.7*8+1...end|
00006260  69 66 0d 0a 3b 09 6c 65  61 76 65 20 69 6f 62 79  |if..;.leave ioby|
00006270  74 65 20 73 65 74 0d 0a  3b 09 70 72 65 76 69 6f  |te set..;.previo|
00006280  75 73 6c 79 20 73 65 6c  65 63 74 65 64 20 64 69  |usly selected di|
00006290  73 6b 20 77 61 73 20 62  2c 20 73 65 6e 64 20 70  |sk was b, send p|
000062a0  61 72 61 6d 65 74 65 72  20 74 6f 20 63 70 6d 0d  |arameter to cpm.|
000062b0  0a 09 6c 64 61 09 63 64  69 73 6b 09 3b 6c 61 73  |..lda.cdisk.;las|
000062c0  74 20 6c 6f 67 10 05 01  7a 05 01 01 01 00 6d 01  |t log...z.....m.|
000062d0  01 00 67 65 64 20 64 69  73 6b 20 6e 75 6d 62 65  |..ged disk numbe|
000062e0  72 0d 0a 09 6d 6f 76 09  63 2c 61 09 3b 73 65 6e  |r...mov.c,a.;sen|
000062f0  64 20 74 6f 20 63 63 70  20 74 6f 20 6c 6f 67 20  |d to ccp to log |
00006300  69 74 20 69 6e 0d 0a 09  65 69 0d 0a 09 6a 6d 70  |it in...ei...jmp|
00006310  09 63 70 6d 62 0d 0a 3b  0d 0a 3b 09 65 72 72 6f  |.cpmb..;..;.erro|
00006320  72 20 63 6f 6e 64 69 74  69 6f 6e 20 6f 63 63 75  |r condition occu|
00006330  72 72 65 64 2c 20 70 72  69 6e 74 20 6d 65 73 73  |rred, print mess|
00006340  61 67 65 20 61 6e 64 20  72 65 74 72 79 0d 0a 62  |age and retry..b|
00006350  6f 6f 74 65 72 72 3a 0d  0a 09 70 6f 70 09 62 09  |ooterr:...pop.b.|
00006360  3b 72 65 63 61 6c 6c 20  63 6f 75 6e 74 73 0d 0a  |;recall counts..|
00006370  09 64 63 72 09 63 0d 0a  09 6a 7a 09 62 6f 6f 74  |.dcr.c...jz.boot|
00006380  65 72 30 0d 0a 3b 09 74  72 79 20 61 67 61 69 6e  |er0..;.try again|
00006390  0d 0a 09 70 75 73 68 09  62 0d 0a 09 6a 6d 70 09  |...push.b...jmp.|
000063a0  77 62 6f 6f 74 30 0d 0a  3b 0d 0a 62 6f 6f 74 65  |wboot0..;..boote|
000063b0  72 30 3a 0d 0a 3b 09 6f  74 68 65 72 77 69 73 65  |r0:..;.otherwise|
000063c0  20 74 6f 6f 20 6d 61 6e  79 20 72 65 74 72 69 65  | too many retrie|
000063d0  73 0d 05 01 02 01 00 24  01 01 00 0a 09 6c 78 69  |s......$.....lxi|
000063e0  09 68 2c 62 6f 6f 74 6d  73 67 0d 0a 09 63 61 6c  |.h,bootmsg...cal|
000063f0  6c 09 70 72 6d 73 67 0d  0a 09 6a 6d 70 09 72 6d  |l.prmsg...jmp.rm|
00006400  6f 6e 38 30 09 3b 6d 64  73 20 68 61 72 64 77 61  |on80.;mds hardwa|
00006410  72 65 20 6d 6f 6e 69 74  6f 72 0d 0a 3b 0d 0a 62  |re monitor..;..b|
00006420  6f 6f 74 6d 73 67 3a 0d  0a 09 64 62 09 27 3f 62  |ootmsg:...db.'?b|
00006430  6f 6f 74 27 2c 30 0d 0a  3b 0d 0a 3b 0d 0a 63 6f  |oot',0..;..;..co|
00006440  6e 73 74 3a 09 3b 63 6f  6e 73 6f 6c 65 20 73 74  |nst:.;console st|
00006450  61 74 75 73 20 74 6f 20  72 65 67 2d 61 0d 0a 3b  |atus to reg-a..;|
00006460  09 28 65 78 61 63 74 6c  79 20 74 68 65 20 73 61  |.(exactly the sa|
00006470  6d 65 20 61 73 20 6d 64  73 20 63 61 6c 6c 29 0d  |me as mds call).|
00006480  0a 09 6a 6d 70 09 63 73  74 73 0d 0a 3b 0d 0a 63  |..jmp.csts..;..c|
00006490  6f 6e 69 6e 3a 09 3b 63  6f 6e 73 6f 6c 65 20 63  |onin:.;console c|
000064a0  68 61 72 61 63 74 65 72  20 74 6f 20 72 65 67 2d  |haracter to reg-|
000064b0  61 0d 0a 09 63 61 6c 6c  09 63 69 0d 0a 09 61 6e  |a...call.ci...an|
000064c0  69 09 37 66 68 09 3b 72  65 6d 6f 76 65 20 70 61  |i.7fh.;remove pa|
000064d0  72 69 74 79 20 62 69 74  0d 0a 09 05 01 03 01 00  |rity bit........|
000064e0  7c 01 01 00 72 65 74 0d  0a 3b 0d 0a 63 6f 6e 6f  ||...ret..;..cono|
000064f0  75 74 3a 09 3b 63 6f 6e  73 6f 6c 65 20 63 68 61  |ut:.;console cha|
00006500  72 61 63 74 65 72 20 66  72 6f 6d 20 63 20 74 6f  |racter from c to|
00006510  20 63 6f 6e 73 6f 6c 65  20 6f 75 74 0d 0a 09 6a  | console out...j|
00006520  6d 70 09 63 6f 0d 0a 3b  0d 0a 6c 69 73 74 3a 09  |mp.co..;..list:.|
00006530  3b 6c 69 73 74 20 64 65  76 69 63 65 20 6f 75 74  |;list device out|
00006540  0d 0a 3b 09 28 65 78 61  63 74 6c 79 20 74 68 65  |..;.(exactly the|
00006550  20 73 61 6d 65 20 61 73  20 6d 64 73 20 63 61 6c  | same as mds cal|
00006560  6c 29 0d 0a 09 6a 6d 70  09 6c 6f 0d 0a 3b 0d 0a  |l)...jmp.lo..;..|
00006570  6c 69 73 74 73 74 3a 0d  0a 09 3b 72 65 74 75 72  |listst:...;retur|
00006580  6e 20 6c 69 73 74 20 73  74 61 74 75 73 0d 0a 09  |n list status...|
00006590  78 72 61 09 61 0d 0a 09  72 65 74 09 09 3b 61 6c  |xra.a...ret..;al|
000065a0  77 61 79 73 20 6e 6f 74  20 72 65 61 64 79 0d 0a  |ways not ready..|
000065b0  3b 0d 0a 70 75 6e 63 68  3a 09 3b 70 75 6e 63 68  |;..punch:.;punch|
000065c0  20 64 65 76 69 63 65 20  6f 75 74 0d 0a 3b 09 28  | device out..;.(|
000065d0  65 78 61 63 74 6c 79 20  74 68 65 20 73 61 6d 65  |exactly the same|
000065e0  20 61 73 20 05 01 04 01  00 d4 01 01 00 6d 64 73  | as .........mds|
000065f0  20 63 61 6c 6c 29 0d 0a  09 6a 6d 70 09 70 6f 0d  | call)...jmp.po.|
00006600  0a 3b 0d 0a 72 65 61 64  65 72 3a 09 3b 72 65 61  |.;..reader:.;rea|
00006610  64 65 72 20 63 68 61 72  61 63 74 65 72 20 69 6e  |der character in|
00006620  20 74 6f 20 72 65 67 2d  61 0d 0a 3b 09 28 65 78  | to reg-a..;.(ex|
00006630  61 63 74 6c 79 20 74 68  65 20 73 61 6d 65 20 61  |actly the same a|
00006640  73 20 6d 64 73 20 63 61  6c 6c 29 0d 0a 09 6a 6d  |s mds call)...jm|
00006650  70 09 72 69 0d 0a 3b 0d  0a 68 6f 6d 65 3a 09 3b  |p.ri..;..home:.;|
00006660  6d 6f 76 65 20 74 6f 20  68 6f 6d 65 20 70 6f 73  |move to home pos|
00006670  69 74 69 6f 6e 0d 0a 3b  09 74 72 65 61 74 20 61  |ition..;.treat a|
00006680  73 20 74 72 61 63 6b 20  30 30 20 73 65 65 6b 0d  |s track 00 seek.|
00006690  0a 09 6d 76 69 09 63 2c  30 0d 0a 09 6a 6d 70 09  |..mvi.c,0...jmp.|
000066a0  73 65 74 74 72 6b 0d 0a  3b 0d 0a 73 65 6c 64 73  |settrk..;..selds|
000066b0  6b 3a 09 3b 73 65 6c 65  63 74 20 64 69 73 6b 20  |k:.;select disk |
000066c0  67 69 76 65 6e 20 62 79  20 72 65 67 69 73 74 65  |given by registe|
000066d0  72 20 63 0d 0a 09 6c 78  69 09 68 2c 30 30 30 30  |r c...lxi.h,0000|
000066e0  68 09 3b 72 65 74 75 72  6e 20 30 30 30 05 01 05  |h.;return 000...|
000066f0  01 00 3b 01 01 00 30 20  69 66 20 65 72 72 6f 72  |..;...0 if error|
00006700  0d 0a 09 6d 6f 76 09 61  2c 63 0d 0a 09 63 70 69  |...mov.a,c...cpi|
00006710  09 6e 64 69 73 6b 73 09  3b 74 6f 6f 20 6c 61 72  |.ndisks.;too lar|
00006720  67 65 3f 0d 0a 09 72 6e  63 09 09 3b 6c 65 61 76  |ge?...rnc..;leav|
00006730  65 20 48 4c 20 3d 20 30  30 30 30 0d 0a 3b 0d 0a  |e HL = 0000..;..|
00006740  09 61 6e 69 09 31 30 62  09 3b 30 30 20 30 30 20  |.ani.10b.;00 00 |
00006750  66 6f 72 20 64 72 69 76  65 20 30 2c 31 20 61 6e  |for drive 0,1 an|
00006760  64 20 31 30 20 31 30 20  66 6f 72 20 64 72 69 76  |d 10 10 for driv|
00006770  65 20 32 2c 33 0d 0a 09  73 74 61 09 64 62 61 6e  |e 2,3...sta.dban|
00006780  6b 09 3b 74 6f 20 73 65  6c 65 63 74 20 64 72 69  |k.;to select dri|
00006790  76 65 20 62 61 6e 6b 0d  0a 09 6d 6f 76 09 61 2c  |ve bank...mov.a,|
000067a0  63 09 3b 30 30 2c 20 30  31 2c 20 31 30 2c 20 31  |c.;00, 01, 10, 1|
000067b0  31 0d 0a 09 61 6e 69 09  31 62 09 3b 6d 64 73 20  |1...ani.1b.;mds |
000067c0  68 61 73 20 30 2c 31 20  61 74 20 37 38 2c 20 32  |has 0,1 at 78, 2|
000067d0  2c 33 20 61 74 20 38 38  0d 0a 09 6f 72 61 09 61  |,3 at 88...ora.a|
000067e0  09 3b 72 65 73 75 6c 74  20 30 30 3f 0d 0a 09 6a  |.;result 00?...j|
000067f0  7a 09 73 65 74 64 05 01  06 01 00 0d 01 01 00 72  |z.setd.........r|
00006800  69 76 65 0d 0a 09 6d 76  69 09 61 2c 30 30 31 31  |ive...mvi.a,0011|
00006810  30 30 30 30 62 09 3b 73  65 6c 65 63 74 73 20 64  |0000b.;selects d|
00006820  72 69 76 65 20 31 20 69  6e 20 62 61 6e 6b 0d 0a  |rive 1 in bank..|
00006830  73 65 74 64 72 69 76 65  3a 0d 0a 09 6d 6f 76 09  |setdrive:...mov.|
00006840  62 2c 61 09 3b 73 61 76  65 20 74 68 65 20 66 75  |b,a.;save the fu|
00006850  6e 63 74 69 6f 6e 0d 0a  09 6c 78 69 09 68 2c 69  |nction...lxi.h,i|
00006860  6f 66 09 3b 69 6f 20 66  75 6e 63 74 69 6f 6e 0d  |of.;io function.|
00006870  0a 09 6d 6f 76 09 61 2c  6d 0d 0a 09 61 6e 69 09  |..mov.a,m...ani.|
00006880  31 31 30 30 31 31 31 31  62 09 3b 6d 61 73 6b 20  |11001111b.;mask |
00006890  6f 75 74 20 64 69 73 6b  20 6e 75 6d 62 65 72 0d  |out disk number.|
000068a0  0a 09 6f 72 61 09 62 09  3b 6d 61 73 6b 20 69 6e  |..ora.b.;mask in|
000068b0  20 6e 65 77 20 64 69 73  6b 20 6e 75 6d 62 65 72  | new disk number|
000068c0  0d 0a 09 6d 6f 76 09 6d  2c 61 09 3b 73 61 76 65  |...mov.m,a.;save|
000068d0  20 69 74 20 69 6e 20 69  6f 70 62 0d 0a 09 6d 6f  | it in iopb...mo|
000068e0  76 09 6c 2c 63 0d 0a 09  6d 76 69 09 68 2c 30 09  |v.l,c...mvi.h,0.|
000068f0  3b 48 4c 3d 64 69 73 6b  20 6e 75 6d 62 65 72 05  |;HL=disk number.|
00006900  01 07 01 00 32 01 01 00  0d 0a 09 64 61 64 09 68  |....2......dad.h|
00006910  09 3b 2a 32 0d 0a 09 64  61 64 09 68 09 3b 2a 34  |.;*2...dad.h.;*4|
00006920  0d 0a 09 64 61 64 09 68  09 3b 2a 38 0d 0a 09 64  |...dad.h.;*8...d|
00006930  61 64 09 68 09 3b 2a 31  36 0d 0a 09 6c 78 69 09  |ad.h.;*16...lxi.|
00006940  64 2c 64 70 62 61 73 65  0d 0a 09 64 61 64 09 64  |d,dpbase...dad.d|
00006950  09 3b 48 4c 3d 64 69 73  6b 20 68 65 61 64 65 72  |.;HL=disk header|
00006960  20 74 61 62 6c 65 20 61  64 64 72 65 73 73 0d 0a  | table address..|
00006970  09 72 65 74 0d 0a 3b 0d  0a 3b 0d 0a 73 65 74 74  |.ret..;..;..sett|
00006980  72 6b 3a 09 3b 73 65 74  20 74 72 61 63 6b 20 61  |rk:.;set track a|
00006990  64 64 72 65 73 73 20 67  69 76 65 6e 20 62 79 20  |ddress given by |
000069a0  63 0d 0a 09 6c 78 69 09  68 2c 69 6f 74 0d 0a 09  |c...lxi.h,iot...|
000069b0  6d 6f 76 09 6d 2c 63 0d  0a 09 72 65 74 0d 0a 3b  |mov.m,c...ret..;|
000069c0  0d 0a 73 65 74 73 65 63  3a 09 3b 73 65 74 20 73  |..setsec:.;set s|
000069d0  65 63 74 6f 72 20 6e 75  6d 62 65 72 20 67 69 76  |ector number giv|
000069e0  65 6e 20 62 79 20 63 0d  0a 09 6c 78 69 09 68 2c  |en by c...lxi.h,|
000069f0  69 6f 73 0d 0a 09 6d 6f  76 09 6d 2c 63 0d 0a 09  |ios...mov.m,c...|
00006a00  72 65 74 0d 0a 73 65 63  05 01 08 01 00 be 01 01  |ret..sec........|
00006a10  00 74 72 61 6e 3a 0d 0a  09 09 3b 74 72 61 6e 73  |.tran:....;trans|
00006a20  6c 61 74 65 20 73 65 63  74 6f 72 20 62 63 20 75  |late sector bc u|
00006a30  73 69 6e 67 20 74 61 62  6c 65 20 61 74 20 64 65  |sing table at de|
00006a40  0d 0a 09 6d 76 69 09 62  2c 30 09 3b 64 6f 75 62  |...mvi.b,0.;doub|
00006a50  6c 65 20 70 72 65 63 69  73 69 6f 6e 20 73 65 63  |le precision sec|
00006a60  74 6f 72 20 6e 75 6d 62  65 72 20 69 6e 20 42 43  |tor number in BC|
00006a70  0d 0a 09 78 63 68 67 09  09 3b 74 72 61 6e 73 6c  |...xchg..;transl|
00006a80  61 74 65 20 74 61 62 6c  65 20 61 64 64 72 65 73  |ate table addres|
00006a90  73 20 74 6f 20 48 4c 0d  0a 09 64 61 64 09 62 09  |s to HL...dad.b.|
00006aa0  3b 74 72 61 6e 73 6c 61  74 65 28 73 65 63 74 6f  |;translate(secto|
00006ab0  72 29 20 61 64 64 72 65  73 73 0d 0a 09 6d 6f 76  |r) address...mov|
00006ac0  09 61 2c 6d 09 3b 74 72  61 6e 73 6c 61 74 65 64  |.a,m.;translated|
00006ad0  20 73 65 63 74 6f 72 20  6e 75 6d 62 65 72 20 74  | sector number t|
00006ae0  6f 20 41 0d 0a 09 73 74  61 09 69 6f 73 0d 0a 09  |o A...sta.ios...|
00006af0  6d 6f 76 09 6c 2c 61 09  3b 72 65 74 75 72 6e 20  |mov.l,a.;return |
00006b00  73 65 63 74 6f 72 20 6e  75 6d 62 65 72 20 69 6e  |sector number in|
00006b10  20 05 01 09 01 00 0f 01  01 00 4c 0d 0a 09 72 65  | .........L...re|
00006b20  74 0d 0a 3b 0d 0a 73 65  74 64 6d 61 3a 09 3b 73  |t..;..setdma:.;s|
00006b30  65 74 20 64 6d 61 20 61  64 64 72 65 73 73 20 67  |et dma address g|
00006b40  69 76 65 6e 20 62 79 20  72 65 67 73 20 62 2c 63  |iven by regs b,c|
00006b50  0d 0a 09 6d 6f 76 09 6c  2c 63 0d 0a 09 6d 6f 76  |...mov.l,c...mov|
00006b60  09 68 2c 62 0d 0a 09 73  68 6c 64 09 69 6f 64 0d  |.h,b...shld.iod.|
00006b70  0a 09 72 65 74 0d 0a 3b  0d 0a 72 65 61 64 3a 09  |..ret..;..read:.|
00006b80  3b 72 65 61 64 20 6e 65  78 74 20 64 69 73 6b 20  |;read next disk |
00006b90  72 65 63 6f 72 64 20 28  61 73 73 75 6d 69 6e 67  |record (assuming|
00006ba0  20 64 69 73 6b 2f 74 72  6b 2f 73 65 63 2f 64 6d  | disk/trk/sec/dm|
00006bb0  61 20 73 65 74 29 0d 0a  09 6d 76 69 09 63 2c 72  |a set)...mvi.c,r|
00006bc0  65 61 64 66 09 3b 73 65  74 20 74 6f 20 72 65 61  |eadf.;set to rea|
00006bd0  64 20 66 75 6e 63 74 69  6f 6e 0d 0a 09 63 61 6c  |d function...cal|
00006be0  6c 09 73 65 74 66 75 6e  63 0d 0a 09 63 61 6c 6c  |l.setfunc...call|
00006bf0  09 77 61 69 74 69 6f 09  3b 70 65 72 66 6f 72 6d  |.waitio.;perform|
00006c00  20 72 65 61 64 20 66 75  6e 63 74 69 6f 6e 0d 0a  | read function..|
00006c10  09 72 65 74 09 09 3b 6d  61 79 05 01 0a 01 00 39  |.ret..;may.....9|
00006c20  01 01 00 20 68 61 76 65  20 65 72 72 6f 72 20 73  |... have error s|
00006c30  65 74 20 69 6e 20 72 65  67 2d 61 0d 0a 3b 0d 0a  |et in reg-a..;..|
00006c40  3b 0d 0a 77 72 69 74 65  3a 09 3b 64 69 73 6b 20  |;..write:.;disk |
00006c50  77 72 69 74 65 20 66 75  6e 63 74 69 6f 6e 0d 0a  |write function..|
00006c60  09 6d 76 69 09 63 2c 77  72 69 74 66 0d 0a 09 63  |.mvi.c,writf...c|
00006c70  61 6c 6c 09 73 65 74 66  75 6e 63 09 3b 73 65 74  |all.setfunc.;set|
00006c80  20 74 6f 20 77 72 69 74  65 20 66 75 6e 63 74 69  | to write functi|
00006c90  6f 6e 0d 0a 09 63 61 6c  6c 09 77 61 69 74 69 6f  |on...call.waitio|
00006ca0  0d 0a 09 72 65 74 09 09  3b 6d 61 79 20 68 61 76  |...ret..;may hav|
00006cb0  65 20 65 72 72 6f 72 20  73 65 74 0d 0a 3b 0d 0a  |e error set..;..|
00006cc0  3b 0d 0a 3b 09 75 74 69  6c 69 74 79 20 73 75 62  |;..;.utility sub|
00006cd0  72 6f 75 74 69 6e 65 73  0d 0a 70 72 6d 73 67 3a  |routines..prmsg:|
00006ce0  09 3b 70 72 69 6e 74 20  6d 65 73 73 61 67 65 20  |.;print message |
00006cf0  61 74 20 68 2c 6c 20 74  6f 20 30 0d 0a 09 6d 6f  |at h,l to 0...mo|
00006d00  76 09 61 2c 6d 0d 0a 09  6f 72 61 09 61 09 3b 7a  |v.a,m...ora.a.;z|
00006d10  65 72 6f 3f 0d 0a 09 72  7a 0d 0a 3b 09 6d 6f 72  |ero?...rz..;.mor|
00006d20  65 20 74 05 01 0b 01 00  20 01 01 00 6f 20 70 72  |e t..... ...o pr|
00006d30  69 6e 74 0d 0a 09 70 75  73 68 09 68 0d 0a 09 6d  |int...push.h...m|
00006d40  6f 76 09 63 2c 61 0d 0a  09 63 61 6c 6c 09 63 6f  |ov.c,a...call.co|
00006d50  6e 6f 75 74 0d 0a 09 70  6f 70 09 68 0d 0a 09 69  |nout...pop.h...i|
00006d60  6e 78 09 68 0d 0a 09 6a  6d 70 09 70 72 6d 73 67  |nx.h...jmp.prmsg|
00006d70  0d 0a 3b 0d 0a 73 65 74  66 75 6e 63 3a 0d 0a 3b  |..;..setfunc:..;|
00006d80  09 73 65 74 20 66 75 6e  63 74 69 6f 6e 20 66 6f  |.set function fo|
00006d90  72 20 6e 65 78 74 20 69  2f 6f 20 28 63 6f 6d 6d  |r next i/o (comm|
00006da0  61 6e 64 20 69 6e 20 72  65 67 2d 63 29 0d 0a 09  |and in reg-c)...|
00006db0  6c 78 69 09 68 2c 69 6f  66 09 3b 69 6f 20 66 75  |lxi.h,iof.;io fu|
00006dc0  6e 63 74 69 6f 6e 20 61  64 64 72 65 73 73 0d 0a  |nction address..|
00006dd0  09 6d 6f 76 09 61 2c 6d  09 3b 67 65 74 20 69 74  |.mov.a,m.;get it|
00006de0  20 74 6f 20 61 63 63 75  6d 75 6c 61 74 6f 72 20  | to accumulator |
00006df0  66 6f 72 20 6d 61 73 6b  69 6e 67 0d 0a 09 61 6e  |for masking...an|
00006e00  69 09 31 31 31 31 31 30  30 30 62 09 3b 72 65 6d  |i.11111000b.;rem|
00006e10  6f 76 65 20 70 72 65 76  69 6f 75 73 20 63 6f 6d  |ove previous com|
00006e20  6d 61 6e 64 0d 0a 09 6f  72 61 09 63 05 01 0c 01  |mand...ora.c....|
00006e30  00 66 01 01 00 09 3b 73  65 74 20 74 6f 20 6e 65  |.f....;set to ne|
00006e40  77 20 63 6f 6d 6d 61 6e  64 0d 0a 09 6d 6f 76 09  |w command...mov.|
00006e50  6d 2c 61 09 3b 72 65 70  6c 61 63 65 64 20 69 6e  |m,a.;replaced in|
00006e60  20 69 6f 70 62 0d 0a 3b  09 74 68 65 20 6d 64 73  | iopb..;.the mds|
00006e70  2d 38 30 30 20 63 6f 6e  74 72 6f 6c 6c 65 72 20  |-800 controller |
00006e80  72 65 71 75 69 72 65 73  20 64 69 73 6b 20 62 61  |requires disk ba|
00006e90  6e 6b 20 62 69 74 20 69  6e 20 73 65 63 74 6f 72  |nk bit in sector|
00006ea0  20 62 79 74 65 0d 0a 3b  09 6d 61 73 6b 20 74 68  | byte..;.mask th|
00006eb0  65 20 62 69 74 20 66 72  6f 6d 20 74 68 65 20 63  |e bit from the c|
00006ec0  75 72 72 65 6e 74 20 69  2f 6f 20 66 75 6e 63 74  |urrent i/o funct|
00006ed0  69 6f 6e 0d 0a 09 61 6e  69 09 30 30 31 30 30 30  |ion...ani.001000|
00006ee0  30 30 62 09 3b 6d 61 73  6b 20 74 68 65 20 64 69  |00b.;mask the di|
00006ef0  73 6b 20 73 65 6c 65 63  74 20 62 69 74 0d 0a 09  |sk select bit...|
00006f00  6c 78 69 09 68 2c 69 6f  73 09 09 3b 61 64 64 72  |lxi.h,ios..;addr|
00006f10  65 73 73 20 74 68 65 20  73 65 63 74 6f 72 20 73  |ess the sector s|
00006f20  65 6c 65 63 74 20 62 79  74 65 0d 0a 09 6f 72 61  |elect byte...ora|
00006f30  09 6d 09 09 3b 05 01 0d  01 00 f1 01 01 00 73 65  |.m..;.........se|
00006f40  6c 65 63 74 20 70 72 6f  70 65 72 20 64 69 73 6b  |lect proper disk|
00006f50  20 62 61 6e 6b 0d 0a 09  6d 6f 76 09 6d 2c 61 09  | bank...mov.m,a.|
00006f60  09 3b 73 65 74 20 64 69  73 6b 20 73 65 6c 65 63  |.;set disk selec|
00006f70  74 20 62 69 74 20 6f 6e  2f 6f 66 66 0d 0a 09 72  |t bit on/off...r|
00006f80  65 74 0d 0a 3b 0d 0a 77  61 69 74 69 6f 3a 0d 0a  |et..;..waitio:..|
00006f90  09 6d 76 69 09 63 2c 72  65 74 72 79 09 3b 6d 61  |.mvi.c,retry.;ma|
00006fa0  78 20 72 65 74 72 69 65  73 20 62 65 66 6f 72 65  |x retries before|
00006fb0  20 70 65 72 6d 20 65 72  72 6f 72 0d 0a 72 65 77  | perm error..rew|
00006fc0  61 69 74 3a 0d 0a 3b 09  73 74 61 72 74 20 74 68  |ait:..;.start th|
00006fd0  65 20 69 2f 6f 20 66 75  6e 63 74 69 6f 6e 20 61  |e i/o function a|
00006fe0  6e 64 20 77 61 69 74 20  66 6f 72 20 63 6f 6d 70  |nd wait for comp|
00006ff0  6c 65 74 69 6f 6e 0d 0a  09 63 61 6c 6c 09 69 6e  |letion...call.in|
00007000  74 79 70 65 09 3b 69 6e  20 72 74 79 70 65 0d 0a  |type.;in rtype..|
00007010  09 63 61 6c 6c 09 69 6e  62 79 74 65 09 3b 63 6c  |.call.inbyte.;cl|
00007020  65 61 72 73 20 74 68 65  20 63 6f 6e 74 72 6f 6c  |ears the control|
00007030  6c 65 72 0d 0a 3b 0d 0a  09 6c 64 61 09 64 05 01  |ler..;...lda.d..|
00007040  0e 01 00 68 01 01 00 62  61 6e 6b 09 09 3b 73 65  |...h...bank..;se|
00007050  74 20 62 61 6e 6b 20 66  6c 61 67 73 0d 0a 09 6f  |t bank flags...o|
00007060  72 61 09 61 09 09 3b 7a  65 72 6f 20 69 66 20 64  |ra.a..;zero if d|
00007070  72 69 76 65 20 30 2c 31  20 61 6e 64 20 6e 7a 20  |rive 0,1 and nz |
00007080  69 66 20 32 2c 33 0d 0a  09 6d 76 69 09 61 2c 69  |if 2,3...mvi.a,i|
00007090  6f 70 62 20 61 6e 64 20  30 66 66 68 09 3b 6c 6f  |opb and 0ffh.;lo|
000070a0  77 20 61 64 64 72 65 73  73 20 66 6f 72 20 69 6f  |w address for io|
000070b0  70 62 0d 0a 09 6d 76 69  09 62 2c 69 6f 70 62 20  |pb...mvi.b,iopb |
000070c0  73 68 72 20 38 09 3b 68  69 67 68 20 61 64 64 72  |shr 8.;high addr|
000070d0  65 73 73 20 66 6f 72 20  69 6f 70 62 0d 0a 09 6a  |ess for iopb...j|
000070e0  6e 7a 09 69 6f 64 72 31  09 3b 64 72 69 76 65 20  |nz.iodr1.;drive |
000070f0  62 61 6e 6b 20 31 3f 0d  0a 09 6f 75 74 09 69 6c  |bank 1?...out.il|
00007100  6f 77 09 09 3b 6c 6f 77  20 61 64 64 72 65 73 73  |ow..;low address|
00007110  20 74 6f 20 63 6f 6e 74  72 6f 6c 6c 65 72 0d 0a  | to controller..|
00007120  09 6d 6f 76 09 61 2c 62  0d 0a 09 6f 75 74 09 69  |.mov.a,b...out.i|
00007130  68 69 67 68 09 3b 68 69  67 68 20 61 64 64 72 65  |high.;high addre|
00007140  73 73 0d 0a 09 6a 6d 05  01 0f 01 00 fd 01 01 00  |ss...jm.........|
00007150  70 09 77 61 69 74 30 09  09 3b 74 6f 20 77 61 69  |p.wait0..;to wai|
00007160  74 20 66 6f 72 20 63 6f  6d 70 6c 65 74 65 0d 0a  |t for complete..|
00007170  3b 0d 0a 69 6f 64 72 31  3a 09 3b 64 72 69 76 65  |;..iodr1:.;drive|
00007180  20 62 61 6e 6b 20 31 0d  0a 09 6f 75 74 09 69 6c  | bank 1...out.il|
00007190  6f 77 2b 31 30 68 09 3b  38 38 20 66 6f 72 20 64  |ow+10h.;88 for d|
000071a0  72 69 76 65 20 62 61 6e  6b 20 31 30 0d 0a 09 6d  |rive bank 10...m|
000071b0  6f 76 09 61 2c 62 0d 0a  09 6f 75 74 09 69 68 69  |ov.a,b...out.ihi|
000071c0  67 68 2b 31 30 68 0d 0a  3b 0d 0a 77 61 69 74 30  |gh+10h..;..wait0|
000071d0  3a 09 63 61 6c 6c 09 69  6e 73 74 61 74 09 09 3b  |:.call.instat..;|
000071e0  77 61 69 74 20 66 6f 72  20 63 6f 6d 70 6c 65 74  |wait for complet|
000071f0  69 6f 6e 0d 0a 09 61 6e  69 09 69 6f 72 64 79 09  |ion...ani.iordy.|
00007200  09 3b 72 65 61 64 79 3f  0d 0a 09 6a 7a 09 77 61  |.;ready?...jz.wa|
00007210  69 74 30 0d 0a 3b 0d 0a  3b 09 63 68 65 63 6b 20  |it0..;..;.check |
00007220  69 6f 20 63 6f 6d 70 6c  65 74 69 6f 6e 20 6f 6b  |io completion ok|
00007230  0d 0a 09 63 61 6c 6c 09  69 6e 74 79 70 65 09 09  |...call.intype..|
00007240  3b 6d 75 73 74 20 62 65  20 69 6f 20 63 6f 6d 70  |;must be io comp|
00007250  05 01 10 01 00 f5 01 01  00 6c 65 74 65 20 28 30  |.........lete (0|
00007260  30 29 20 75 6e 6c 69 6e  6b 65 64 0d 0a 3b 09 30  |0) unlinked..;.0|
00007270  30 20 75 6e 6c 69 6e 6b  65 64 20 69 2f 6f 20 63  |0 unlinked i/o c|
00007280  6f 6d 70 6c 65 74 65 2c  20 20 20 20 30 31 20 6c  |omplete,    01 l|
00007290  69 6e 6b 65 64 20 69 2f  6f 20 63 6f 6d 70 6c 65  |inked i/o comple|
000072a0  74 65 20 28 6e 6f 74 20  75 73 65 64 29 0d 0a 3b  |te (not used)..;|
000072b0  09 31 30 20 64 69 73 6b  20 73 74 61 74 75 73 20  |.10 disk status |
000072c0  63 68 61 6e 67 65 64 20  20 20 20 20 20 20 31 31  |changed       11|
000072d0  20 28 6e 6f 74 20 75 73  65 64 29 0d 0a 09 63 70  | (not used)...cp|
000072e0  69 09 31 30 62 09 09 3b  72 65 61 64 79 20 73 74  |i.10b..;ready st|
000072f0  61 74 75 73 20 63 68 61  6e 67 65 3f 0d 0a 09 6a  |atus change?...j|
00007300  7a 09 77 72 65 61 64 79  0d 0a 3b 0d 0a 3b 09 6d  |z.wready..;..;.m|
00007310  75 73 74 20 62 65 20 30  30 20 69 6e 20 74 68 65  |ust be 00 in the|
00007320  20 61 63 63 75 6d 75 6c  61 74 6f 72 0d 0a 09 6f  | accumulator...o|
00007330  72 61 09 61 0d 0a 09 6a  6e 7a 09 77 65 72 72 6f  |ra.a...jnz.werro|
00007340  72 09 09 3b 73 6f 6d 65  20 6f 74 68 65 72 20 63  |r..;some other c|
00007350  6f 6e 64 69 74 69 6f 6e  2c 10 06 00 76 06 00 01  |ondition,...v...|
00007360  01 00 89 01 01 00 20 72  65 74 72 79 0d 0a 3b 0d  |...... retry..;.|
00007370  0a 3b 09 63 68 65 63 6b  20 69 2f 6f 20 65 72 72  |.;.check i/o err|
00007380  6f 72 20 62 69 74 73 0d  0a 09 63 61 6c 6c 09 69  |or bits...call.i|
00007390  6e 62 79 74 65 0d 0a 09  72 61 6c 0d 0a 09 6a 63  |nbyte...ral...jc|
000073a0  09 77 72 65 61 64 79 09  09 3b 75 6e 69 74 20 6e  |.wready..;unit n|
000073b0  6f 74 20 72 65 61 64 79  0d 0a 09 72 61 72 0d 0a  |ot ready...rar..|
000073c0  09 61 6e 69 09 31 31 31  31 31 31 31 30 62 09 3b  |.ani.11111110b.;|
000073d0  61 6e 79 20 6f 74 68 65  72 20 65 72 72 6f 72 73  |any other errors|
000073e0  3f 20 20 28 64 65 6c 65  74 65 64 20 64 61 74 61  |?  (deleted data|
000073f0  20 6f 6b 29 0d 0a 09 6a  6e 7a 09 77 65 72 72 6f  | ok)...jnz.werro|
00007400  72 0d 0a 3b 0d 0a 3b 09  72 65 61 64 20 6f 72 20  |r..;..;.read or |
00007410  77 72 69 74 65 20 69 73  20 6f 6b 2c 20 61 63 63  |write is ok, acc|
00007420  75 6d 75 6c 61 74 6f 72  20 63 6f 6e 74 61 69 6e  |umulator contain|
00007430  73 20 7a 65 72 6f 0d 0a  09 72 65 74 0d 0a 3b 0d  |s zero...ret..;.|
00007440  0a 77 72 65 61 64 79 3a  09 3b 6e 6f 74 20 72 65  |.wready:.;not re|
00007450  61 64 79 2c 20 74 72 65  61 74 20 61 73 20 65 72  |ady, treat as er|
00007460  72 6f 72 20 66 6f 06 00  02 01 00 9d 01 01 00 72  |ror fo.........r|
00007470  20 6e 6f 77 0d 0a 09 63  61 6c 6c 09 69 6e 62 79  | now...call.inby|
00007480  74 65 09 09 3b 63 6c 65  61 72 20 72 65 73 75 6c  |te..;clear resul|
00007490  74 20 62 79 74 65 0d 0a  09 6a 6d 70 09 74 72 79  |t byte...jmp.try|
000074a0  63 6f 75 6e 74 0d 0a 3b  0d 0a 77 65 72 72 6f 72  |count..;..werror|
000074b0  3a 09 3b 72 65 74 75 72  6e 20 68 61 72 64 77 61  |:.;return hardwa|
000074c0  72 65 20 6d 61 6c 66 75  6e 63 74 69 6f 6e 20 28  |re malfunction (|
000074d0  63 72 63 2c 20 74 72 61  63 6b 2c 20 73 65 65 6b  |crc, track, seek|
000074e0  2c 20 65 74 63 2e 29 0d  0a 3b 09 74 68 65 20 6d  |, etc.)..;.the m|
000074f0  64 73 20 63 6f 6e 74 72  6f 6c 6c 65 72 20 68 61  |ds controller ha|
00007500  73 20 72 65 74 75 72 6e  65 64 20 61 20 62 69 74  |s returned a bit|
00007510  20 69 6e 20 65 61 63 68  20 70 6f 73 69 74 69 6f  | in each positio|
00007520  6e 0d 0a 3b 09 6f 66 20  74 68 65 20 61 63 63 75  |n..;.of the accu|
00007530  6d 75 6c 61 74 6f 72 2c  20 63 6f 72 72 65 73 70  |mulator, corresp|
00007540  6f 6e 64 69 6e 67 20 74  6f 20 74 68 65 20 63 6f  |onding to the co|
00007550  6e 64 69 74 69 6f 6e 73  3a 0d 0a 3b 09 30 09 2d  |nditions:..;.0.-|
00007560  20 64 65 6c 65 74 65 64  20 64 61 74 61 20 28 06  | deleted data (.|
00007570  00 03 01 00 ef 01 01 00  61 63 63 65 70 74 65 64  |........accepted|
00007580  20 61 73 20 6f 6b 20 61  62 6f 76 65 29 0d 0a 3b  | as ok above)..;|
00007590  09 31 09 2d 20 63 72 63  20 65 72 72 6f 72 0d 0a  |.1.- crc error..|
000075a0  3b 09 32 09 2d 20 73 65  65 6b 20 65 72 72 6f 72  |;.2.- seek error|
000075b0  0d 0a 3b 09 33 09 2d 20  61 64 64 72 65 73 73 20  |..;.3.- address |
000075c0  65 72 72 6f 72 20 28 68  61 72 64 77 61 72 65 20  |error (hardware |
000075d0  6d 61 6c 66 75 6e 63 74  69 6f 6e 29 0d 0a 3b 09  |malfunction)..;.|
000075e0  34 09 2d 20 64 61 74 61  20 6f 76 65 72 2f 75 6e  |4.- data over/un|
000075f0  64 65 72 20 66 6c 6f 77  20 28 68 61 72 64 77 61  |der flow (hardwa|
00007600  72 65 20 6d 61 6c 66 75  6e 63 74 69 6f 6e 29 0d  |re malfunction).|
00007610  0a 3b 09 35 09 2d 20 77  72 69 74 65 20 70 72 6f  |.;.5.- write pro|
00007620  74 65 63 74 20 28 74 72  65 61 74 65 64 20 61 73  |tect (treated as|
00007630  20 6e 6f 74 20 72 65 61  64 79 29 0d 0a 3b 09 36  | not ready)..;.6|
00007640  09 2d 20 77 72 69 74 65  20 65 72 72 6f 72 20 28  |.- write error (|
00007650  68 61 72 64 77 61 72 65  20 6d 61 6c 66 75 6e 63  |hardware malfunc|
00007660  74 69 6f 6e 29 0d 0a 3b  09 37 09 2d 20 6e 6f 74  |tion)..;.7.- not|
00007670  20 72 65 61 64 79 0d 0a  06 00 04 01 00 84 01 01  | ready..........|
00007680  00 3b 09 28 61 63 63 75  6d 75 6c 61 74 6f 72 20  |.;.(accumulator |
00007690  62 69 74 73 20 61 72 65  20 6e 75 6d 62 65 72 65  |bits are numbere|
000076a0  64 20 37 20 36 20 35 20  34 20 33 20 32 20 31 20  |d 7 6 5 4 3 2 1 |
000076b0  30 29 0d 0a 3b 0d 0a 3b  09 69 74 20 6d 61 79 20  |0)..;..;.it may |
000076c0  62 65 20 75 73 65 66 75  6c 20 74 6f 20 66 69 6c  |be useful to fil|
000076d0  74 65 72 20 6f 75 74 20  74 68 65 20 76 61 72 69  |ter out the vari|
000076e0  6f 75 73 20 63 6f 6e 64  69 74 69 6f 6e 73 2c 0d  |ous conditions,.|
000076f0  0a 3b 09 62 75 74 20 77  65 20 77 69 6c 6c 20 67  |.;.but we will g|
00007700  65 74 20 61 20 70 65 72  6d 61 6e 65 6e 74 20 65  |et a permanent e|
00007710  72 72 6f 72 20 6d 65 73  73 61 67 65 20 69 66 20  |rror message if |
00007720  69 74 20 69 73 20 6e 6f  74 0d 0a 3b 09 72 65 63  |it is not..;.rec|
00007730  6f 76 65 72 61 62 6c 65  2e 20 20 69 6e 20 61 6e  |overable.  in an|
00007740  79 20 63 61 73 65 2c 20  74 68 65 20 6e 6f 74 20  |y case, the not |
00007750  72 65 61 64 79 20 63 6f  6e 64 69 74 69 6f 6e 20  |ready condition |
00007760  69 73 0d 0a 3b 09 74 72  65 61 74 65 64 20 61 73  |is..;.treated as|
00007770  20 61 20 73 65 70 61 72  61 74 65 20 63 6f 6e 64  | a separate cond|
00007780  69 06 00 05 01 00 0e 01  01 00 74 69 6f 6e 20 66  |i.........tion f|
00007790  6f 72 20 6c 61 74 65 72  20 69 6d 70 72 6f 76 65  |or later improve|
000077a0  6d 65 6e 74 0d 0a 74 72  79 63 6f 75 6e 74 3a 0d  |ment..trycount:.|
000077b0  0a 3b 09 72 65 67 69 73  74 65 72 20 63 20 63 6f  |.;.register c co|
000077c0  6e 74 61 69 6e 73 20 72  65 74 72 79 20 63 6f 75  |ntains retry cou|
000077d0  6e 74 2c 20 64 65 63 72  65 6d 65 6e 74 20 27 74  |nt, decrement 't|
000077e0  69 6c 20 7a 65 72 6f 0d  0a 09 64 63 72 09 63 0d  |il zero...dcr.c.|
000077f0  0a 09 6a 6e 7a 09 72 65  77 61 69 74 09 3b 66 6f  |..jnz.rewait.;fo|
00007800  72 20 61 6e 6f 74 68 65  72 20 74 72 79 0d 0a 3b  |r another try..;|
00007810  0d 0a 3b 09 63 61 6e 6e  6f 74 20 72 65 63 6f 76  |..;.cannot recov|
00007820  65 72 20 66 72 6f 6d 20  65 72 72 6f 72 0d 0a 09  |er from error...|
00007830  6d 76 69 09 61 2c 31 09  3b 65 72 72 6f 72 20 63  |mvi.a,1.;error c|
00007840  6f 64 65 0d 0a 09 72 65  74 0d 0a 3b 0d 0a 3b 09  |ode...ret..;..;.|
00007850  69 6e 74 79 70 65 2c 20  69 6e 62 79 74 65 2c 20  |intype, inbyte, |
00007860  69 6e 73 74 61 74 20 72  65 61 64 20 64 72 69 76  |instat read driv|
00007870  65 20 62 61 6e 6b 20 30  30 20 6f 72 20 31 30 0d  |e bank 00 or 10.|
00007880  0a 69 6e 74 79 70 65 3a  09 6c 06 00 06 01 00 02  |.intype:.l......|
00007890  01 01 00 64 61 09 64 62  61 6e 6b 0d 0a 09 6f 72  |...da.dbank...or|
000078a0  61 09 61 0d 0a 09 6a 6e  7a 09 69 6e 74 79 70 31  |a.a...jnz.intyp1|
000078b0  09 3b 73 6b 69 70 20 74  6f 20 62 61 6e 6b 20 31  |.;skip to bank 1|
000078c0  30 0d 0a 09 69 6e 09 72  74 79 70 65 0d 0a 09 72  |0...in.rtype...r|
000078d0  65 74 0d 0a 69 6e 74 79  70 31 3a 09 69 6e 09 72  |et..intyp1:.in.r|
000078e0  74 79 70 65 2b 31 30 68  09 3b 37 38 20 66 6f 72  |type+10h.;78 for|
000078f0  20 30 2c 31 20 20 38 38  20 66 6f 72 20 32 2c 33  | 0,1  88 for 2,3|
00007900  0d 0a 09 72 65 74 0d 0a  3b 0d 0a 69 6e 62 79 74  |...ret..;..inbyt|
00007910  65 3a 09 6c 64 61 09 64  62 61 6e 6b 0d 0a 09 6f  |e:.lda.dbank...o|
00007920  72 61 09 61 0d 0a 09 6a  6e 7a 09 69 6e 62 79 74  |ra.a...jnz.inbyt|
00007930  31 0d 0a 09 69 6e 09 72  62 79 74 65 0d 0a 09 72  |1...in.rbyte...r|
00007940  65 74 0d 0a 69 6e 62 79  74 31 3a 09 69 6e 09 72  |et..inbyt1:.in.r|
00007950  62 79 74 65 2b 31 30 68  0d 0a 09 72 65 74 0d 0a  |byte+10h...ret..|
00007960  3b 0d 0a 69 6e 73 74 61  74 3a 09 6c 64 61 09 64  |;..instat:.lda.d|
00007970  62 61 6e 6b 0d 0a 09 6f  72 61 09 61 0d 0a 09 6a  |bank...ora.a...j|
00007980  6e 7a 09 69 6e 73 74 61  31 0d 0a 09 69 6e 09 64  |nz.insta1...in.d|
00007990  73 74 61 06 00 07 01 00  46 01 01 00 74 0d 0a 09  |sta.....F...t...|
000079a0  72 65 74 0d 0a 69 6e 73  74 61 31 3a 09 69 6e 09  |ret..insta1:.in.|
000079b0  64 73 74 61 74 2b 31 30  68 0d 0a 09 72 65 74 0d  |dstat+10h...ret.|
000079c0  0a 3b 0d 0a 3b 0d 0a 3b  0d 0a 3b 09 64 61 74 61  |.;..;..;..;.data|
000079d0  20 61 72 65 61 73 20 28  6d 75 73 74 20 62 65 20  | areas (must be |
000079e0  69 6e 20 72 61 6d 29 0d  0a 64 62 61 6e 6b 3a 09  |in ram)..dbank:.|
000079f0  64 62 09 30 09 3b 64 69  73 6b 20 62 61 6e 6b 20  |db.0.;disk bank |
00007a00  30 30 20 69 66 20 64 72  69 76 65 20 30 2c 31 0d  |00 if drive 0,1.|
00007a10  0a 09 09 09 3b 09 20 20  20 31 30 20 69 66 20 64  |....;.   10 if d|
00007a20  72 69 76 65 20 32 2c 33  0d 0a 69 6f 70 62 3a 09  |rive 2,3..iopb:.|
00007a30  3b 69 6f 20 70 61 72 61  6d 65 74 65 72 20 62 6c  |;io parameter bl|
00007a40  6f 63 6b 0d 0a 09 64 62  09 38 30 68 09 3b 6e 6f  |ock...db.80h.;no|
00007a50  72 6d 61 6c 20 69 2f 6f  20 6f 70 65 72 61 74 69  |rmal i/o operati|
00007a60  6f 6e 0d 0a 69 6f 66 3a  09 64 62 09 72 65 61 64  |on..iof:.db.read|
00007a70  66 09 3b 69 6f 20 66 75  6e 63 74 69 6f 6e 2c 20  |f.;io function, |
00007a80  69 6e 69 74 69 61 6c 20  72 65 61 64 0d 0a 69 6f  |initial read..io|
00007a90  6e 3a 09 64 62 09 31 09  3b 6e 75 6d 06 00 08 01  |n:.db.1.;num....|
00007aa0  00 47 af 00 02 00 a5 62  65 72 20 6f 66 20 73 65  |.G.....ber of se|
00007ab0  63 74 6f 72 73 20 74 6f  20 72 65 61 64 0d 0a 69  |ctors to read..i|
00007ac0  6f 74 3a 09 64 62 09 6f  66 66 73 65 74 09 3b 74  |ot:.db.offset.;t|
00007ad0  72 61 63 6b 20 6e 75 6d  62 65 72 0d 0a 69 6f 73  |rack number..ios|
00007ae0  3a 09 64 62 09 31 09 3b  73 65 63 74 6f 72 20 6e  |:.db.1.;sector n|
00007af0  75 6d 62 65 72 0d 0a 69  6f 64 3a 09 64 77 09 62  |umber..iod:.dw.b|
00007b00  75 66 66 09 3b 69 6f 20  61 64 64 72 65 73 73 0d  |uff.;io address.|
00007b10  0a 3b 0d 0a 3b 0d 0a 3b  09 64 65 66 69 6e 65 20  |.;..;..;.define |
00007b20  72 61 6d 20 61 72 65 61  73 20 66 6f 72 20 62 64  |ram areas for bd|
00007b30  6f 73 20 6f 70 65 72 61  74 69 6f 6e 0d 0a 09 65  |os operation...e|
00007b40  6e 64 65 66 0d 0a 09 65  6e 64 0d 0a 01 2d 1a 1a  |ndef...end...-..|
00007b50  00 01 1a 06 00 09 01 00  db 01 01 00 3b 09 53 6b  |............;.Sk|
00007b60  65 6c 65 74 61 6c 20 43  42 49 4f 53 20 66 6f 72  |eletal CBIOS for|
00007b70  20 66 69 72 73 74 20 6c  65 76 65 6c 20 6f 66 20  | first level of |
00007b80  43 50 2f 4d 20 32 2e 30  20 61 6c 74 65 72 61 74  |CP/M 2.0 alterat|
00007b90  69 6f 6e 0d 0a 3b 0d 0a  6d 73 69 7a 65 09 65 71  |ion..;..msize.eq|
00007ba0  75 09 32 30 09 3b 63 70  2f 6d 20 76 65 72 73 69  |u.20.;cp/m versi|
00007bb0  6f 6e 20 6d 65 6d 6f 72  79 20 73 69 7a 65 20 69  |on memory size i|
00007bc0  6e 20 6b 69 6c 6f 62 79  74 65 73 0d 0a 3b 0d 0a  |n kilobytes..;..|
00007bd0  3b 09 22 62 69 61 73 22  20 69 73 20 61 64 64 72  |;."bias" is addr|
00007be0  65 73 73 20 6f 66 66 73  65 74 20 66 72 6f 6d 20  |ess offset from |
00007bf0  33 34 30 30 48 20 66 6f  72 20 6d 65 6d 6f 72 79  |3400H for memory|
00007c00  20 73 79 73 74 65 6d 73  0d 0a 3b 09 74 68 61 6e  | systems..;.than|
00007c10  20 31 36 4b 20 28 72 65  66 65 72 72 65 64 20 74  | 16K (referred t|
00007c20  6f 20 61 73 20 22 62 22  20 74 68 72 6f 75 67 68  |o as "b" through|
00007c30  6f 75 74 20 74 68 65 20  74 65 78 74 29 2e 0d 0a  |out the text)...|
00007c40  3b 0d 0a 62 69 61 73 09  65 71 75 09 28 6d 73 69  |;..bias.equ.(msi|
00007c50  7a 65 2d 32 30 29 2a 31  30 32 34 0d 06 00 0a 01  |ze-20)*1024.....|
00007c60  00 6b 01 01 00 0a 63 63  70 09 65 71 75 09 33 34  |.k....ccp.equ.34|
00007c70  30 30 48 2b 62 69 61 73  09 3b 62 61 73 65 20 6f  |00H+bias.;base o|
00007c80  66 20 63 63 70 0d 0a 62  64 6f 73 09 65 71 75 09  |f ccp..bdos.equ.|
00007c90  63 63 70 2b 38 30 36 68  09 3b 62 61 73 65 20 6f  |ccp+806h.;base o|
00007ca0  66 20 62 64 6f 73 0d 0a  62 69 6f 73 09 65 71 75  |f bdos..bios.equ|
00007cb0  09 63 63 70 2b 31 36 30  30 68 09 3b 62 61 73 65  |.ccp+1600h.;base|
00007cc0  20 6f 66 20 62 69 6f 73  0d 0a 63 64 69 73 6b 09  | of bios..cdisk.|
00007cd0  65 71 75 09 30 30 30 34  48 09 3b 63 75 72 72 65  |equ.0004H.;curre|
00007ce0  6e 74 20 64 69 73 6b 20  6e 75 6d 62 65 72 20 30  |nt disk number 0|
00007cf0  3d 41 2c 2e 2e 2e 2c 31  35 3d 50 0d 0a 69 6f 62  |=A,...,15=P..iob|
00007d00  79 74 65 09 65 71 75 09  30 30 30 33 68 09 3b 69  |yte.equ.0003h.;i|
00007d10  6e 74 65 6c 20 69 2f 6f  20 62 79 74 65 0d 0a 3b  |ntel i/o byte..;|
00007d20  0d 0a 09 6f 72 67 09 62  69 6f 73 09 3b 6f 72 69  |...org.bios.;ori|
00007d30  67 69 6e 20 6f 66 20 74  68 69 73 20 70 72 6f 67  |gin of this prog|
00007d40  72 61 6d 0d 0a 6e 73 65  63 74 73 09 65 71 75 09  |ram..nsects.equ.|
00007d50  28 24 2d 63 63 70 29 2f  31 32 38 09 3b 77 61 72  |($-ccp)/128.;war|
00007d60  6d 20 73 74 61 06 00 0b  01 00 f8 01 01 00 72 74  |m sta.........rt|
00007d70  20 73 65 63 74 6f 72 20  63 6f 75 6e 74 0d 0a 3b  | sector count..;|
00007d80  0d 0a 3b 09 6a 75 6d 70  20 76 65 63 74 6f 72 20  |..;.jump vector |
00007d90  66 6f 72 20 69 6e 64 69  76 69 64 75 61 6c 20 73  |for individual s|
00007da0  75 62 72 6f 75 74 69 6e  65 73 0d 0a 09 6a 6d 70  |ubroutines...jmp|
00007db0  09 62 6f 6f 74 09 09 3b  63 6f 6c 64 20 73 74 61  |.boot..;cold sta|
00007dc0  72 74 0d 0a 77 62 6f 6f  74 65 3a 09 6a 6d 70 09  |rt..wboote:.jmp.|
00007dd0  77 62 6f 6f 74 09 09 3b  77 61 72 6d 20 73 74 61  |wboot..;warm sta|
00007de0  72 74 0d 0a 09 6a 6d 70  09 63 6f 6e 73 74 09 09  |rt...jmp.const..|
00007df0  3b 63 6f 6e 73 6f 6c 65  20 73 74 61 74 75 73 0d  |;console status.|
00007e00  0a 09 6a 6d 70 09 63 6f  6e 69 6e 09 09 3b 63 6f  |..jmp.conin..;co|
00007e10  6e 73 6f 6c 65 20 63 68  61 72 61 63 74 65 72 20  |nsole character |
00007e20  69 6e 0d 0a 09 6a 6d 70  09 63 6f 6e 6f 75 74 09  |in...jmp.conout.|
00007e30  09 3b 63 6f 6e 73 6f 6c  65 20 63 68 61 72 61 63  |.;console charac|
00007e40  74 65 72 20 6f 75 74 0d  0a 09 6a 6d 70 09 6c 69  |ter out...jmp.li|
00007e50  73 74 09 09 3b 6c 69 73  74 20 63 68 61 72 61 63  |st..;list charac|
00007e60  74 65 72 20 6f 75 74 0d  0a 09 6a 6d 70 09 06 00  |ter out...jmp...|
00007e70  0c 01 00 4a 01 01 00 70  75 6e 63 68 09 09 3b 70  |...J...punch..;p|
00007e80  75 6e 63 68 20 63 68 61  72 61 63 74 65 72 20 6f  |unch character o|
00007e90  75 74 0d 0a 09 6a 6d 70  09 72 65 61 64 65 72 09  |ut...jmp.reader.|
00007ea0  09 3b 72 65 61 64 65 72  20 63 68 61 72 61 63 74  |.;reader charact|
00007eb0  65 72 20 6f 75 74 0d 0a  09 6a 6d 70 09 68 6f 6d  |er out...jmp.hom|
00007ec0  65 09 09 3b 6d 6f 76 65  20 68 65 61 64 20 74 6f  |e..;move head to|
00007ed0  20 68 6f 6d 65 20 70 6f  73 69 74 69 6f 6e 0d 0a  | home position..|
00007ee0  09 6a 6d 70 09 73 65 6c  64 73 6b 09 09 3b 73 65  |.jmp.seldsk..;se|
00007ef0  6c 65 63 74 20 64 69 73  6b 0d 0a 09 6a 6d 70 09  |lect disk...jmp.|
00007f00  73 65 74 74 72 6b 09 09  3b 73 65 74 20 74 72 61  |settrk..;set tra|
00007f10  63 6b 20 6e 75 6d 62 65  72 0d 0a 09 6a 6d 70 09  |ck number...jmp.|
00007f20  73 65 74 73 65 63 09 09  3b 73 65 74 20 73 65 63  |setsec..;set sec|
00007f30  74 6f 72 20 6e 75 6d 62  65 72 0d 0a 09 6a 6d 70  |tor number...jmp|
00007f40  09 73 65 74 64 6d 61 09  09 3b 73 65 74 20 64 6d  |.setdma..;set dm|
00007f50  61 20 61 64 64 72 65 73  73 0d 0a 09 6a 6d 70 09  |a address...jmp.|
00007f60  72 65 61 64 09 09 3b 72  65 61 64 20 64 69 73 6b  |read..;read disk|
00007f70  0d 0a 09 6a 6d 70 09 06  00 0d 01 00 10 01 01 00  |...jmp..........|
00007f80  77 72 69 74 65 09 09 3b  77 72 69 74 65 20 64 69  |write..;write di|
00007f90  73 6b 0d 0a 09 6a 6d 70  09 6c 69 73 74 73 74 09  |sk...jmp.listst.|
00007fa0  09 3b 72 65 74 75 72 6e  20 6c 69 73 74 20 73 74  |.;return list st|
00007fb0  61 74 75 73 0d 0a 09 6a  6d 70 09 73 65 63 74 72  |atus...jmp.sectr|
00007fc0  61 6e 09 09 3b 73 65 63  74 6f 72 20 74 72 61 6e  |an..;sector tran|
00007fd0  73 6c 61 74 65 0d 0a 3b  0d 0a 3b 09 66 69 78 65  |slate..;..;.fixe|
00007fe0  64 20 64 61 74 61 20 74  61 62 6c 65 73 20 66 6f  |d data tables fo|
00007ff0  72 20 66 6f 75 72 2d 64  72 69 76 65 20 73 74 61  |r four-drive sta|
00008000  6e 64 61 72 64 0d 0a 3b  09 49 42 4d 2d 63 6f 6d  |ndard..;.IBM-com|
00008010  70 61 74 69 62 6c 65 20  38 22 20 64 69 73 6b 73  |patible 8" disks|
00008020  0d 0a 3b 09 64 69 73 6b  20 70 61 72 61 6d 65 74  |..;.disk paramet|
00008030  65 72 20 68 65 61 64 65  72 20 66 6f 72 20 64 69  |er header for di|
00008040  73 6b 20 30 30 0d 0a 64  70 62 61 73 65 3a 09 64  |sk 00..dpbase:.d|
00008050  77 09 74 72 61 6e 73 2c  30 30 30 30 48 0d 0a 09  |w.trans,0000H...|
00008060  64 77 09 30 30 30 30 48  2c 30 30 30 30 48 0d 0a  |dw.0000H,0000H..|
00008070  09 64 77 09 64 69 72 62  66 2c 64 70 62 6c 6b 0d  |.dw.dirbf,dpblk.|
00008080  06 00 0e 01 00 d0 01 01  00 0a 09 64 77 09 63 68  |...........dw.ch|
00008090  6b 30 30 2c 61 6c 6c 30  30 0d 0a 3b 09 64 69 73  |k00,all00..;.dis|
000080a0  6b 20 70 61 72 61 6d 65  74 65 72 20 68 65 61 64  |k parameter head|
000080b0  65 72 20 66 6f 72 20 64  69 73 6b 20 30 31 0d 0a  |er for disk 01..|
000080c0  09 64 77 09 74 72 61 6e  73 2c 30 30 30 30 48 0d  |.dw.trans,0000H.|
000080d0  0a 09 64 77 09 30 30 30  30 48 2c 30 30 30 30 48  |..dw.0000H,0000H|
000080e0  0d 0a 09 64 77 09 64 69  72 62 66 2c 64 70 62 6c  |...dw.dirbf,dpbl|
000080f0  6b 0d 0a 09 64 77 09 63  68 6b 30 31 2c 61 6c 6c  |k...dw.chk01,all|
00008100  30 31 0d 0a 3b 09 64 69  73 6b 20 70 61 72 61 6d  |01..;.disk param|
00008110  65 74 65 72 20 68 65 61  64 65 72 20 66 6f 72 20  |eter header for |
00008120  64 69 73 6b 20 30 32 0d  0a 09 64 77 09 74 72 61  |disk 02...dw.tra|
00008130  6e 73 2c 30 30 30 30 48  0d 0a 09 64 77 09 30 30  |ns,0000H...dw.00|
00008140  30 30 48 2c 30 30 30 30  48 0d 0a 09 64 77 09 64  |00H,0000H...dw.d|
00008150  69 72 62 66 2c 64 70 62  6c 6b 0d 0a 09 64 77 09  |irbf,dpblk...dw.|
00008160  63 68 6b 30 32 2c 61 6c  6c 30 32 0d 0a 3b 09 64  |chk02,all02..;.d|
00008170  69 73 6b 20 70 61 72 61  6d 65 74 65 72 20 68 65  |isk parameter he|
00008180  61 64 65 72 20 66 6f 72  20 06 00 0f 01 00 ae 01  |ader for .......|
00008190  01 00 64 69 73 6b 20 30  33 0d 0a 09 64 77 09 74  |..disk 03...dw.t|
000081a0  72 61 6e 73 2c 30 30 30  30 48 0d 0a 09 64 77 09  |rans,0000H...dw.|
000081b0  30 30 30 30 48 2c 30 30  30 30 48 0d 0a 09 64 77  |0000H,0000H...dw|
000081c0  09 64 69 72 62 66 2c 64  70 62 6c 6b 0d 0a 09 64  |.dirbf,dpblk...d|
000081d0  77 09 63 68 6b 30 33 2c  61 6c 6c 30 33 0d 0a 3b  |w.chk03,all03..;|
000081e0  0d 0a 3b 09 73 65 63 74  6f 72 20 74 72 61 6e 73  |..;.sector trans|
000081f0  6c 61 74 65 20 76 65 63  74 6f 72 0d 0a 74 72 61  |late vector..tra|
00008200  6e 73 3a 09 64 62 09 31  2c 37 2c 31 33 2c 31 39  |ns:.db.1,7,13,19|
00008210  09 3b 73 65 63 74 6f 72  73 20 31 2c 32 2c 33 2c  |.;sectors 1,2,3,|
00008220  34 0d 0a 09 64 62 09 32  35 2c 35 2c 31 31 2c 31  |4...db.25,5,11,1|
00008230  37 09 3b 73 65 63 74 6f  72 73 20 35 2c 36 2c 37  |7.;sectors 5,6,7|
00008240  2c 38 0d 0a 09 64 62 09  32 33 2c 33 2c 39 2c 31  |,8...db.23,3,9,1|
00008250  35 09 3b 73 65 63 74 6f  72 73 20 39 2c 31 30 2c  |5.;sectors 9,10,|
00008260  31 31 2c 31 32 0d 0a 09  64 62 09 32 31 2c 32 2c  |11,12...db.21,2,|
00008270  38 2c 31 34 09 3b 73 65  63 74 6f 72 73 20 31 33  |8,14.;sectors 13|
00008280  2c 31 34 2c 31 35 2c 31  36 0d 0a 09 64 62 09 32  |,14,15,16...db.2|
00008290  30 2c 06 00 10 01 00 68  01 01 00 32 36 2c 36 2c  |0,.....h...26,6,|
000082a0  31 32 09 3b 73 65 63 74  6f 72 73 20 31 37 2c 31  |12.;sectors 17,1|
000082b0  38 2c 31 39 2c 32 30 0d  0a 09 64 62 09 31 38 2c  |8,19,20...db.18,|
000082c0  32 34 2c 34 2c 31 30 09  3b 73 65 63 74 6f 72 73  |24,4,10.;sectors|
000082d0  20 32 31 2c 32 32 2c 32  33 2c 32 34 0d 0a 09 64  | 21,22,23,24...d|
000082e0  62 09 31 36 2c 32 32 09  09 3b 73 65 63 74 6f 72  |b.16,22..;sector|
000082f0  73 20 32 35 2c 32 36 0d  0a 3b 0d 0a 64 70 62 6c  |s 25,26..;..dpbl|
00008300  6b 3a 09 3b 64 69 73 6b  20 70 61 72 61 6d 65 74  |k:.;disk paramet|
00008310  65 72 20 62 6c 6f 63 6b  2c 20 63 6f 6d 6d 6f 6e  |er block, common|
00008320  20 74 6f 20 61 6c 6c 20  64 69 73 6b 73 0d 0a 09  | to all disks...|
00008330  64 77 09 32 36 09 09 3b  73 65 63 74 6f 72 73 20  |dw.26..;sectors |
00008340  70 65 72 20 74 72 61 63  6b 0d 0a 09 64 62 09 33  |per track...db.3|
00008350  09 09 3b 62 6c 6f 63 6b  20 73 68 69 66 74 20 66  |..;block shift f|
00008360  61 63 74 6f 72 0d 0a 09  64 62 09 37 09 09 3b 62  |actor...db.7..;b|
00008370  6c 6f 63 6b 20 6d 61 73  6b 0d 0a 09 64 62 09 30  |lock mask...db.0|
00008380  09 09 3b 6e 75 6c 6c 20  6d 61 73 6b 0d 0a 09 64  |..;null mask...d|
00008390  77 09 32 34 32 09 09 3b  64 69 73 10 06 01 e1 06  |w.242..;dis.....|
000083a0  01 01 01 00 ac 01 01 00  6b 20 73 69 7a 65 2d 31  |........k size-1|
000083b0  0d 0a 09 64 77 09 36 33  09 09 3b 64 69 72 65 63  |...dw.63..;direc|
000083c0  74 6f 72 79 20 6d 61 78  0d 0a 09 64 62 09 31 39  |tory max...db.19|
000083d0  32 09 09 3b 61 6c 6c 6f  63 20 30 0d 0a 09 64 62  |2..;alloc 0...db|
000083e0  09 30 09 09 3b 61 6c 6c  6f 63 20 31 0d 0a 09 64  |.0..;alloc 1...d|
000083f0  77 09 31 36 09 09 3b 63  68 65 63 6b 20 73 69 7a  |w.16..;check siz|
00008400  65 0d 0a 09 64 77 09 32  09 09 3b 74 72 61 63 6b  |e...dw.2..;track|
00008410  20 6f 66 66 73 65 74 0d  0a 3b 0d 0a 3b 09 65 6e  | offset..;..;.en|
00008420  64 20 6f 66 20 66 69 78  65 64 20 74 61 62 6c 65  |d of fixed table|
00008430  73 0d 0a 3b 0d 0a 3b 09  69 6e 64 69 76 69 64 75  |s..;..;.individu|
00008440  61 6c 20 73 75 62 72 6f  75 74 69 6e 65 73 20 74  |al subroutines t|
00008450  6f 20 70 65 72 66 6f 72  6d 20 65 61 63 68 20 66  |o perform each f|
00008460  75 6e 63 74 69 6f 6e 0d  0a 62 6f 6f 74 3a 09 3b  |unction..boot:.;|
00008470  73 69 6d 70 6c 65 73 74  20 63 61 73 65 20 69 73  |simplest case is|
00008480  20 74 6f 20 6a 75 73 74  20 70 65 72 66 6f 72 6d  | to just perform|
00008490  20 70 61 72 61 6d 65 74  65 72 20 69 6e 69 74 69  | parameter initi|
000084a0  61 6c 69 7a 61 74 69 6f  06 01 02 01 00 95 01 01  |alizatio........|
000084b0  00 6e 0d 0a 09 78 72 61  09 61 09 09 3b 7a 65 72  |.n...xra.a..;zer|
000084c0  6f 20 69 6e 20 74 68 65  20 61 63 63 75 6d 0d 0a  |o in the accum..|
000084d0  09 73 74 61 09 69 6f 62  79 74 65 09 09 3b 63 6c  |.sta.iobyte..;cl|
000084e0  65 61 72 20 74 68 65 20  69 6f 62 79 74 65 0d 0a  |ear the iobyte..|
000084f0  09 73 74 61 09 63 64 69  73 6b 09 09 3b 73 65 6c  |.sta.cdisk..;sel|
00008500  65 63 74 20 64 69 73 6b  20 7a 65 72 6f 0d 0a 09  |ect disk zero...|
00008510  6a 6d 70 09 67 6f 63 70  6d 09 09 3b 69 6e 69 74  |jmp.gocpm..;init|
00008520  69 61 6c 69 7a 65 20 61  6e 64 20 67 6f 20 74 6f  |ialize and go to|
00008530  20 63 70 2f 6d 0d 0a 3b  0d 0a 77 62 6f 6f 74 3a  | cp/m..;..wboot:|
00008540  09 3b 73 69 6d 70 6c 65  73 74 20 63 61 73 65 20  |.;simplest case |
00008550  69 73 20 74 6f 20 72 65  61 64 20 74 68 65 20 64  |is to read the d|
00008560  69 73 6b 20 75 6e 74 69  6c 20 61 6c 6c 20 73 65  |isk until all se|
00008570  63 74 6f 72 73 20 6c 6f  61 64 65 64 0d 0a 09 6c  |ctors loaded...l|
00008580  78 69 09 73 70 2c 38 30  68 09 09 3b 75 73 65 20  |xi.sp,80h..;use |
00008590  73 70 61 63 65 20 62 65  6c 6f 77 20 62 75 66 66  |space below buff|
000085a0  65 72 20 66 6f 72 20 73  74 61 63 6b 0d 0a 09 6d  |er for stack...m|
000085b0  76 06 01 03 01 00 d3 01  01 00 69 09 63 2c 30 09  |v.........i.c,0.|
000085c0  09 3b 73 65 6c 65 63 74  20 64 69 73 6b 20 30 0d  |.;select disk 0.|
000085d0  0a 09 63 61 6c 6c 09 73  65 6c 64 73 6b 0d 0a 09  |..call.seldsk...|
000085e0  63 61 6c 6c 09 68 6f 6d  65 09 09 3b 67 6f 20 74  |call.home..;go t|
000085f0  6f 20 74 72 61 63 6b 20  30 30 0d 0a 3b 0d 0a 09  |o track 00..;...|
00008600  6d 76 69 09 62 2c 6e 73  65 63 74 73 09 3b 62 20  |mvi.b,nsects.;b |
00008610  63 6f 75 6e 74 73 20 23  20 6f 66 20 73 65 63 74  |counts # of sect|
00008620  6f 72 73 20 74 6f 20 6c  6f 61 64 0d 0a 09 6d 76  |ors to load...mv|
00008630  69 09 63 2c 30 09 09 3b  63 20 68 61 73 20 74 68  |i.c,0..;c has th|
00008640  65 20 63 75 72 72 65 6e  74 20 74 72 61 63 6b 20  |e current track |
00008650  6e 75 6d 62 65 72 0d 0a  09 6d 76 69 09 64 2c 32  |number...mvi.d,2|
00008660  09 09 3b 64 20 68 61 73  20 74 68 65 20 6e 65 78  |..;d has the nex|
00008670  74 20 73 65 63 74 6f 72  20 74 6f 20 72 65 61 64  |t sector to read|
00008680  0d 0a 3b 09 6e 6f 74 65  20 74 68 61 74 20 77 65  |..;.note that we|
00008690  20 62 65 67 69 6e 20 62  79 20 72 65 61 64 69 6e  | begin by readin|
000086a0  67 20 74 72 61 63 6b 20  30 2c 20 73 65 63 74 6f  |g track 0, secto|
000086b0  72 20 32 20 73 69 6e 63  65 20 06 01 04 01 00 14  |r 2 since ......|
000086c0  01 01 00 73 65 63 74 6f  72 20 31 0d 0a 3b 09 63  |...sector 1..;.c|
000086d0  6f 6e 74 61 69 6e 73 20  74 68 65 20 63 6f 6c 64  |ontains the cold|
000086e0  20 73 74 61 72 74 20 6c  6f 61 64 65 72 2c 20 77  | start loader, w|
000086f0  68 69 63 68 20 69 73 20  73 6b 69 70 70 65 64 20  |hich is skipped |
00008700  69 6e 20 61 20 77 61 72  6d 20 73 74 61 72 74 0d  |in a warm start.|
00008710  0a 09 6c 78 69 09 68 2c  63 63 70 09 09 3b 62 61  |..lxi.h,ccp..;ba|
00008720  73 65 20 6f 66 20 63 70  2f 6d 20 28 69 6e 69 74  |se of cp/m (init|
00008730  69 61 6c 20 6c 6f 61 64  20 70 6f 69 6e 74 29 0d  |ial load point).|
00008740  0a 6c 6f 61 64 31 3a 09  3b 6c 6f 61 64 20 6f 6e  |.load1:.;load on|
00008750  65 20 6d 6f 72 65 20 73  65 63 74 6f 72 0d 0a 09  |e more sector...|
00008760  70 75 73 68 09 62 09 3b  73 61 76 65 20 73 65 63  |push.b.;save sec|
00008770  74 6f 72 20 63 6f 75 6e  74 2c 20 63 75 72 72 65  |tor count, curre|
00008780  6e 74 20 74 72 61 63 6b  0d 0a 09 70 75 73 68 09  |nt track...push.|
00008790  64 09 3b 73 61 76 65 20  6e 65 78 74 20 73 65 63  |d.;save next sec|
000087a0  74 6f 72 20 74 6f 20 72  65 61 64 0d 0a 09 70 75  |tor to read...pu|
000087b0  73 68 09 68 09 3b 73 61  76 65 20 64 6d 61 20 61  |sh.h.;save dma a|
000087c0  64 64 72 06 01 05 01 00  94 01 01 00 65 73 73 0d  |ddr.........ess.|
000087d0  0a 09 6d 6f 76 09 63 2c  64 09 3b 67 65 74 20 73  |..mov.c,d.;get s|
000087e0  65 63 74 6f 72 20 61 64  64 72 65 73 73 20 74 6f  |ector address to|
000087f0  20 72 65 67 69 73 74 65  72 20 63 0d 0a 09 63 61  | register c...ca|
00008800  6c 6c 09 73 65 74 73 65  63 09 3b 73 65 74 20 73  |ll.setsec.;set s|
00008810  65 63 74 6f 72 20 61 64  64 72 65 73 73 20 66 72  |ector address fr|
00008820  6f 6d 20 72 65 67 69 73  74 65 72 20 63 0d 0a 09  |om register c...|
00008830  70 6f 70 09 62 09 3b 72  65 63 61 6c 6c 20 64 6d  |pop.b.;recall dm|
00008840  61 20 61 64 64 72 65 73  73 20 74 6f 20 62 2c 63  |a address to b,c|
00008850  0d 0a 09 70 75 73 68 09  62 09 3b 72 65 70 6c 61  |...push.b.;repla|
00008860  63 65 20 6f 6e 20 73 74  61 63 6b 20 66 6f 72 20  |ce on stack for |
00008870  6c 61 74 65 72 20 72 65  63 61 6c 6c 0d 0a 09 63  |later recall...c|
00008880  61 6c 6c 09 73 65 74 64  6d 61 09 3b 73 65 74 20  |all.setdma.;set |
00008890  64 6d 61 20 61 64 64 72  65 73 73 20 66 72 6f 6d  |dma address from|
000088a0  20 62 2c 63 0d 0a 3b 0d  0a 3b 09 64 72 69 76 65  | b,c..;..;.drive|
000088b0  20 73 65 74 20 74 6f 20  30 2c 20 74 72 61 63 6b  | set to 0, track|
000088c0  20 73 65 74 2c 20 73 65  63 74 6f 72 06 01 06 01  | set, sector....|
000088d0  00 92 01 01 00 20 73 65  74 2c 20 64 6d 61 20 61  |..... set, dma a|
000088e0  64 64 72 65 73 73 20 73  65 74 0d 0a 09 63 61 6c  |ddress set...cal|
000088f0  6c 09 72 65 61 64 0d 0a  09 63 70 69 09 30 30 68  |l.read...cpi.00h|
00008900  09 3b 61 6e 79 20 65 72  72 6f 72 73 3f 0d 0a 09  |.;any errors?...|
00008910  6a 6e 7a 09 77 62 6f 6f  74 09 3b 72 65 74 72 79  |jnz.wboot.;retry|
00008920  20 74 68 65 20 65 6e 74  69 72 65 20 62 6f 6f 74  | the entire boot|
00008930  20 69 66 20 61 6e 20 65  72 72 6f 72 20 6f 63 63  | if an error occ|
00008940  75 72 73 0d 0a 3b 0d 0a  3b 09 6e 6f 20 65 72 72  |urs..;..;.no err|
00008950  6f 72 2c 20 6d 6f 76 65  20 74 6f 20 6e 65 78 74  |or, move to next|
00008960  20 73 65 63 74 6f 72 0d  0a 09 70 6f 70 09 68 09  | sector...pop.h.|
00008970  3b 72 65 63 61 6c 6c 20  64 6d 61 20 61 64 64 72  |;recall dma addr|
00008980  65 73 73 0d 0a 09 6c 78  69 09 64 2c 31 32 38 09  |ess...lxi.d,128.|
00008990  3b 64 6d 61 3d 64 6d 61  2b 31 32 38 0d 0a 09 64  |;dma=dma+128...d|
000089a0  61 64 09 64 09 3b 6e 65  77 20 64 6d 61 20 61 64  |ad.d.;new dma ad|
000089b0  64 72 65 73 73 20 69 73  20 69 6e 20 68 2c 6c 0d  |dress is in h,l.|
000089c0  0a 09 70 6f 70 09 64 09  3b 72 65 63 61 6c 6c 20  |..pop.d.;recall |
000089d0  73 65 63 74 6f 06 01 07  01 00 54 01 01 00 72 20  |secto.....T...r |
000089e0  61 64 64 72 65 73 73 0d  0a 09 70 6f 70 09 62 09  |address...pop.b.|
000089f0  3b 72 65 63 61 6c 6c 20  6e 75 6d 62 65 72 20 6f  |;recall number o|
00008a00  66 20 73 65 63 74 6f 72  73 20 72 65 6d 61 69 6e  |f sectors remain|
00008a10  69 6e 67 2c 20 61 6e 64  20 63 75 72 72 65 6e 74  |ing, and current|
00008a20  20 74 72 6b 0d 0a 09 64  63 72 09 62 09 3b 73 65  | trk...dcr.b.;se|
00008a30  63 74 6f 72 73 3d 73 65  63 74 6f 72 73 2d 31 0d  |ctors=sectors-1.|
00008a40  0a 09 6a 7a 09 67 6f 63  70 6d 09 3b 74 72 61 6e  |..jz.gocpm.;tran|
00008a50  73 66 65 72 20 74 6f 20  63 70 2f 6d 20 69 66 20  |sfer to cp/m if |
00008a60  61 6c 6c 20 68 61 76 65  20 62 65 65 6e 20 6c 6f  |all have been lo|
00008a70  61 64 65 64 0d 0a 3b 0d  0a 3b 09 6d 6f 72 65 20  |aded..;..;.more |
00008a80  73 65 63 74 6f 72 73 20  72 65 6d 61 69 6e 20 74  |sectors remain t|
00008a90  6f 20 6c 6f 61 64 2c 20  63 68 65 63 6b 20 66 6f  |o load, check fo|
00008aa0  72 20 74 72 61 63 6b 20  63 68 61 6e 67 65 0d 0a  |r track change..|
00008ab0  09 69 6e 72 09 64 0d 0a  09 6d 6f 76 09 61 2c 64  |.inr.d...mov.a,d|
00008ac0  09 3b 73 65 63 74 6f 72  3d 32 37 3f 2c 20 69 66  |.;sector=27?, if|
00008ad0  20 73 6f 2c 20 63 68 61  6e 67 65 20 74 72 06 01  | so, change tr..|
00008ae0  08 01 00 6b 01 01 00 61  63 6b 73 0d 0a 09 63 70  |...k...acks...cp|
00008af0  69 09 32 37 0d 0a 09 6a  63 09 6c 6f 61 64 31 09  |i.27...jc.load1.|
00008b00  3b 63 61 72 72 79 20 67  65 6e 65 72 61 74 65 64  |;carry generated|
00008b10  20 69 66 20 73 65 63 74  6f 72 3c 32 37 0d 0a 3b  | if sector<27..;|
00008b20  0d 0a 3b 09 65 6e 64 20  6f 66 20 63 75 72 72 65  |..;.end of curre|
00008b30  6e 74 20 74 72 61 63 6b  2c 20 67 6f 20 74 6f 20  |nt track, go to |
00008b40  6e 65 78 74 20 74 72 61  63 6b 0d 0a 09 6d 76 69  |next track...mvi|
00008b50  09 64 2c 31 09 3b 62 65  67 69 6e 20 77 69 74 68  |.d,1.;begin with|
00008b60  20 66 69 72 73 74 20 73  65 63 74 6f 72 20 6f 66  | first sector of|
00008b70  20 6e 65 78 74 20 74 72  61 63 6b 0d 0a 09 69 6e  | next track...in|
00008b80  72 09 63 09 3b 74 72 61  63 6b 3d 74 72 61 63 6b  |r.c.;track=track|
00008b90  2b 31 0d 0a 3b 0d 0a 3b  09 73 61 76 65 20 72 65  |+1..;..;.save re|
00008ba0  67 69 73 74 65 72 20 73  74 61 74 65 2c 20 61 6e  |gister state, an|
00008bb0  64 20 63 68 61 6e 67 65  20 74 72 61 63 6b 73 0d  |d change tracks.|
00008bc0  0a 09 70 75 73 68 09 62  0d 0a 09 70 75 73 68 09  |..push.b...push.|
00008bd0  64 0d 0a 09 70 75 73 68  09 68 0d 0a 09 63 61 6c  |d...push.h...cal|
00008be0  6c 09 73 65 74 74 72 06  01 09 01 00 6c 01 01 00  |l.settr.....l...|
00008bf0  6b 09 3b 74 72 61 63 6b  20 61 64 64 72 65 73 73  |k.;track address|
00008c00  20 73 65 74 20 66 72 6f  6d 20 72 65 67 69 73 74  | set from regist|
00008c10  65 72 20 63 0d 0a 09 70  6f 70 09 68 0d 0a 09 70  |er c...pop.h...p|
00008c20  6f 70 09 64 0d 0a 09 70  6f 70 09 62 0d 0a 09 6a  |op.d...pop.b...j|
00008c30  6d 70 09 6c 6f 61 64 31  09 3b 66 6f 72 20 61 6e  |mp.load1.;for an|
00008c40  6f 74 68 65 72 20 73 65  63 74 6f 72 0d 0a 3b 0d  |other sector..;.|
00008c50  0a 3b 09 65 6e 64 20 6f  66 20 6c 6f 61 64 20 6f  |.;.end of load o|
00008c60  70 65 72 61 74 69 6f 6e  2c 20 73 65 74 20 70 61  |peration, set pa|
00008c70  72 61 6d 65 74 65 72 73  20 61 6e 64 20 67 6f 20  |rameters and go |
00008c80  74 6f 20 63 70 2f 6d 0d  0a 67 6f 63 70 6d 3a 0d  |to cp/m..gocpm:.|
00008c90  0a 09 6d 76 69 09 61 2c  30 63 33 68 09 3b 63 33  |..mvi.a,0c3h.;c3|
00008ca0  20 69 73 20 61 20 6a 6d  70 20 69 6e 73 74 72 75  | is a jmp instru|
00008cb0  63 74 69 6f 6e 0d 0a 09  73 74 61 09 30 09 3b 66  |ction...sta.0.;f|
00008cc0  6f 72 20 6a 6d 70 20 74  6f 20 77 62 6f 6f 74 0d  |or jmp to wboot.|
00008cd0  0a 09 6c 78 69 09 68 2c  77 62 6f 6f 74 65 09 3b  |..lxi.h,wboote.;|
00008ce0  77 62 6f 6f 74 20 65 6e  74 72 79 20 70 6f 69 6e  |wboot entry poin|
00008cf0  06 01 0a 01 00 90 01 01  00 74 0d 0a 09 73 68 6c  |.........t...shl|
00008d00  64 09 31 09 3b 73 65 74  20 61 64 64 72 65 73 73  |d.1.;set address|
00008d10  20 66 69 65 6c 64 20 66  6f 72 20 6a 6d 70 20 61  | field for jmp a|
00008d20  74 20 30 0d 0a 3b 0d 0a  09 73 74 61 09 35 09 3b  |t 0..;...sta.5.;|
00008d30  66 6f 72 20 6a 6d 70 20  74 6f 20 62 64 6f 73 0d  |for jmp to bdos.|
00008d40  0a 09 6c 78 69 09 68 2c  62 64 6f 73 09 3b 62 64  |..lxi.h,bdos.;bd|
00008d50  6f 73 20 65 6e 74 72 79  20 70 6f 69 6e 74 0d 0a  |os entry point..|
00008d60  09 73 68 6c 64 09 36 09  3b 61 64 64 72 65 73 73  |.shld.6.;address|
00008d70  20 66 69 65 6c 64 20 6f  66 20 6a 75 6d 70 20 61  | field of jump a|
00008d80  74 20 35 20 74 6f 20 62  64 6f 73 0d 0a 3b 0d 0a  |t 5 to bdos..;..|
00008d90  09 6c 78 69 09 62 2c 38  30 68 09 3b 64 65 66 61  |.lxi.b,80h.;defa|
00008da0  75 6c 74 20 64 6d 61 20  61 64 64 72 65 73 73 20  |ult dma address |
00008db0  69 73 20 38 30 68 0d 0a  09 63 61 6c 6c 09 73 65  |is 80h...call.se|
00008dc0  74 64 6d 61 0d 0a 3b 0d  0a 09 65 69 09 09 3b 65  |tdma..;...ei..;e|
00008dd0  6e 61 62 6c 65 20 74 68  65 20 69 6e 74 65 72 72  |nable the interr|
00008de0  75 70 74 20 73 79 73 74  65 6d 0d 0a 09 6c 64 61  |upt system...lda|
00008df0  09 63 64 69 73 6b 09 3b  67 06 01 0b 01 00 93 01  |.cdisk.;g.......|
00008e00  01 00 65 74 20 63 75 72  72 65 6e 74 20 64 69 73  |..et current dis|
00008e10  6b 20 6e 75 6d 62 65 72  0d 0a 09 6d 6f 76 09 63  |k number...mov.c|
00008e20  2c 61 09 3b 73 65 6e 64  20 74 6f 20 74 68 65 20  |,a.;send to the |
00008e30  63 63 70 0d 0a 09 6a 6d  70 09 63 63 70 09 3b 67  |ccp...jmp.ccp.;g|
00008e40  6f 20 74 6f 20 63 70 2f  6d 20 66 6f 72 20 66 75  |o to cp/m for fu|
00008e50  72 74 68 65 72 20 70 72  6f 63 65 73 73 69 6e 67  |rther processing|
00008e60  0d 0a 3b 0d 0a 3b 0d 0a  3b 09 73 69 6d 70 6c 65  |..;..;..;.simple|
00008e70  20 69 2f 6f 20 68 61 6e  64 6c 65 72 73 20 28 6d  | i/o handlers (m|
00008e80  75 73 74 20 62 65 20 66  69 6c 6c 65 64 20 69 6e  |ust be filled in|
00008e90  20 62 79 20 75 73 65 72  29 0d 0a 3b 09 69 6e 20  | by user)..;.in |
00008ea0  65 61 63 68 20 63 61 73  65 2c 20 74 68 65 20 65  |each case, the e|
00008eb0  6e 74 72 79 20 70 6f 69  6e 74 20 69 73 20 70 72  |ntry point is pr|
00008ec0  6f 76 69 64 65 64 2c 20  77 69 74 68 20 73 70 61  |ovided, with spa|
00008ed0  63 65 20 72 65 73 65 72  76 65 64 0d 0a 3b 09 74  |ce reserved..;.t|
00008ee0  6f 20 69 6e 73 65 72 74  20 79 6f 75 72 20 6f 77  |o insert your ow|
00008ef0  6e 20 63 6f 64 65 0d 0a  3b 0d 0a 63 6f 6e 73 74  |n code..;..const|
00008f00  3a 09 06 01 0c 01 00 2b  01 01 00 3b 63 6f 6e 73  |:......+...;cons|
00008f10  6f 6c 65 20 73 74 61 74  75 73 2c 20 72 65 74 75  |ole status, retu|
00008f20  72 6e 20 30 66 66 68 20  69 66 20 63 68 61 72 61  |rn 0ffh if chara|
00008f30  63 74 65 72 20 72 65 61  64 79 2c 20 30 30 68 20  |cter ready, 00h |
00008f40  69 66 20 6e 6f 74 0d 0a  09 64 73 09 31 30 68 09  |if not...ds.10h.|
00008f50  3b 73 70 61 63 65 20 66  6f 72 20 73 74 61 74 75  |;space for statu|
00008f60  73 20 73 75 62 72 6f 75  74 69 6e 65 0d 0a 09 6d  |s subroutine...m|
00008f70  76 69 09 61 2c 30 30 68  0d 0a 09 72 65 74 0d 0a  |vi.a,00h...ret..|
00008f80  3b 0d 0a 63 6f 6e 69 6e  3a 09 3b 63 6f 6e 73 6f  |;..conin:.;conso|
00008f90  6c 65 20 63 68 61 72 61  63 74 65 72 20 69 6e 74  |le character int|
00008fa0  6f 20 72 65 67 69 73 74  65 72 20 61 0d 0a 09 64  |o register a...d|
00008fb0  73 09 31 30 68 09 3b 73  70 61 63 65 20 66 6f 72  |s.10h.;space for|
00008fc0  20 69 6e 70 75 74 20 72  6f 75 74 69 6e 65 0d 0a  | input routine..|
00008fd0  09 61 6e 69 09 37 66 68  09 3b 73 74 72 69 70 20  |.ani.7fh.;strip |
00008fe0  70 61 72 69 74 79 20 62  69 74 0d 0a 09 72 65 74  |parity bit...ret|
00008ff0  0d 0a 3b 0d 0a 63 6f 6e  6f 75 74 3a 20 3b 63 6f  |..;..conout: ;co|
00009000  6e 73 6f 6c 65 20 63 68  61 72 61 06 01 0d 01 00  |nsole chara.....|
00009010  10 01 01 00 63 74 65 72  20 6f 75 74 70 75 74 20  |....cter output |
00009020  66 72 6f 6d 20 72 65 67  69 73 74 65 72 20 63 0d  |from register c.|
00009030  0a 09 6d 6f 76 09 61 2c  63 09 3b 67 65 74 20 74  |..mov.a,c.;get t|
00009040  6f 20 61 63 63 75 6d 75  6c 61 74 6f 72 0d 0a 09  |o accumulator...|
00009050  64 73 09 31 30 68 09 3b  73 70 61 63 65 20 66 6f  |ds.10h.;space fo|
00009060  72 20 6f 75 74 70 75 74  20 72 6f 75 74 69 6e 65  |r output routine|
00009070  0d 0a 09 72 65 74 0d 0a  3b 0d 0a 6c 69 73 74 3a  |...ret..;..list:|
00009080  09 3b 6c 69 73 74 20 63  68 61 72 61 63 74 65 72  |.;list character|
00009090  20 66 72 6f 6d 20 72 65  67 69 73 74 65 72 20 63  | from register c|
000090a0  0d 0a 09 6d 6f 76 09 61  2c 63 09 3b 63 68 61 72  |...mov.a,c.;char|
000090b0  61 63 74 65 72 20 74 6f  20 72 65 67 69 73 74 65  |acter to registe|
000090c0  72 20 61 0d 0a 09 72 65  74 09 09 3b 6e 75 6c 6c  |r a...ret..;null|
000090d0  20 73 75 62 72 6f 75 74  69 6e 65 0d 0a 3b 0d 0a  | subroutine..;..|
000090e0  6c 69 73 74 73 74 3a 09  3b 72 65 74 75 72 6e 20  |listst:.;return |
000090f0  6c 69 73 74 20 73 74 61  74 75 73 20 28 30 20 69  |list status (0 i|
00009100  66 20 6e 6f 74 20 72 65  61 64 79 2c 20 31 20 69  |f not ready, 1 i|
00009110  66 20 72 65 06 01 0e 01  00 62 01 01 00 61 64 79  |f re.....b...ady|
00009120  29 0d 0a 09 78 72 61 09  61 09 3b 30 20 69 73 20  |)...xra.a.;0 is |
00009130  61 6c 77 61 79 73 20 6f  6b 20 74 6f 20 72 65 74  |always ok to ret|
00009140  75 72 6e 0d 0a 09 72 65  74 0d 0a 3b 0d 0a 70 75  |urn...ret..;..pu|
00009150  6e 63 68 3a 09 3b 70 75  6e 63 68 20 63 68 61 72  |nch:.;punch char|
00009160  61 63 74 65 72 20 66 72  6f 6d 20 72 65 67 69 73  |acter from regis|
00009170  74 65 72 20 63 0d 0a 09  6d 6f 76 09 61 2c 63 09  |ter c...mov.a,c.|
00009180  3b 63 68 61 72 61 63 74  65 72 20 74 6f 20 72 65  |;character to re|
00009190  67 69 73 74 65 72 20 61  0d 0a 09 72 65 74 09 09  |gister a...ret..|
000091a0  3b 6e 75 6c 6c 20 73 75  62 72 6f 75 74 69 6e 65  |;null subroutine|
000091b0  0d 0a 3b 0d 0a 3b 0d 0a  72 65 61 64 65 72 3a 20  |..;..;..reader: |
000091c0  3b 72 65 61 64 20 63 68  61 72 61 63 74 65 72 20  |;read character |
000091d0  69 6e 74 6f 20 72 65 67  69 73 74 65 72 20 61 20  |into register a |
000091e0  66 72 6f 6d 20 72 65 61  64 65 72 20 64 65 76 69  |from reader devi|
000091f0  63 65 0d 0a 09 6d 76 69  09 61 2c 31 61 68 09 3b  |ce...mvi.a,1ah.;|
00009200  65 6e 74 65 72 20 65 6e  64 20 6f 66 20 66 69 6c  |enter end of fil|
00009210  65 20 66 6f 72 20 6e 6f  77 20 28 72 65 06 01 0f  |e for now (re...|
00009220  01 00 78 01 01 00 70 6c  61 63 65 20 6c 61 74 65  |..x...place late|
00009230  72 29 0d 0a 09 61 6e 69  09 37 66 68 09 3b 72 65  |r)...ani.7fh.;re|
00009240  6d 65 6d 62 65 72 20 74  6f 20 73 74 72 69 70 20  |member to strip |
00009250  70 61 72 69 74 79 20 62  69 74 0d 0a 09 72 65 74  |parity bit...ret|
00009260  0d 0a 3b 0d 0a 3b 0d 0a  3b 09 69 2f 6f 20 64 72  |..;..;..;.i/o dr|
00009270  69 76 65 72 73 20 66 6f  72 20 74 68 65 20 64 69  |ivers for the di|
00009280  73 6b 20 66 6f 6c 6c 6f  77 0d 0a 3b 09 66 6f 72  |sk follow..;.for|
00009290  20 6e 6f 77 2c 20 77 65  20 77 69 6c 6c 20 73 69  | now, we will si|
000092a0  6d 70 6c 79 20 73 74 6f  72 65 20 74 68 65 20 70  |mply store the p|
000092b0  61 72 61 6d 65 74 65 72  73 20 61 77 61 79 20 66  |arameters away f|
000092c0  6f 72 20 75 73 65 0d 0a  3b 09 69 6e 20 74 68 65  |or use..;.in the|
000092d0  20 72 65 61 64 20 61 6e  64 20 77 72 69 74 65 20  | read and write |
000092e0  73 75 62 72 6f 75 74 69  6e 65 73 0d 0a 3b 0d 0a  |subroutines..;..|
000092f0  68 6f 6d 65 3a 09 3b 6d  6f 76 65 20 74 6f 20 74  |home:.;move to t|
00009300  68 65 20 74 72 61 63 6b  20 30 30 20 70 6f 73 69  |he track 00 posi|
00009310  74 69 6f 6e 20 6f 66 20  63 75 72 72 65 6e 74 20  |tion of current |
00009320  64 72 69 76 65 0d 06 01  10 01 00 29 01 01 00 0a  |drive......)....|
00009330  3b 09 74 72 61 6e 73 6c  61 74 65 20 74 68 69 73  |;.translate this|
00009340  20 63 61 6c 6c 20 69 6e  74 6f 20 61 20 73 65 74  | call into a set|
00009350  74 72 6b 20 63 61 6c 6c  20 77 69 74 68 20 70 61  |trk call with pa|
00009360  72 61 6d 65 74 65 72 20  30 30 0d 0a 09 6d 76 69  |rameter 00...mvi|
00009370  09 63 2c 30 09 3b 73 65  6c 65 63 74 20 74 72 61  |.c,0.;select tra|
00009380  63 6b 20 30 0d 0a 09 63  61 6c 6c 09 73 65 74 74  |ck 0...call.sett|
00009390  72 6b 0d 0a 09 72 65 74  09 09 3b 77 65 20 77 69  |rk...ret..;we wi|
000093a0  6c 6c 20 6d 6f 76 65 20  74 6f 20 30 30 20 6f 6e  |ll move to 00 on|
000093b0  20 66 69 72 73 74 20 72  65 61 64 2f 77 72 69 74  | first read/writ|
000093c0  65 0d 0a 3b 0d 0a 73 65  6c 64 73 6b 3a 09 3b 73  |e..;..seldsk:.;s|
000093d0  65 6c 65 63 74 20 64 69  73 6b 20 67 69 76 65 6e  |elect disk given|
000093e0  20 62 79 20 72 65 67 69  73 74 65 72 20 43 0d 0a  | by register C..|
000093f0  09 6c 78 69 09 68 2c 30  30 30 30 68 09 3b 65 72  |.lxi.h,0000h.;er|
00009400  72 6f 72 20 72 65 74 75  72 6e 20 63 6f 64 65 0d  |ror return code.|
00009410  0a 09 6d 6f 76 09 61 2c  63 0d 0a 09 73 74 61 09  |..mov.a,c...sta.|
00009420  64 69 73 6b 6e 6f 0d 0a  09 63 70 69 09 34 09 10  |diskno...cpi.4..|
00009430  07 00 ff 07 00 01 01 00  ed 01 01 00 3b 6d 75 73  |............;mus|
00009440  74 20 62 65 20 62 65 74  77 65 65 6e 20 30 20 61  |t be between 0 a|
00009450  6e 64 20 33 0d 0a 09 72  6e 63 09 09 3b 6e 6f 20  |nd 3...rnc..;no |
00009460  63 61 72 72 79 20 69 66  20 34 2c 35 2c 2e 2e 2e  |carry if 4,5,...|
00009470  0d 0a 3b 09 64 69 73 6b  20 6e 75 6d 62 65 72 20  |..;.disk number |
00009480  69 73 20 69 6e 20 74 68  65 20 70 72 6f 70 65 72  |is in the proper|
00009490  20 72 61 6e 67 65 0d 0a  09 64 73 09 31 30 09 3b  | range...ds.10.;|
000094a0  73 70 61 63 65 20 66 6f  72 20 64 69 73 6b 20 73  |space for disk s|
000094b0  65 6c 65 63 74 0d 0a 3b  09 63 6f 6d 70 75 74 65  |elect..;.compute|
000094c0  20 70 72 6f 70 65 72 20  64 69 73 6b 20 70 61 72  | proper disk par|
000094d0  61 6d 65 74 65 72 20 68  65 61 64 65 72 20 61 64  |ameter header ad|
000094e0  64 72 65 73 73 0d 0a 09  6c 64 61 09 64 69 73 6b  |dress...lda.disk|
000094f0  6e 6f 0d 0a 09 6d 6f 76  09 6c 2c 61 09 3b 4c 3d  |no...mov.l,a.;L=|
00009500  64 69 73 6b 20 6e 75 6d  62 65 72 20 30 2c 31 2c  |disk number 0,1,|
00009510  32 2c 33 0d 0a 09 6d 76  69 09 68 2c 30 09 3b 68  |2,3...mvi.h,0.;h|
00009520  69 67 68 20 6f 72 64 65  72 20 7a 65 72 6f 0d 0a  |igh order zero..|
00009530  09 64 61 64 09 68 09 3b  2a 32 0d 0a 07 00 02 01  |.dad.h.;*2......|
00009540  00 c0 01 01 00 09 64 61  64 09 68 09 3b 2a 34 0d  |......dad.h.;*4.|
00009550  0a 09 64 61 64 09 68 09  3b 2a 38 0d 0a 09 64 61  |..dad.h.;*8...da|
00009560  64 09 68 09 3b 2a 31 36  20 28 73 69 7a 65 20 6f  |d.h.;*16 (size o|
00009570  66 20 65 61 63 68 20 68  65 61 64 65 72 29 0d 0a  |f each header)..|
00009580  09 6c 78 69 09 64 2c 64  70 62 61 73 65 0d 0a 09  |.lxi.d,dpbase...|
00009590  64 61 64 09 64 09 3b 48  4c 3d 2e 64 70 62 61 73  |dad.d.;HL=.dpbas|
000095a0  65 28 64 69 73 6b 6e 6f  2a 31 36 29 0d 0a 09 72  |e(diskno*16)...r|
000095b0  65 74 0d 0a 3b 0d 0a 73  65 74 74 72 6b 3a 09 3b  |et..;..settrk:.;|
000095c0  73 65 74 20 74 72 61 63  6b 20 67 69 76 65 6e 20  |set track given |
000095d0  62 79 20 72 65 67 69 73  74 65 72 20 63 0d 0a 09  |by register c...|
000095e0  6d 6f 76 09 61 2c 63 0d  0a 09 73 74 61 09 74 72  |mov.a,c...sta.tr|
000095f0  61 63 6b 0d 0a 09 64 73  09 31 30 68 09 3b 73 70  |ack...ds.10h.;sp|
00009600  61 63 65 20 66 6f 72 20  74 72 61 63 6b 20 73 65  |ace for track se|
00009610  6c 65 63 74 0d 0a 09 72  65 74 0d 0a 3b 0d 0a 73  |lect...ret..;..s|
00009620  65 74 73 65 63 3a 09 3b  73 65 74 20 73 65 63 74  |etsec:.;set sect|
00009630  6f 72 20 67 69 76 65 6e  20 62 79 20 72 65 67 69  |or given by regi|
00009640  73 74 65 72 20 07 00 03  01 00 41 01 01 00 63 0d  |ster .....A...c.|
00009650  0a 09 6d 6f 76 09 61 2c  63 0d 0a 09 73 74 61 09  |..mov.a,c...sta.|
00009660  73 65 63 74 6f 72 0d 0a  09 64 73 09 31 30 68 09  |sector...ds.10h.|
00009670  3b 73 70 61 63 65 20 66  6f 72 20 73 65 63 74 6f  |;space for secto|
00009680  72 20 73 65 6c 65 63 74  0d 0a 09 72 65 74 0d 0a  |r select...ret..|
00009690  3b 0d 0a 73 65 63 74 72  61 6e 3a 0d 0a 09 3b 74  |;..sectran:...;t|
000096a0  72 61 6e 73 6c 61 74 65  20 74 68 65 20 73 65 63  |ranslate the sec|
000096b0  74 6f 72 20 67 69 76 65  6e 20 62 79 20 42 43 20  |tor given by BC |
000096c0  75 73 69 6e 67 20 74 68  65 0d 0a 09 3b 74 72 61  |using the...;tra|
000096d0  6e 73 6c 61 74 65 20 74  61 62 6c 65 20 67 69 76  |nslate table giv|
000096e0  65 6e 20 62 79 20 44 45  0d 0a 09 78 63 68 67 09  |en by DE...xchg.|
000096f0  09 3b 48 4c 3d 2e 74 72  61 6e 73 0d 0a 09 64 61  |.;HL=.trans...da|
00009700  64 09 62 09 3b 48 4c 3d  2e 74 72 61 6e 73 28 73  |d.b.;HL=.trans(s|
00009710  65 63 74 6f 72 29 0d 0a  09 6d 6f 76 09 6c 2c 6d  |ector)...mov.l,m|
00009720  09 3b 4c 20 3d 20 74 72  61 6e 73 28 73 65 63 74  |.;L = trans(sect|
00009730  6f 72 29 0d 0a 09 6d 76  69 09 68 2c 30 09 3b 48  |or)...mvi.h,0.;H|
00009740  4c 3d 20 74 72 61 6e 73  28 73 65 63 74 6f 07 00  |L= trans(secto..|
00009750  04 01 00 25 01 01 00 72  29 0d 0a 09 72 65 74 09  |...%...r)...ret.|
00009760  09 3b 77 69 74 68 20 76  61 6c 75 65 20 69 6e 20  |.;with value in |
00009770  48 4c 0d 0a 3b 0d 0a 73  65 74 64 6d 61 3a 09 3b  |HL..;..setdma:.;|
00009780  73 65 74 20 64 6d 61 20  61 64 64 72 65 73 73 20  |set dma address |
00009790  67 69 76 65 6e 20 62 79  20 72 65 67 69 73 74 65  |given by registe|
000097a0  72 73 20 62 20 61 6e 64  20 63 0d 0a 09 6d 6f 76  |rs b and c...mov|
000097b0  09 6c 2c 63 09 3b 6c 6f  77 20 6f 72 64 65 72 20  |.l,c.;low order |
000097c0  61 64 64 72 65 73 73 0d  0a 09 6d 6f 76 09 68 2c  |address...mov.h,|
000097d0  62 09 3b 68 69 67 68 20  6f 72 64 65 72 20 61 64  |b.;high order ad|
000097e0  64 72 65 73 73 0d 0a 09  73 68 6c 64 09 64 6d 61  |dress...shld.dma|
000097f0  61 64 09 3b 73 61 76 65  20 74 68 65 20 61 64 64  |ad.;save the add|
00009800  72 65 73 73 0d 0a 09 64  73 09 31 30 68 09 3b 73  |ress...ds.10h.;s|
00009810  70 61 63 65 20 66 6f 72  20 73 65 74 74 69 6e 67  |pace for setting|
00009820  20 74 68 65 20 64 6d 61  20 61 64 64 72 65 73 73  | the dma address|
00009830  0d 0a 09 72 65 74 0d 0a  3b 0d 0a 72 65 61 64 3a  |...ret..;..read:|
00009840  09 3b 70 65 72 66 6f 72  6d 20 72 65 61 64 20 6f  |.;perform read o|
00009850  70 65 72 61 74 69 6f 07  00 05 01 00 c9 01 01 00  |peratio.........|
00009860  6e 20 28 75 73 75 61 6c  6c 79 20 74 68 69 73 20  |n (usually this |
00009870  69 73 20 73 69 6d 69 6c  61 72 20 74 6f 20 77 72  |is similar to wr|
00009880  69 74 65 0d 0a 3b 09 73  6f 20 77 65 20 77 69 6c  |ite..;.so we wil|
00009890  6c 20 61 6c 6c 6f 77 20  73 70 61 63 65 20 74 6f  |l allow space to|
000098a0  20 73 65 74 20 75 70 20  72 65 61 64 20 63 6f 6d  | set up read com|
000098b0  6d 61 6e 64 2c 20 74 68  65 6e 20 75 73 65 0d 0a  |mand, then use..|
000098c0  3b 09 63 6f 6d 6d 6f 6e  20 63 6f 64 65 20 69 6e  |;.common code in|
000098d0  20 77 72 69 74 65 29 0d  0a 09 64 73 09 31 30 68  | write)...ds.10h|
000098e0  09 3b 73 65 74 20 75 70  20 72 65 61 64 20 63 6f  |.;set up read co|
000098f0  6d 6d 61 6e 64 0d 0a 09  6a 6d 70 09 77 61 69 74  |mmand...jmp.wait|
00009900  69 6f 09 3b 74 6f 20 70  65 72 66 6f 72 6d 20 74  |io.;to perform t|
00009910  68 65 20 61 63 74 75 61  6c 20 69 2f 6f 0d 0a 3b  |he actual i/o..;|
00009920  0d 0a 77 72 69 74 65 3a  09 3b 70 65 72 66 6f 72  |..write:.;perfor|
00009930  6d 20 61 20 77 72 69 74  65 20 6f 70 65 72 61 74  |m a write operat|
00009940  69 6f 6e 0d 0a 09 64 73  09 31 30 68 09 3b 73 65  |ion...ds.10h.;se|
00009950  74 20 75 70 20 77 72 69  74 65 20 63 6f 6d 6d 61  |t up write comma|
00009960  07 00 06 01 00 fc 01 01  00 6e 64 0d 0a 3b 0d 0a  |.........nd..;..|
00009970  77 61 69 74 69 6f 3a 09  3b 65 6e 74 65 72 20 68  |waitio:.;enter h|
00009980  65 72 65 20 66 72 6f 6d  20 72 65 61 64 20 61 6e  |ere from read an|
00009990  64 20 77 72 69 74 65 20  74 6f 20 70 65 72 66 6f  |d write to perfo|
000099a0  72 6d 20 74 68 65 20 61  63 74 75 61 6c 20 69 2f  |rm the actual i/|
000099b0  6f 20 0d 0a 3b 09 6f 70  65 72 61 74 69 6f 6e 2e  |o ..;.operation.|
000099c0  20 20 72 65 74 75 72 6e  20 61 20 30 30 68 20 69  |  return a 00h i|
000099d0  6e 20 72 65 67 69 73 74  65 72 20 61 20 69 66 20  |n register a if |
000099e0  74 68 65 20 6f 70 65 72  61 74 69 6f 6e 20 63 6f  |the operation co|
000099f0  6d 70 6c 65 74 65 73 0d  0a 3b 09 70 72 6f 70 65  |mpletes..;.prope|
00009a00  72 6c 79 2c 20 61 6e 64  20 30 31 68 20 69 66 20  |rly, and 01h if |
00009a10  61 6e 20 65 72 72 6f 72  20 6f 63 63 75 72 73 20  |an error occurs |
00009a20  64 75 72 69 6e 67 20 74  68 65 20 72 65 61 64 20  |during the read |
00009a30  6f 72 20 77 72 69 74 65  0d 0a 3b 0d 0a 3b 09 69  |or write..;..;.i|
00009a40  6e 20 74 68 69 73 20 63  61 73 65 2c 20 77 65 20  |n this case, we |
00009a50  68 61 76 65 20 73 61 76  65 64 20 74 68 65 20 64  |have saved the d|
00009a60  69 73 6b 20 6e 75 6d 62  65 07 00 07 01 00 7b 01  |isk numbe.....{.|
00009a70  01 00 72 20 69 6e 20 27  64 69 73 6b 6e 6f 27 20  |..r in 'diskno' |
00009a80  28 30 2c 31 29 0d 0a 3b  09 09 09 74 68 65 20 74  |(0,1)..;...the t|
00009a90  72 61 63 6b 20 6e 75 6d  62 65 72 20 69 6e 20 27  |rack number in '|
00009aa0  74 72 61 63 6b 27 20 28  30 2d 37 36 29 0d 0a 3b  |track' (0-76)..;|
00009ab0  09 09 09 74 68 65 20 73  65 63 74 6f 72 20 6e 75  |...the sector nu|
00009ac0  6d 62 65 72 20 69 6e 20  27 73 65 63 74 6f 72 27  |mber in 'sector'|
00009ad0  20 28 31 2d 32 36 29 0d  0a 3b 09 09 09 74 68 65  | (1-26)..;...the|
00009ae0  20 64 6d 61 20 61 64 64  72 65 73 73 20 69 6e 20  | dma address in |
00009af0  27 64 6d 61 61 64 27 20  28 30 2d 36 35 35 33 35  |'dmaad' (0-65535|
00009b00  29 0d 0a 09 64 73 09 32  35 36 09 3b 73 70 61 63  |)...ds.256.;spac|
00009b10  65 20 72 65 73 65 72 76  65 64 20 66 6f 72 20 49  |e reserved for I|
00009b20  2f 4f 20 64 72 69 76 65  72 73 0d 0a 09 6d 76 69  |/O drivers...mvi|
00009b30  09 61 2c 31 09 3b 65 72  72 6f 72 20 63 6f 6e 64  |.a,1.;error cond|
00009b40  69 74 69 6f 6e 0d 0a 09  72 65 74 09 09 3b 72 65  |ition...ret..;re|
00009b50  70 6c 61 63 65 64 20 77  68 65 6e 20 66 69 6c 6c  |placed when fill|
00009b60  65 64 2d 69 6e 0d 0a 3b  0d 0a 3b 09 74 68 65 20  |ed-in..;..;.the |
00009b70  72 65 07 00 08 01 00 12  01 01 00 6d 61 69 6e 64  |re.........maind|
00009b80  65 72 20 6f 66 20 74 68  65 20 43 42 49 4f 53 20  |er of the CBIOS |
00009b90  69 73 20 72 65 73 65 72  76 65 64 20 75 6e 69 6e  |is reserved unin|
00009ba0  69 74 69 61 6c 69 7a 65  64 0d 0a 3b 09 64 61 74  |itialized..;.dat|
00009bb0  61 20 61 72 65 61 2c 20  61 6e 64 20 64 6f 65 73  |a area, and does|
00009bc0  20 6e 6f 74 20 6e 65 65  64 20 74 6f 20 62 65 20  | not need to be |
00009bd0  61 20 70 61 72 74 20 6f  66 20 74 68 65 0d 0a 3b  |a part of the..;|
00009be0  09 73 79 73 74 65 6d 20  6d 65 6d 6f 72 79 20 69  |.system memory i|
00009bf0  6d 61 67 65 20 28 74 68  65 20 73 70 61 63 65 20  |mage (the space |
00009c00  6d 75 73 74 20 62 65 20  61 76 61 69 6c 61 62 6c  |must be availabl|
00009c10  65 2c 0d 0a 3b 09 68 6f  77 65 76 65 72 2c 20 62  |e,..;.however, b|
00009c20  65 74 77 65 65 6e 20 22  62 65 67 64 61 74 22 20  |etween "begdat" |
00009c30  61 6e 64 20 22 65 6e 64  64 61 74 22 29 2e 0d 0a  |and "enddat")...|
00009c40  3b 0d 0a 74 72 61 63 6b  3a 09 64 73 09 32 09 3b  |;..track:.ds.2.;|
00009c50  74 77 6f 20 62 79 74 65  73 20 66 6f 72 20 65 78  |two bytes for ex|
00009c60  70 61 6e 73 69 6f 6e 0d  0a 73 65 63 74 6f 72 3a  |pansion..sector:|
00009c70  09 64 73 09 32 09 3b 74  77 6f 20 07 00 09 01 00  |.ds.2.;two .....|
00009c80  de 01 01 00 62 79 74 65  73 20 66 6f 72 20 65 78  |....bytes for ex|
00009c90  70 61 6e 73 69 6f 6e 0d  0a 64 6d 61 61 64 3a 09  |pansion..dmaad:.|
00009ca0  64 73 09 32 09 3b 64 69  72 65 63 74 20 6d 65 6d  |ds.2.;direct mem|
00009cb0  6f 72 79 20 61 64 64 72  65 73 73 0d 0a 64 69 73  |ory address..dis|
00009cc0  6b 6e 6f 3a 09 64 73 09  31 09 3b 64 69 73 6b 20  |kno:.ds.1.;disk |
00009cd0  6e 75 6d 62 65 72 20 30  2d 31 35 0d 0a 3b 0d 0a  |number 0-15..;..|
00009ce0  3b 09 73 63 72 61 74 63  68 20 72 61 6d 20 61 72  |;.scratch ram ar|
00009cf0  65 61 20 66 6f 72 20 42  44 4f 53 20 75 73 65 0d  |ea for BDOS use.|
00009d00  0a 62 65 67 64 61 74 09  65 71 75 09 24 09 3b 62  |.begdat.equ.$.;b|
00009d10  65 67 69 6e 6e 69 6e 67  20 6f 66 20 64 61 74 61  |eginning of data|
00009d20  20 61 72 65 61 0d 0a 64  69 72 62 66 3a 09 64 73  | area..dirbf:.ds|
00009d30  09 31 32 38 09 3b 73 63  72 61 74 63 68 20 64 69  |.128.;scratch di|
00009d40  72 65 63 74 6f 72 79 20  61 72 65 61 0d 0a 61 6c  |rectory area..al|
00009d50  6c 30 30 3a 09 64 73 09  33 31 09 3b 61 6c 6c 6f  |l00:.ds.31.;allo|
00009d60  63 61 74 69 6f 6e 20 76  65 63 74 6f 72 20 30 0d  |cation vector 0.|
00009d70  0a 61 6c 6c 30 31 3a 09  64 73 09 33 31 09 3b 61  |.all01:.ds.31.;a|
00009d80  6c 6c 6f 63 07 00 0a 01  00 da 01 01 00 61 74 69  |lloc.........ati|
00009d90  6f 6e 20 76 65 63 74 6f  72 20 31 0d 0a 61 6c 6c  |on vector 1..all|
00009da0  30 32 3a 09 64 73 09 33  31 09 3b 61 6c 6c 6f 63  |02:.ds.31.;alloc|
00009db0  61 74 69 6f 6e 20 76 65  63 74 6f 72 20 32 0d 0a  |ation vector 2..|
00009dc0  61 6c 6c 30 33 3a 09 64  73 09 33 31 09 3b 61 6c  |all03:.ds.31.;al|
00009dd0  6c 6f 63 61 74 69 6f 6e  20 76 65 63 74 6f 72 20  |location vector |
00009de0  33 0d 0a 63 68 6b 30 30  3a 09 64 73 09 31 36 09  |3..chk00:.ds.16.|
00009df0  3b 63 68 65 63 6b 20 76  65 63 74 6f 72 20 30 0d  |;check vector 0.|
00009e00  0a 63 68 6b 30 31 3a 09  64 73 09 31 36 09 3b 63  |.chk01:.ds.16.;c|
00009e10  68 65 63 6b 20 76 65 63  74 6f 72 20 31 0d 0a 63  |heck vector 1..c|
00009e20  68 6b 30 32 3a 09 64 73  09 31 36 09 3b 63 68 65  |hk02:.ds.16.;che|
00009e30  63 6b 20 76 65 63 74 6f  72 20 32 0d 0a 63 68 6b  |ck vector 2..chk|
00009e40  30 33 3a 09 64 73 09 31  36 09 3b 63 68 65 63 6b  |03:.ds.16.;check|
00009e50  20 76 65 63 74 6f 72 20  33 0d 0a 3b 0d 0a 65 6e  | vector 3..;..en|
00009e60  64 64 61 74 09 65 71 75  09 24 09 3b 65 6e 64 20  |ddat.equ.$.;end |
00009e70  6f 66 20 64 61 74 61 20  61 72 65 61 0d 0a 64 61  |of data area..da|
00009e80  74 73 69 7a 09 65 71 75  09 24 2d 62 65 07 00 0b  |tsiz.equ.$-be...|
00009e90  01 00 eb a7 00 02 00 1e  67 64 61 74 3b 73 69 7a  |........gdat;siz|
00009ea0  65 20 6f 66 20 64 61 74  61 20 61 72 65 61 0d 0a  |e of data area..|
00009eb0  09 65 6e 64 0d 0a 01 31  1a 1a 00 80 6d 61 61 64  |.end...1....maad|
00009ec0  27 20 28 30 2d 36 35 35  33 35 29 0d 0a 09 64 73  |' (0-65535)...ds|
00009ed0  09 32 35 36 09 3b 73 70  61 63 65 20 72 65 73 65  |.256.;space rese|
00009ee0  72 76 65 64 20 66 6f 72  20 49 2f 4f 20 64 72 69  |rved for I/O dri|
00009ef0  76 65 72 73 0d 0a 09 6d  76 69 09 61 2c 31 09 3b  |vers...mvi.a,1.;|
00009f00  65 72 72 6f 72 20 63 6f  6e 64 69 74 69 6f 6e 0d  |error condition.|
00009f10  0a 09 72 65 74 09 09 3b  72 65 70 6c 61 63 65 64  |..ret..;replaced|
00009f20  20 77 68 65 6e 20 66 69  6c 6c 65 64 2d 69 6e 0d  | when filled-in.|
00009f30  0a 3b 0d 0a 3b 09 74 68  65 20 72 65 07 00 0c 01  |.;..;.the re....|
00009f40  00 12 01 01 00 6d 61 69  6e 64 65 72 20 6f 66 20  |.....mainder of |
00009f50  74 68 65 20 43 42 49 4f  53 20 69 73 20 72 65 73  |the CBIOS is res|
00009f60  65 72 76 65 64 20 75 6e  69 6e 69 74 69 61 6c 69  |erved uninitiali|
00009f70  7a 65 64 0d 0a 3b 09 64  61 74 61 20 61 72 65 61  |zed..;.data area|
00009f80  2c 20 61 6e 64 20 64 6f  65 73 20 6e 6f 74 20 6e  |, and does not n|
00009f90  65 65 64 20 74 6f 20 62  65 20 61 20 70 61 72 74  |eed to be a part|
00009fa0  20 6f 66 20 74 68 65 0d  0a 3b 09 73 79 73 74 65  | of the..;.syste|
00009fb0  6d 20 6d 65 6d 6f 72 79  20 69 6d 61 67 65 20 28  |m memory image (|
00009fc0  74 68 65 20 73 70 61 63  65 20 6d 75 73 74 20 62  |the space must b|
00009fd0  65 20 61 76 61 69 6c 61  62 6c 65 2c 0d 0a 3b 09  |e available,..;.|
00009fe0  68 6f 77 65 76 65 72 2c  20 62 65 74 77 65 65 6e  |however, between|
00009ff0  20 22 62 65 67 64 61 74  22 20 61 6e 64 20 22 65  | "begdat" and "e|
0000a000  6e 64 64 61 74 22 29 2e  0d 0a 3b 0d 0a 74 72 61  |nddat")...;..tra|
0000a010  63 6b 3a 09 64 73 09 32  09 3b 74 77 6f 20 62 79  |ck:.ds.2.;two by|
0000a020  74 65 73 20 66 6f 72 20  65 78 70 61 6e 73 69 6f  |tes for expansio|
0000a030  6e 0d 0a 73 65 63 74 6f  72 3a 09 64 73 09 32 09  |n..sector:.ds.2.|
0000a040  3b 74 77 6f 20 07 00 0d  01 00 76 05 00 01 80 00  |;two .....v.....|
0000a050  e5 e5 07 00 0e 01 00 76  05 00 01 80 00 e5 e5 07  |.......v........|
0000a060  00 0f 01 00 76 05 00 01  80 00 e5 e5 07 00 10 01  |....v...........|
0000a070  00 76 05 00 01 80 00 e5  e5 10 07 01 68 07 01 01  |.v..........h...|
0000a080  01 00 92 01 01 00 01 bc  0f c3 3d 01 43 4f 50 59  |..........=.COPY|
0000a090  52 49 47 48 54 20 28 43  29 20 31 39 38 30 2c 20  |RIGHT (C) 1980, |
0000a0a0  44 49 47 49 54 41 4c 20  52 45 53 45 41 52 43 48  |DIGITAL RESEARCH|
0000a0b0  20 20 20 20 20 20 44 44  54 20 56 45 52 53 20 32  |      DDT VERS 2|
0000a0c0  2e 32 24 31 00 02 c5 c5  11 30 01 0e 09 cd 05 00  |.2$1.....0......|
0000a0d0  c1 21 07 00 7e 3d 90 57  1e 00 d5 21 00 02 78 b1  |.!..~=.W...!..x.|
0000a0e0  ca 65 01 0b 7e 12 13 23  c3 58 01 d1 c1 e5 62 78  |.e..~..#.X....bx|
0000a0f0  b1 ca 87 01 0b 7b e6 07  c2 7a 01 e3 7e 23 e3 6f  |.....{...z..~#.o|
0000a100  7d 17 6f d2 83 01 1a 84  12 13 c3 69 01 d1 2e 00  |}.o........i....|
0000a110  e9 0e 10 cd 05 00 32 5f  1e c9 21 66 1e 70 2b 71  |......2_..!f.p+q|
0000a120  2a 65 1e eb 0e 11 cd 05  00 32 5f 1e c9 11 00 00  |*e.......2_.....|
0000a130  0e 12 cd 05 00 32 5f 1e  c9 21 68 1e 70 2b 71 2a  |.....2_..!h.p+q*|
0000a140  67 1e eb 0e 13 cd 05 00  c9 21 6a 1e 70 2b 71 2a  |g........!j.p+q*|
0000a150  69 1e eb 0e 14 cd 05 00  c9 21 6c 1e 70 2b 71 2a  |i........!l.p+q*|
0000a160  6b 1e eb 0e 15 cd 05 00  c9 21 6e 1e 70 2b 71 2a  |k........!n.p+q*|
0000a170  6d 1e eb 0e 16 cd 05 00  32 5f 1e c9 21 70 1e 70  |m.......2_..!p.p|
0000a180  2b 71 2a 6f 1e eb 07 01  02 01 00 c0 01 01 00 c3  |+q*o............|
0000a190  83 06 00 00 00 c3 4f 03  c3 24 05 2a 73 1e eb 0e  |......O..$.*s...|
0000a1a0  1e cd 05 00 f5 79 cd 8f  06 f1 c9 fe 20 c8 fe 09  |.....y...... ...|
0000a1b0  c8 fe 2c c8 fe 0d c8 fe  7f ca 24 05 c9 0e 0d cd  |..,.......$.....|
0000a1c0  15 00 0e 0a cd 15 00 c9  cd 8c 06 fe 0d ca 18 05  |................|
0000a1d0  cd 1c 00 ca 39 00 0e 04  21 7a 06 36 20 23 0d c2  |....9...!z.6 #..|
0000a1e0  4c 00 0e 05 21 7a 06 77  cd 8c 06 cd 1c 00 ca 6a  |L...!z.w.......j|
0000a1f0  00 23 0d ca 18 05 c3 58  00 3a 7a 06 fe 20 c9 d6  |.#.....X.:z.. ..|
0000a200  30 fe 0a d8 c6 f9 fe 10  d8 c3 18 05 cd 98 06 3d  |0..............=|
0000a210  c2 18 05 eb 4e 23 46 79  05 04 c9 cd 7d 00 c2 18  |....N#Fy....}...|
0000a220  05 c9 17 17 17 e6 38 c9  17 17 17 17 e6 30 c9 eb  |......8......0..|
0000a230  2a 7a 06 eb 7b be c2 af  00 23 7a be c8 2b 2b 2b  |*z..{....#z..+++|
0000a240  0d c2 a5 00 0d c9 06 04  d5 11 7a 06 1a be c2 ca  |..........z.....|
0000a250  00 23 13 05 c2 bd 00 d1  c9 23 05 c2 ca 00 11 f8  |.#.......#......|
0000a260  ff 19 d1 13 0d c2 b7 00  0d c9 c5 cd 39 00 ca 18  |............9...|
0000a270  05 0e 08 21 60 06 cd a0  00 c2 18 05 0d 79 c1 c9  |...!`........y..|
0000a280  c5 cd 39 00 ca 18 05 0e  05 21 72 06 cd b7 00 07  |..9......!r.....|
0000a290  01 03 01 00 1b 01 01 00  c2 18 05 0d 79 c1 c9 cd  |............y...|
0000a2a0  f1 00 fe 04 ca 18 05 c9  cd f1 00 fe 03 ca 18 05  |................|
0000a2b0  fe 04 c0 3d c9 21 7a 06  11 7b 06 0e 02 1a 77 23  |...=.!z..{....w#|
0000a2c0  13 0d c2 25 01 1a fe 20  c2 18 05 77 21 50 06 0e  |...%... ...w!P..|
0000a2d0  08 cd a0 00 c2 18 05 0d  79 cd 93 00 c9 cd 1d 01  |........y.......|
0000a2e0  f5 cd 7d 00 f1 f6 c0 c9  1a 2a 11 00 77 23 22 11  |..}......*..w#".|
0000a2f0  00 c9 cd 8c 06 fe 0d ca  40 05 fe 2e ca 40 05 cd  |........@....@..|
0000a300  3c 00 ca 18 05 0e 11 21  a6 05 11 45 05 cd b7 00  |<......!...E....|
0000a310  c2 7e 01 c3 50 01 0e 0a  21 ce 05 cd b7 00 c2 92  |.~..P...!.......|
0000a320  01 cd 50 01 cd 8c 00 c3  51 01 0e 06 21 e6 05 cd  |..P.....Q...!...|
0000a330  b7 00 c2 aa 01 cd 50 01  cd 7d 00 cd 51 01 78 c3  |......P..}..Q.x.|
0000a340  51 01 0e 01 21 ea 05 cd  b7 00 c2 c6 01 cd db 00  |Q...!...........|
0000a350  cd 93 00 47 0e 40 cd db  00 b1 b0 c3 51 01 0e 08  |...G.@......Q...|
0000a360  21 0a 06 cd b7 00 c2 dc  01 0d 79 cd 93 00 47 0e  |!.........y...G.|
0000a370  80 c3 be 01 0e 02 21 12  06 cd b7 00 c2 f4 01 0c  |......!.........|
0000a380  0c 0c cd db 00 cd 93 00  b1 c3 51 01 0e 01 21 16  |..........Q...!.|
0000a390  06 cd b7 00 c2 10 02 cd  07 01 04 01 00 ef 01 01  |................|
0000a3a0  00 db 00 cd 93 00 f6 06  cd 51 01 cd 8c 00 c3 51  |.........Q.....Q|
0000a3b0  01 0e 06 21 2e 06 cd b7  00 c2 36 02 79 fe 04 da  |...!......6.y...|
0000a3c0  23 02 c6 05 47 cd 07 01  cd 99 00 b0 cd 51 01 e6  |#...G........Q..|
0000a3d0  cf fe 01 c0 c3 a0 01 0e  01 21 32 06 cd b7 00 c2  |.........!2.....|
0000a3e0  51 02 cd 8c 00 fe 08 d2  18 05 cd 93 00 f6 c7 c3  |Q...............|
0000a3f0  51 01 0e 02 21 3e 06 cd  b7 00 c2 71 02 0d c2 65  |Q...!>.....q...e|
0000a400  02 0e c1 c3 67 02 0e c5  cd 10 01 cd 99 00 b1 c3  |....g...........|
0000a410  51 01 3a 7a 06 fe 4a c2  81 02 cd 45 01 f6 02 c3  |Q.:z..J....E....|
0000a420  8b 02 fe 43 c2 96 02 cd  45 01 f6 04 cd 51 01 79  |...C....E....Q.y|
0000a430  cd 51 01 78 c3 51 01 fe  52 c2 18 05 cd 1d 01 f6  |.Q.x.Q..R.......|
0000a440  c0 c3 51 01 2a 0e 00 d5  eb 2a 0c 00 7b 95 7a 9c  |..Q.*....*..{.z.|
0000a450  d2 b7 02 2a 13 00 f9 c9  d1 7e 23 22 0c 00 c9 3c  |...*.....~#"...<|
0000a460  e6 07 fe 06 da c8 02 c6  03 fe 05 da cf 02 c6 02  |................|
0000a470  c6 41 4f c3 15 00 47 e6  f0 0f 0f 0f 0f c6 90 27  |.AO...G........'|
0000a480  ce 40 27 4f cd 15 00 78  e6 0f c6 90 27 ce 40 27  |.@'O...x....'.@'|
0000a490  4f c3 15 00 06 04 4e cd  15 00 23 05 c2 f5 02 0e  |O.....N...#.....|
0000a4a0  20 07 01 05 01 00 a4 01  01 00 c3 15 00 7a e6 38  | ............z.8|
0000a4b0  0f 0f 0f c9 cd 03 03 87  4f 21 42 06 09 4e cd 15  |........O!B..N..|
0000a4c0  00 23 4e cd 15 00 0e 20  cd 15 00 c3 15 00 cd 03  |.#N.... ........|
0000a4d0  03 e6 06 fe 06 c2 be 02  0e 53 cd 15 00 0e 50 c3  |.........S....P.|
0000a4e0  15 00 cd 2e 00 2a 0c 00  7c cd d5 02 7d cd d5 02  |.....*..|...}...|
0000a4f0  0e 20 cd 15 00 cd 15 00  c9 21 00 00 39 22 13 00  |. .......!..9"..|
0000a500  3a 10 00 b7 ca 71 03 21  ff ff 22 0e 00 3c c2 71  |:....q.!.."..<.q|
0000a510  03 3c 32 10 00 2a 0c 00  c3 97 03 cd 9e 06 c2 40  |.<2..*.........@|
0000a520  05 21 10 00 7e b7 ca 83  03 35 ca 40 05 2a 0c 00  |.!..~....5.@.*..|
0000a530  cd a1 06 cd 2e 00 0e 20  cd 15 00 cd 15 00 cd 3b  |....... .......;|
0000a540  03 cd a3 02 57 21 45 05  01 11 00 be ca fd 04 23  |....W!E........#|
0000a550  0d c2 a1 03 0e 0a be ca  e9 04 23 0d c2 ac 03 0e  |..........#.....|
0000a560  06 be ca ce 04 23 0d c2  b7 03 e6 c0 fe 40 ca b4  |.....#.......@..|
0000a570  04 fe 80 ca a5 04 7a e6  c7 d6 04 ca 96 04 3d ca  |......z.......=.|
0000a580  90 04 3d ca 7c 04 7a e6  c0 ca 4a 04 7a e6 07 ca  |..=.|.z...J.z...|
0000a590  3f 04 d6 02 ca 34 04 d6  02 ca 29 04 d6 03 ca 1a  |?....4....).....|
0000a5a0  04 7a e6 08 c2 0b 05 7a  e6 07 07 01 06 01 00 a4  |.z.....z........|
0000a5b0  01 01 00 4f 3d 21 39 06  09 cd f3 02 cd 03 03 fe  |...O=!9.........|
0000a5c0  06 c2 9f 04 21 36 06 cd  f3 02 c3 71 03 21 32 06  |....!6.....q.!2.|
0000a5d0  cd f3 02 cd 03 03 cd d5  02 c3 71 03 0e 43 cd 15  |..........q..C..|
0000a5e0  00 cd 0a 03 c3 d9 04 0e  4a cd 15 00 cd 0a 03 c3  |........J.......|
0000a5f0  d9 04 0e 52 cd 15 00 cd  0a 03 c3 71 03 21 1a 06  |...R.......q.!..|
0000a600  7a e6 07 ca 0b 05 7a e6  0f 3d ca 6e 04 fe 03 da  |z.....z..=.n....|
0000a610  61 04 d6 05 87 87 4f 09  cd f3 02 cd 24 03 c3 71  |a.....O.....$..q|
0000a620  03 cd f3 02 cd 24 03 0e  2c cd 15 00 c3 d9 04 21  |.....$..,......!|
0000a630  16 06 cd f3 02 cd 03 03  cd be 02 0e 2c cd 15 00  |............,...|
0000a640  c3 f4 04 21 12 06 c3 99  04 21 0e 06 cd f3 02 cd  |...!.....!......|
0000a650  03 03 cd be 02 c3 71 03  7a e6 38 0f 4f 21 ee 05  |......q.z.8.O!..|
0000a660  09 cd f3 02 c3 c5 04 21  ea 05 cd f3 02 cd 03 03  |.......!........|
0000a670  cd be 02 0e 2c cd 15 00  7a e6 07 cd be 02 c3 71  |....,...z......q|
0000a680  03 79 87 87 4f 21 ce 05  09 cd f3 02 cd a3 02 f5  |.y..O!..........|
0000a690  cd a3 02 57 f1 5f cd 95  06 c3 71 03 79 87 87 4f  |...W._....q.y..O|
0000a6a0  21 a6 05 09 cd f3 02 cd  a3 02 cd 92 06 c3 71 03  |!.............q.|
0000a6b0  79 87 87 07 01 07 01 00  f9 01 01 00 4f 21 62 05  |y...........O!b.|
0000a6c0  09 cd f3 02 c3 71 03 21  76 06 cd f3 02 7a cd 92  |.....q.!v....z..|
0000a6d0  06 c3 71 03 cd 2e 00 0e  3f cd 15 00 2a 13 00 f9  |..q.....?...*...|
0000a6e0  21 00 00 39 22 13 00 cd  38 03 22 11 00 cd 89 06  |!..9"...8.".....|
0000a6f0  cd 5a 01 2a 11 00 22 0c  00 c3 2b 05 2a 13 00 f9  |.Z.*.."...+.*...|
0000a700  c9 00 07 0f 17 1f 27 2f  37 3f 76 c9 e3 e9 eb f3  |......'/7?v.....|
0000a710  f9 fb c6 ce d3 d6 db de  e6 ee f6 fe 22 2a 32 3a  |............"*2:|
0000a720  c3 cd 45 49 20 20 53 50  48 4c 44 49 20 20 58 43  |..EI  SPHLDI  XC|
0000a730  48 47 50 43 48 4c 58 54  48 4c 52 45 54 20 48 4c  |HGPCHLXTHLRET HL|
0000a740  54 20 43 4d 43 20 53 54  43 20 43 4d 41 20 44 41  |T CMC STC CMA DA|
0000a750  41 20 52 41 52 20 52 41  4c 20 52 52 43 20 52 4c  |A RAR RAL RRC RL|
0000a760  43 20 4e 4f 50 20 43 50  49 20 4f 52 49 20 58 52  |C NOP CPI ORI XR|
0000a770  49 20 41 4e 49 20 53 42  49 20 49 4e 20 20 53 55  |I ANI SBI IN  SU|
0000a780  49 20 4f 55 54 20 41 43  49 20 41 44 49 20 43 41  |I OUT ACI ADI CA|
0000a790  4c 4c 4a 4d 50 20 4c 44  41 20 53 54 41 20 4c 48  |LLJMP LDA STA LH|
0000a7a0  4c 44 53 48 4c 44 4d 4f  56 20 41 44 44 20 41 44  |LDSHLDMOV ADD AD|
0000a7b0  43 20 53 55 42 20 53 42  42 20 41 4e 07 01 08 01  |C SUB SBB AN....|
0000a7c0  00 22 01 01 00 41 20 58  52 41 20 4f 52 41 20 43  |."...A XRA ORA C|
0000a7d0  4d 50 20 49 4e 52 20 44  43 52 20 4d 56 49 20 4c  |MP INR DCR MVI L|
0000a7e0  58 49 20 53 54 41 58 49  4e 58 20 44 41 44 20 4c  |XI STAXINX DAD L|
0000a7f0  44 41 58 44 43 58 20 52  53 54 20 50 53 57 20 50  |DAXDCX RST PSW P|
0000a800  4f 50 20 50 55 53 48 4e  5a 5a 20 4e 43 43 20 50  |OP PUSHNZZ NCC P|
0000a810  4f 50 45 50 20 4d 20 42  20 43 20 44 20 45 20 48  |OPEP M B C D E H|
0000a820  20 4c 20 4d 20 41 20 42  20 20 20 44 20 20 20 48  | L M A B   D   H|
0000a830  20 20 20 53 50 20 20 50  53 57 20 3f 3f 3d 20 1e  |   SP  PSW ??= .|
0000a840  4d 06 00 21 45 c3 a2 06  c3 aa 06 c3 cf 0d c3 b6  |M..!E...........|
0000a850  0b c3 dd 0b c3 c7 0b c3  05 0c c3 2d 0c c3 90 0c  |...........-....|
0000a860  c3 66 0c c3 1f 0c c9 e3  22 4a 0f e3 c3 00 00 2a  |.f......"J.....*|
0000a870  06 00 22 a8 06 21 a2 06  22 01 00 21 00 00 22 06  |.."..!.."..!..".|
0000a880  00 af 32 4f 0f 21 00 01  22 0c 00 22 5d 0f 22 87  |..2O.!..".."].".|
0000a890  0f 22 b9 0f 21 00 01 31  b7 0f e5 21 02 00 e5 2b  |."..!..1...!...+|
0000a8a0  2b 22 b7 0f e5 e5 22 4d  0f 3e c3 32 38 00 21 86  |+"...."M.>.28.!.|
0000a8b0  06 22 39 00 3a 5d 00 fe  20 ca fe 06 21 00 00 e5  |."9.:].. ...!...|
0000a8c0  c3 ad 09 31 af 07 01 09  01 00 e9 01 01 00 0f cd  |...1............|
0000a8d0  93 09 da 0d 07 21 80 06  22 06 00 cd 15 0c 3e 2d  |.....!..".....>-|
0000a8e0  cd c7 0b cd b6 0b cd dd  0b fe 0d ca fe 06 d6 41  |...............A|
0000a8f0  da ab 0b fe 1a d2 ab 0b  5f 16 00 21 37 07 19 19  |........_..!7...|
0000a900  5e 23 56 eb e9 7e 07 ab  0b ab 0b c6 07 ab 0b 5c  |^#V..~.........\|
0000a910  08 70 08 da 08 04 09 ab  0b ab 0b 97 07 5a 09 ab  |.p...........Z..|
0000a920  0b ab 0b ab 0b ab 0b 9c  09 7a 0a c3 0a bf 0a ab  |.........z......|
0000a930  0b ab 0b e7 0a ab 0b ab  0b e5 d5 c5 af 32 5b 00  |.............2[.|
0000a940  0e 0f 11 5c 00 cd a2 06  c1 d1 e1 c9 cd 93 09 d2  |...\............|
0000a950  ab 0b cd 90 0c 3d c2 ab  0b cd 66 0c 22 0c 00 cd  |.....=....f."...|
0000a960  09 00 c3 fe 06 cd 93 09  d2 ab 0b cd 90 0c ca bb  |................|
0000a970  07 cd 66 0c 22 0c 00 3d  ca bb 07 cd 66 0c 22 0e  |..f."..=....f.".|
0000a980  00 3d c2 ab 0b af c3 bd  07 3e 0c 32 10 00 cd 06  |.=.......>.2....|
0000a990  00 c3 fe 06 cd 90 0c ca  e5 07 cd 66 0c da d5 07  |...........f....|
0000a9a0  22 5d 0f e6 7f 3d ca e5  07 cd 66 0c 3d c2 ab 0b  |"]...=....f.=...|
0000a9b0  c3 f0 07 2a 5d 0f 7d e6  f0 6f 11 bf 00 19 22 5f  |...*].}..o...."_|
0000a9c0  0f cd 15 0c cd 1f 0c c2  fe 06 2a 5d 0f 22 07 01  |..........*]."..|
0000a9d0  0a 01 00 4f 01 01 00 61  0f cd 2e 0c cd c5 0b 7e  |...O...a.......~|
0000a9e0  cd 05 0c 23 cd 45 0c da  19 08 7d e6 0f c2 05 08  |...#.E....}.....|
0000a9f0  22 5d 0f 2a 61 0f eb cd  c5 0b 1a cd 36 0c 13 2a  |"].*a.......6..*|
0000aa00  5d 0f 7d 93 c2 23 08 7c  92 c2 23 08 2a 5d 0f cd  |].}..#.|..#.*]..|
0000aa10  45 0c da fe 06 c3 f3 07  cd 90 0c fe 03 c2 ab 0b  |E...............|
0000aa20  cd 66 0c e5 cd 66 0c e5  cd 66 0c d1 c1 c9 7b 91  |.f...f...f....{.|
0000aa30  7a 98 c9 cd 41 08 7c b7  c2 ab 0b cd 57 08 da fe  |z...A.|.....W...|
0000aa40  06 7d 02 03 c3 64 08 cd  15 0c cd 90 0c cd 66 0c  |.}...d........f.|
0000aa50  e5 cd 66 0c e5 cd 66 0c  44 4d d1 e1 f3 ca a1 08  |..f...f.DM......|
0000aa60  da 8f 08 22 b9 0f e6 7f  3d ca a1 08 cd b2 08 3d  |..."....=......=|
0000aa70  ca a1 08 59 50 cd b2 08  31 af 0f d1 c1 f1 e1 f9  |...YP...1.......|
0000aa80  2a b9 0f e5 2a b7 0f fb  c9 f5 c5 21 4f 0f 7e 34  |*...*......!O.~4|
0000aa90  b7 ca cd 08 23 7e 23 46  23 bb c2 cd 08 78 ba c2  |....#~#F#....x..|
0000aaa0  cd 08 7e 12 23 73 23 72  23 1a 77 3e ff 12 c1 f1  |..~.#s#r#.w>....|
0000aab0  c9 cd 90 0c fe 02 c2 ab  0b cd 66 0c e5 cd 66 0c  |..........f...f.|
0000aac0  d1 e5 cd 15 0c 19 cd 2e  0c cd c5 0b e1 af 95 6f  |...............o|
0000aad0  3e 00 9c 67 19 cd 2e 07  01 0b 01 00 a4 01 01 00  |>..g............|
0000aae0  0c c3 fe 06 af 32 7c 00  32 5c 00 cd dd 0b 0e 09  |.....2|.2\......|
0000aaf0  21 5d 00 77 23 0d ca ab  0b cd dd 0b fe 2e ca 26  |!].w#..........&|
0000ab00  09 fe 0d c2 13 09 0d ca  30 09 36 20 23 c3 26 09  |........0.6 #.&.|
0000ab10  0e 04 fe 2e c2 4b 09 21  65 00 cd dd 0b fe 0d ca  |.....K.!e.......|
0000ab20  4b 09 77 23 0d ca ab 0b  c3 3a 09 0d ca 55 09 36  |K.w#.....:...U.6|
0000ab30  20 23 c3 4b 09 36 00 c3  fe 06 cd 41 08 cd 57 08  | #.K.6.....A..W.|
0000ab40  da fe 06 0a 03 77 23 c3  5d 09 21 65 00 7e e6 7f  |.....w#.].!e.~..|
0000ab50  fe 48 c0 23 7e e6 7f fe  45 c0 23 7e e6 7f fe 58  |.H.#~...E.#~...X|
0000ab60  c9 eb 2a 87 0f 7d 93 7c  9a eb c9 cd 81 09 d0 22  |..*..}.|......."|
0000ab70  87 0f c9 e5 21 00 00 cd  81 09 e1 c9 cd 90 0c 21  |....!..........!|
0000ab80  00 00 ca ac 09 3d c2 ab  0b cd 66 0c e5 cd 6b 07  |.....=....f...k.|
0000ab90  fe ff ca ab 0b cd 6a 09  ca e1 09 e1 11 00 01 19  |......j.........|
0000aba0  e5 11 5c 00 0e 14 cd a2  06 e1 b7 c2 46 0a 11 80  |..\.........F...|
0000abb0  00 0e 80 1a 13 77 23 0d  c2 d3 09 cd 8b 09 c3 c0  |.....w#.........|
0000abc0  09 cd 74 0b fe 1a ca ab  0b de 3a c2 e1 09 57 e1  |..t.......:...W.|
0000abd0  e5 cd 26 0a 5f cd 26 0a  f5 cd 26 0a c1 4f 09 7b  |..&._.&...&..O.{|
0000abe0  07 01 0c 01 00 e0 01 01  00 b7 c2 0c 0a 60 69 22  |.............`i"|
0000abf0  b9 0f c3 46 0a cd 26 0a  cd 26 0a 77 23 1d c2 0f  |...F..&..&.w#...|
0000ac00  0a cd 26 0a f5 cd 8b 09  f1 c2 ab 0b c3 e1 09 c5  |..&.............|
0000ac10  e5 d5 cd 74 0b cd 59 0c  07 07 07 07 e6 f0 f5 cd  |...t..Y.........|
0000ac20  74 0b cd 59 0c c1 b0 47  d1 82 57 78 e1 c1 c9 0e  |t..Y...G..Wx....|
0000ac30  0c cd a2 06 21 6f 0a 7e  b7 ca 5a 0a cd c7 0b 23  |....!o.~..Z....#|
0000ac40  c3 4e 0a cd 15 0c 2a 87  0f cd 2e 0c cd c5 0b 2a  |.N....*........*|
0000ac50  b9 0f cd 2e 0c c3 fe 06  0d 0a 4e 45 58 54 20 20  |..........NEXT  |
0000ac60  50 43 00 cd 90 0c 3d c2  ab 0b cd 66 0c cd 15 0c  |PC....=....f....|
0000ac70  e5 cd 2e 0c cd c5 0b e1  7e e5 cd 05 0c cd c5 0b  |........~.......|
0000ac80  cd b6 0b cd dd 0b e1 fe  0d ca bb 0a fe 2e ca fe  |................|
0000ac90  06 e5 cd 93 0c 3d c2 ab  0b cd 66 0c 7c b7 c2 ab  |.....=....f.|...|
0000aca0  0b 7d e1 77 23 c3 84 0a  af c3 c5 0a 3e ff 32 4c  |.}.w#.......>.2L|
0000acb0  0f cd 90 0c 21 00 00 ca  de 0a 3d c2 ab 0b cd 66  |....!.....=....f|
0000acc0  0c 7d b4 ca ab 0b 2b 22  4d 0f cd 44 0d c3 85 08  |.}....+"M..D....|
0000acd0  cd dd 0b fe 0d c2 f5 0a  cd 44 0d c3 fe 06 01 0b  |.........D......|
0000ace0  00 21 b3 0d be ca 08 0b  23 07 01 0d 01 00 1d 01  |.!......#.......|
0000acf0  01 00 04 0d c2 fb 0a c3  ab 0b cd dd 0b fe 0d c2  |................|
0000ad00  ab 0b c5 cd 15 0c cd 1a  0d cd c5 0b cd b6 0b cd  |................|
0000ad10  90 0c b7 ca fe 06 3d c2  ab 0b cd 66 0c c1 78 fe  |......=....f..x.|
0000ad20  05 d2 59 0b 7c b7 c2 ab  0b 7d fe 02 d2 ab 0b cd  |..Y.|....}......|
0000ad30  e3 0c 67 41 3e fe cd 53  0b a4 41 67 7d cd 53 0b  |..gA>..S..Ag}.S.|
0000ad40  b4 12 c3 fe 06 05 c8 07  c3 53 0b c2 69 0b 7c b7  |.........S..i.|.|
0000ad50  c2 ab 0b 7d 21 b4 0f 77  c3 fe 06 e5 cd 01 0d d1  |...}!..w........|
0000ad60  73 23 72 c3 fe 06 e5 d5  c5 3a 5b 00 e6 7f ca 94  |s#r......:[.....|
0000ad70  0b 16 00 5f 21 80 00 19  7e fe 1a ca a6 0b 21 5b  |..._!...~.....![|
0000ad80  00 34 b7 c3 a7 0b 0e 14  11 5c 00 cd a2 06 b7 c2  |.4.......\......|
0000ad90  a6 0b 32 5b 00 c3 7f 0b  37 c1 d1 e1 c9 cd 15 0c  |..2[....7.......|
0000ada0  3e 3f cd c7 0b c3 fe 06  0e 0a 11 65 0f cd a2 06  |>?.........e....|
0000adb0  21 67 0f 22 63 0f c9 3e  20 e5 d5 c5 5f 0e 02 cd  |!g."c..> ..._...|
0000adc0  a2 06 c1 d1 e1 c9 fe 7f  c8 fe 61 d8 e6 5f c9 e5  |..........a.._..|
0000add0  21 66 0f 7e b7 3e 0d ca  f4 0b 35 2a 63 0f 7e 23  |!f.~.>....5*c.~#|
0000ade0  22 63 0f cd d4 0b e1 c9  fe 0a d2 00 0c c6 30 c3  |"c............0.|
0000adf0  c7 0b 07 01 0e 01 00 66  01 01 00 c6 37 c3 c7 0b  |.......f....7...|
0000ae00  f5 1f 1f 1f 1f e6 0f cd  f6 0b f1 e6 0f c3 f6 0b  |................|
0000ae10  3e 0d cd c7 0b 3e 0a c3  c7 0b c5 d5 e5 0e 0b cd  |>....>..........|
0000ae20  a2 06 e6 01 e1 d1 c1 c9  eb 7c cd 05 0c 7d c3 05  |.........|...}..|
0000ae30  0c fe 7f d2 40 0c fe 20  d2 c7 0b 3e 2e c3 c7 0b  |....@.. ...>....|
0000ae40  eb 2a 5f 0f 7d 93 6f 7c  9a eb c9 fe 0d c8 fe 2c  |.*_.}.o|.......,|
0000ae50  c8 fe 20 c9 d6 30 fe 0a  d8 c6 f9 fe 10 d8 c3 ab  |.. ..0..........|
0000ae60  0b eb 5e 23 56 23 eb c9  eb 21 00 00 cd 59 0c 29  |..^#V#...!...Y.)|
0000ae70  29 29 29 b5 6f cd dd 0b  cd 50 0c c2 71 0c eb c9  |))).o....P..q...|
0000ae80  73 23 72 23 e5 21 56 0f  34 e1 c9 cd dd 0b 21 56  |s#r#.!V.4.....!V|
0000ae90  0f 36 00 23 fe 0d ca d5  0c fe 2c c2 ae 0c 3e 80  |.6.#......,...>.|
0000aea0  32 56 0f 11 00 00 c3 b1  0c cd 6d 0c cd 85 0c fe  |2V........m.....|
0000aeb0  0d ca d5 0c cd dd 0b cd  6d 0c cd 85 0c fe 0d ca  |........m.......|
0000aec0  d5 0c cd dd 0b cd 6d 0c  cd 85 0c fe 0d c2 ab 0b  |......m.........|
0000aed0  11 56 0f 1a fe 81 ca ab  0b 13 b7 07 0f c9 e5 21  |.V.............!|
0000aee0  c3 0d 58 16 00 19 4e 21  b3 0f 7e eb e1 c9 cd e3  |..X...N!..~.....|
0000aef0  0c 0d ca fe 0c 1f c3 f6  0c e6 01 07 01 0f 01 00  |................|
0000af00  ea 01 01 00 c9 d6 06 21  be 0d 5f 16 00 19 5e 16  |.......!.._...^.|
0000af10  ff 21 bb 0f 19 c9 cd 01  0d 5e 23 56 eb c9 7e cd  |.!.......^#V..~.|
0000af20  c7 0b 78 fe 05 d2 2b 0d  cd f3 0c cd f6 0b c9 f5  |..x...+.........|
0000af30  3e 3d cd c7 0b f1 c2 3d  0d 21 b4 0f 7e cd 05 0c  |>=.....=.!..~...|
0000af40  c9 cd 12 0d cd 2e 0c c9  21 b3 0d 06 00 cd 15 0c  |........!.......|
0000af50  c5 e5 cd 1a 0d e1 c1 04  23 78 fe 0b d2 66 0d fe  |........#x...f..|
0000af60  05 da 4c 0d cd c5 0b c3  4c 0d cd c5 0b cd 85 0e  |..L.....L.......|
0000af70  f5 d5 c5 cd 93 09 d2 86  0d 2a b9 0f 22 0c 00 21  |.........*.."..!|
0000af80  10 00 36 ff cd 06 00 c3  af 0d 2b 22 5f 0f 2a b9  |..6.......+"_.*.|
0000af90  0f 7e cd 05 0c 23 cd 45  0c da af 0d f5 cd c5 0b  |.~...#.E........|
0000afa0  f1 b3 ca ab 0d 5e 23 56  eb cd 2e 0c c3 af 0d 7e  |.....^#V.......~|
0000afb0  cd 05 0c c1 d1 f1 c9 43  5a 4d 45 49 41 42 44 48  |.......CZMEIABDH|
0000afc0  53 50 f6 f4 fc fa fe 01  07 08 03 05 21 00 00 22  |SP..........!.."|
0000afd0  4d 0f c9 f3 22 b7 0f e1  2b 22 b9 0f f5 21 02 00  |M..."...+"...!..|
0000afe0  39 f1 31 b7 0f e5 f5 c5  d5 2a b9 0f 7e fe ff f5  |9.1......*..~...|
0000aff0  e5 21 4f 0f 7e 36 00 b7  ca 04 0e 3d 47 23 5e 23  |.!O.~6.....=G#^#|
0000b000  56 23 7e 12 07 01 10 01  00 54 01 01 00 78 c3 f3  |V#~......T...x..|
0000b010  0d e1 f1 ca 28 0e 23 22  b9 0f eb 21 a8 06 4e 23  |....(.#"...!..N#|
0000b020  46 cd 57 08 da 28 0e cd  c8 0d 2a 4a 0f eb 3e 82  |F.W..(....*J..>.|
0000b030  b7 37 c3 85 08 fb 2a 4d  0f 7c b5 ca 4e 0e 2b 22  |.7....*M.|..N.+"|
0000b040  4d 0f cd 1f 0c c2 4e 0e  3a 4c 0f b7 c2 48 0e cd  |M.....N.:L...H..|
0000b050  85 0e c3 85 08 cd 44 0d  c3 85 08 cd c8 0d 3e 2a  |......D.......>*|
0000b060  cd c7 0b 2a b9 0f cd 93  09 d2 62 0e 22 0c 00 cd  |...*......b."...|
0000b070  2e 0c 2a b7 0f 22 5d 0f  c3 fe 06 11 0d 00 21 2f  |..*.."].......!/|
0000b080  0f 7e a0 23 be 23 ca 81  0e 14 1d c2 74 0e 5a 16  |.~.#.#......t.Z.|
0000b090  00 c9 2a b9 0f 46 23 e5  cd 6e 0e 21 49 0f 73 21  |..*..F#..n.!I.s!|
0000b0a0  9c 0e 19 19 5e 23 56 eb  e9 b8 0e e0 0e b8 0e e0  |....^#V.........|
0000b0b0  0e be 0e f2 0e 04 0f 26  0f 26 0f 23 0f 23 0f 19  |.......&.&.#.#..|
0000b0c0  0f 26 0f 14 0f cd ce 0e  c2 29 0f cd d9 0e c3 29  |.&.......).....)|
0000b0d0  0f 3a a8 06 bb c0 3a a9  06 ba c9 c1 e1 5e 23 56  |.:....:......^#V|
0000b0e0  23 e5 c5 c3 c4 0e 2a b5  0f 5e 23 56 c9 cd ce 0e  |#.....*..^#V....|
0000b0f0  ca ed 0e c1 c5 3e 02 c3  2b 0f d1 d5 c3 29 0f 78  |.....>..+....).x|
0000b100  fe ff c2 fc 0e af c3 2d  0f e6 38 5f 16 10 08 00  |.......-..8_....|
0000b110  08 08 00 01 01 00 2a 01  01 00 00 c3 29 0f 2a b7  |......*.....).*.|
0000b120  0f eb cd c4 0e c2 29 0f  c3 be 0e c3 29 0f d1 d5  |......).....)...|
0000b130  c3 29 0f cd d9 0e c1 c5  3e 02 c3 2b 0f d1 13 d5  |.)......>..+....|
0000b140  d1 13 d5 3e 01 3c 37 e1  c9 ff c3 c7 c2 ff cd c7  |...>.<7.........|
0000b150  c4 ff c9 c7 c7 ff e9 c7  06 c7 c6 cf 01 e7 22 c7  |..............".|
0000b160  c0 f7 d3 03 cd 39 08 cd  2e 08 cd 13 08 fe 1a c2  |.....9..........|
0000b170  59 18 c9 c3 db 17 c9 01  8f 03 cd af 09 c9 2a 20  |Y.............* |
0000b180  1d 4d cd 5e 08 11 9e 03  01 e1 1d cd fd 15 32 b6  |.M.^..........2.|
0000b190  1d 01 e1 1d c5 1e 03 01  55 1f cd 18 0a 3a e1 1d  |........U....:..|
0000b1a0  e6 7f 32 e1 1d 3a e2 1d  e6 7f 32 e2 1d 01 a2 03  |..2..:....2.....|
0000b1b0  cd ea 15 01 d8 1d cd b3  08 01 d8 1d cd e3 08 3a  |...............:|
0000b1c0  5f 1e fe ff c2 b3 18 01  a5 03 cd af 09 21 f8 1d  |_............!..|
0000b1d0  36 00 21 00 00 00 20 90  00 40 00 08 21 10 92 10  |6.!... ..@..!...|
0000b1e0  21 12 42 48 00 09 10 02  40 00 10 40 08 08 41 02  |!.BH....@..@..A.|
0000b1f0  00 82 42 48 09 09 20 42  21 01 20 08 22 12 11 10  |..BH.. B!. ."...|
0000b200  10 88 42 48 49 24 24 92  42 49 24 42 49 20 84 24  |..BHI$$.BI$BI .$|
0000b210  84 10 92 09 10 92 48 49  09 20 08 00 02 01 00 63  |......HI. .....c|
0000b220  e3 00 02 00 65 82 44 04  24 90 90 84 91 08 48 90  |....e.D.$.....H.|
0000b230  90 84 84 44 24 24 20 48  08 04 08 08 00 04 00 20  |...D$$ H....... |
0000b240  84 20 08 42 10 92 04 21  24 44 24 04 88 22 24 92  |. .B...!$D$.."$.|
0000b250  42 24 90 92 44 08 41 08  21 02 10 11 10 41 08 42  |B$..D.A.!....A.B|
0000b260  08 08 90 92 49 24 84 90  92 12 48 20 42 01 24 90  |....I$....H B.$.|
0000b270  92 49 09 24 92 48 08 92  49 08 24 08 91 04 81 12  |.I.$.H..I.$.....|
0000b280  48 11 24 89 21 20 24 92  49 20 01 13 00 00 00 75  |H.$.! $.I .....u|
0000b290  00 24 92 49 24 84 01 24  81 04 92 08 02 10 10 02  |.$.I$..$........|
0000b2a0  04 92 41 09 21 08 41 00  aa aa aa aa aa aa a0 00  |..A.!.A.........|
0000b2b0  40 92 24 92 49 24 89 22  21 24 92 48 24 49 00 24  |@.$.I$."!$.H$I.$|
0000b2c0  92 49 11 20 92 22 21 09  24 90 91 10 02 12 41 24  |.I. ."!.$.....A$|
0000b2d0  88 80 92 09 10 90 11 02  08 04 20 00 08 48 84 48  |.......... ..H.H|
0000b2e0  00 90 04 00 90 84 41 02  08 41 22 08 49 20 40 00  |......A..A".I @.|
0000b2f0  00 08 04 42 42 08 91 09  20 00 84 00 24 90 84 11  |...BB... ...$...|
0000b300  10 10 92 41 22 08 00 03  01 00 56 ab 00 02 00 a1  |...A".....V.....|
0000b310  24 12 00 90 00 24 24 49  24 92 00 08 92 24 12 48  |$....$$I$....$.H|
0000b320  21 11 21 02 21 20 89 08  92 42 48 22 09 21 12 49  |!.!.! ...BH".!.I|
0000b330  11 20 42 09 02 04 20 90  88 88 10 02 00 10 10 11  |. B... .........|
0000b340  04 04 24 24 90 01 00 00  81 10 90 21 08 02 08 42  |..$$.......!...B|
0000b350  02 00 44 21 08 80 00 00  04 00 10 09 20 08 24 04  |..D!........ .$.|
0000b360  21 04 90 92 42 49 09 04  02 02 04 44 04 01 08 04  |!...BI.....D....|
0000b370  12 40 89 11 22 10 80 21  24 90 49 24 24 48 89 10  |.@.."..!$.I$$H..|
0000b380  81 22 00 00 00 04 21 00  81 01 02 00 10 88 82 49  |."....!........I|
0000b390  01 10 89 24 49 24 84 92  49 24 10 10 81 04 88 05  |...$I$..I$......|
0000b3a0  55 55 55 24 92 10 00 90  24 08 41 10 12 24 90 90  |UUU$....$.A..$..|
0000b3b0  20 01 2f 00 00 00 01 00  08 00 04 01 00 54 01 01  | ./..........T..|
0000b3c0  00 78 c3 f3 0d e1 f1 ca  28 0e 23 22 b9 0f eb 21  |.x......(.#"...!|
0000b3d0  a8 06 4e 23 46 cd 57 08  da 28 0e cd c8 0d 2a 4a  |..N#F.W..(....*J|
0000b3e0  0f eb 3e 82 b7 37 c3 85  08 fb 2a 4d 0f 7c b5 ca  |..>..7....*M.|..|
0000b3f0  4e 0e 2b 22 4d 0f cd 1f  0c c2 4e 0e 3a 4c 0f b7  |N.+"M.....N.:L..|
0000b400  c2 48 0e cd 85 0e c3 85  08 cd 44 0d c3 85 08 cd  |.H........D.....|
0000b410  c8 0d 3e 2a cd c7 0b 2a  b9 0f cd 93 09 d2 62 0e  |..>*...*......b.|
0000b420  22 0c 00 cd 2e 0c 2a b7  0f 22 5d 0f c3 fe 06 11  |".....*.."].....|
0000b430  0d 00 21 2f 0f 7e a0 23  be 23 ca 81 0e 14 1d c2  |..!/.~.#.#......|
0000b440  74 0e 5a 16 00 c9 2a b9  0f 46 23 e5 cd 6e 0e 21  |t.Z...*..F#..n.!|
0000b450  49 0f 73 21 9c 0e 19 19  5e 23 56 eb e9 b8 0e e0  |I.s!....^#V.....|
0000b460  0e b8 0e e0 0e be 0e f2  0e 04 0f 26 0f 26 0f 23  |...........&.&.#|
0000b470  0f 23 0f 19 0f 26 0f 14  0f cd ce 0e c2 29 0f cd  |.#...&.......)..|
0000b480  d9 0e c3 29 0f 3a a8 06  bb c0 3a a9 06 ba c9 c1  |...).:....:.....|
0000b490  e1 5e 23 56 23 e5 c5 c3  c4 0e 2a b5 0f 5e 23 56  |.^#V#.....*..^#V|
0000b4a0  c9 cd ce 0e ca ed 0e c1  c5 3e 02 c3 2b 0f d1 d5  |.........>..+...|
0000b4b0  c3 29 0f 78 fe ff c2 fc  0e af c3 2d 0f e6 38 5f  |.).x.......-..8_|
0000b4c0  16 08 00 05 01 00 76 05  00 01 80 00 e5 e5 08 00  |......v.........|
0000b4d0  06 01 00 76 05 00 01 80  00 e5 e5 08 00 07 01 00  |...v............|
0000b4e0  76 05 00 01 80 00 e5 e5  08 00 08 01 00 76 05 00  |v............v..|
0000b4f0  01 80 00 e5 e5 08 00 09  01 00 0f 65 00 02 00 01  |...........e....|
0000b500  3b 01 1a 2a 2a 00 05 2a  0d 0a 3b 2a 01 19 20 20  |;..**..*..;*..  |
0000b510  00 3e 20 2a 0d 0a 3b 2a  20 20 20 20 20 20 53 65  |.> *..;*      Se|
0000b520  63 74 6f 72 20 44 65 62  6c 6f 63 6b 69 6e 67 20  |ctor Deblocking |
0000b530  41 6c 67 6f 72 69 74 68  6d 73 20 66 6f 72 20 43  |Algorithms for C|
0000b540  50 2f 4d 20 32 2e 30 20  20 20 20 2a 0d 0a 3b 2a  |P/M 2.0    *..;*|
0000b550  01 19 20 20 00 05 20 2a  0d 0a 3b 01 0f 2a 2a 00  |..  .. *..;..**.|
0000b560  01 2a 08 00 0a 01 00 56  f1 00 02 01 0b 2a 2a 00  |.*.....V.....**.|
0000b570  ea 0d 0a 3b 0d 0a 3b 09  75 74 69 6c 69 74 79 20  |...;..;.utility |
0000b580  6d 61 63 72 6f 20 74 6f  20 63 6f 6d 70 75 74 65  |macro to compute|
0000b590  20 73 65 63 74 6f 72 20  6d 61 73 6b 0d 0a 73 6d  | sector mask..sm|
0000b5a0  61 73 6b 09 6d 61 63 72  6f 09 68 62 6c 6b 0d 0a  |ask.macro.hblk..|
0000b5b0  3b 3b 09 63 6f 6d 70 75  74 65 20 6c 6f 67 32 28  |;;.compute log2(|
0000b5c0  68 62 6c 6b 29 2c 20 72  65 74 75 72 6e 20 40 78  |hblk), return @x|
0000b5d0  20 61 73 20 72 65 73 75  6c 74 0d 0a 3b 3b 09 28  | as result..;;.(|
0000b5e0  32 20 2a 2a 20 40 78 20  3d 20 68 62 6c 6b 20 6f  |2 ** @x = hblk o|
0000b5f0  6e 20 72 65 74 75 72 6e  29 0d 0a 40 79 09 73 65  |n return)..@y.se|
0000b600  74 09 68 62 6c 6b 0d 0a  40 78 09 73 65 74 09 30  |t.hblk..@x.set.0|
0000b610  0d 0a 3b 3b 09 63 6f 75  6e 74 20 72 69 67 68 74  |..;;.count right|
0000b620  20 73 68 69 66 74 73 20  6f 66 20 40 79 20 75 6e  | shifts of @y un|
0000b630  74 69 6c 20 3d 20 31 0d  0a 09 72 65 70 74 09 38  |til = 1...rept.8|
0000b640  0d 0a 09 69 66 09 40 79  20 3d 20 31 0d 0a 09 65  |...if.@y = 1...e|
0000b650  78 69 74 6d 0d 0a 09 65  6e 64 69 08 00 0b 01 00  |xitm...endi.....|
0000b660  16 9f 00 02 00 5f 66 0d  0a 3b 3b 09 40 79 20 69  |....._f..;;.@y i|
0000b670  73 20 6e 6f 74 20 31 2c  20 73 68 69 66 74 20 72  |s not 1, shift r|
0000b680  69 67 68 74 20 6f 6e 65  20 70 6f 73 69 74 69 6f  |ight one positio|
0000b690  6e 0d 0a 40 79 09 73 65  74 09 40 79 20 73 68 72  |n..@y.set.@y shr|
0000b6a0  20 31 0d 0a 40 78 09 73  65 74 09 40 78 20 2b 20  | 1..@x.set.@x + |
0000b6b0  31 0d 0a 09 65 6e 64 6d  0d 0a 09 65 6e 64 6d 0d  |1...endm...endm.|
0000b6c0  0a 3b 0d 0a 3b 01 1a 2a  2a 00 05 2a 0d 0a 3b 2a  |.;..;..**..*..;*|
0000b6d0  01 19 20 20 00 06 20 2a  0d 0a 3b 2a 01 04 20 20  |..  .. *..;*..  |
0000b6e0  00 1c 20 43 50 2f 4d 20  74 6f 20 68 6f 73 74 20  |.. CP/M to host |
0000b6f0  64 69 73 6b 20 63 6f 6e  73 74 61 6e 74 73 01 06  |disk constants..|
0000b700  20 20 08 00 0c 01 00 ef  a9 00 02 00 08 20 20 20  |  ...........   |
0000b710  2a 0d 0a 3b 2a 01 19 20  20 00 05 20 2a 0d 0a 3b  |*..;*..  .. *..;|
0000b720  01 1a 2a 2a 00 8d 2a 0d  0a 62 6c 6b 73 69 7a 09  |..**..*..blksiz.|
0000b730  65 71 75 09 32 30 34 38  09 09 3b 43 50 2f 4d 20  |equ.2048..;CP/M |
0000b740  61 6c 6c 6f 63 61 74 69  6f 6e 20 73 69 7a 65 0d  |allocation size.|
0000b750  0a 68 73 74 73 69 7a 09  65 71 75 09 35 31 32 09  |.hstsiz.equ.512.|
0000b760  09 3b 68 6f 73 74 20 64  69 73 6b 20 73 65 63 74  |.;host disk sect|
0000b770  6f 72 20 73 69 7a 65 0d  0a 68 73 74 73 70 74 09  |or size..hstspt.|
0000b780  65 71 75 09 32 30 09 09  3b 68 6f 73 74 20 64 69  |equ.20..;host di|
0000b790  73 6b 20 73 65 63 74 6f  72 73 2f 74 72 6b 0d 0a  |sk sectors/trk..|
0000b7a0  68 73 74 62 6c 6b 09 65  71 75 09 68 73 74 73 69  |hstblk.equ.hstsi|
0000b7b0  7a 2f 31 08 00 0d 01 00  f8 c5 00 02 00 b3 32 38  |z/1...........28|
0000b7c0  09 3b 43 50 2f 4d 20 73  65 63 74 73 2f 68 6f 73  |.;CP/M sects/hos|
0000b7d0  74 20 62 75 66 66 0d 0a  63 70 6d 73 70 74 09 65  |t buff..cpmspt.e|
0000b7e0  71 75 09 68 73 74 62 6c  6b 20 2a 20 68 73 74 73  |qu.hstblk * hsts|
0000b7f0  70 74 09 3b 43 50 2f 4d  20 73 65 63 74 6f 72 73  |pt.;CP/M sectors|
0000b800  2f 74 72 61 63 6b 0d 0a  73 65 63 6d 73 6b 09 65  |/track..secmsk.e|
0000b810  71 75 09 68 73 74 62 6c  6b 2d 31 09 3b 73 65 63  |qu.hstblk-1.;sec|
0000b820  74 6f 72 20 6d 61 73 6b  0d 0a 09 73 6d 61 73 6b  |tor mask...smask|
0000b830  09 68 73 74 62 6c 6b 09  09 3b 63 6f 6d 70 75 74  |.hstblk..;comput|
0000b840  65 20 73 65 63 74 6f 72  20 6d 61 73 6b 0d 0a 73  |e sector mask..s|
0000b850  65 63 73 68 66 09 65 71  75 09 40 78 09 09 3b 6c  |ecshf.equ.@x..;l|
0000b860  6f 67 32 28 68 73 74 62  6c 6b 29 0d 0a 3b 0d 0a  |og2(hstblk)..;..|
0000b870  3b 01 1a 2a 2a 00 05 2a  0d 0a 3b 2a 01 0a 20 20  |;..**..*..;*..  |
0000b880  08 00 0e 01 00 af 89 00  02 01 0f 20 20 00 06 20  |...........  .. |
0000b890  2a 0d 0a 3b 2a 01 04 20  20 00 20 42 44 4f 53 20  |*..;*..  . BDOS |
0000b8a0  63 6f 6e 73 74 61 6e 74  73 20 6f 6e 20 65 6e 74  |constants on ent|
0000b8b0  72 79 20 74 6f 20 77 72  69 74 65 01 05 20 20 00  |ry to write..  .|
0000b8c0  06 20 2a 0d 0a 3b 2a 01  19 20 20 00 05 20 2a 0d  |. *..;*..  .. *.|
0000b8d0  0a 3b 01 1a 2a 2a 00 39  2a 0d 0a 77 72 61 6c 6c  |.;..**.9*..wrall|
0000b8e0  09 65 71 75 09 30 09 09  3b 77 72 69 74 65 20 74  |.equ.0..;write t|
0000b8f0  6f 20 61 6c 6c 6f 63 61  74 65 64 0d 0a 77 72 64  |o allocated..wrd|
0000b900  69 72 09 65 71 75 09 31  09 09 3b 77 72 69 74 65  |ir.equ.1..;write|
0000b910  20 08 00 0f 01 00 01 a9  00 02 00 36 74 6f 20 64  | ..........6to d|
0000b920  69 72 65 63 74 6f 72 79  0d 0a 77 72 75 61 6c 09  |irectory..wrual.|
0000b930  65 71 75 09 32 09 09 3b  77 72 69 74 65 20 74 6f  |equ.2..;write to|
0000b940  20 75 6e 61 6c 6c 6f 63  61 74 65 64 0d 0a 3b 0d  | unallocated..;.|
0000b950  0a 3b 01 1a 2a 2a 00 05  2a 0d 0a 3b 2a 01 19 20  |.;..**..*..;*.. |
0000b960  20 00 5f 20 2a 0d 0a 3b  2a 09 54 68 65 20 42 44  | ._ *..;*.The BD|
0000b970  4f 53 20 65 6e 74 72 79  20 70 6f 69 6e 74 73 20  |OS entry points |
0000b980  67 69 76 65 6e 20 62 65  6c 6f 77 20 73 68 6f 77  |given below show|
0000b990  20 74 68 65 20 20 20 2a  0d 0a 3b 2a 20 20 20 20  | the   *..;*    |
0000b9a0  20 20 63 6f 64 65 20 77  68 69 63 68 20 69 73 20  |  code which is |
0000b9b0  72 65 6c 65 76 61 6e 74  20 74 6f 20 64 65 62 6c  |relevant to debl|
0000b9c0  6f 63 08 00 10 01 00 da  a9 00 02 00 12 6b 69 6e  |oc...........kin|
0000b9d0  67 20 6f 6e 6c 79 2e 20  20 20 2a 0d 0a 3b 2a 01  |g only.   *..;*.|
0000b9e0  19 20 20 00 05 20 2a 0d  0a 3b 01 1a 2a 2a 00 83  |.  .. *..;..**..|
0000b9f0  2a 0d 0a 3b 0d 0a 3b 09  44 49 53 4b 44 45 46 20  |*..;..;.DISKDEF |
0000ba00  6d 61 63 72 6f 2c 20 6f  72 20 68 61 6e 64 20 63  |macro, or hand c|
0000ba10  6f 64 65 64 20 74 61 62  6c 65 73 20 67 6f 20 68  |oded tables go h|
0000ba20  65 72 65 0d 0a 64 70 62  61 73 65 09 65 71 75 09  |ere..dpbase.equ.|
0000ba30  24 09 09 3b 64 69 73 6b  20 70 61 72 61 6d 20 62  |$..;disk param b|
0000ba40  6c 6f 63 6b 20 62 61 73  65 0d 0a 3b 0d 0a 62 6f  |lock base..;..bo|
0000ba50  6f 74 3a 0d 0a 77 62 6f  6f 74 3a 0d 0a 09 3b 65  |ot:..wboot:...;e|
0000ba60  6e 74 65 72 20 68 65 72  65 20 6f 6e 20 73 79 73  |nter here on sys|
0000ba70  74 65 6d 10 08 01 9f 08  01 01 01 00 4b 01 01 00  |tem.........K...|
0000ba80  20 62 6f 6f 74 20 74 6f  20 69 6e 69 74 69 61 6c  | boot to initial|
0000ba90  69 7a 65 0d 0a 09 78 72  61 09 61 09 09 3b 30 20  |ize...xra.a..;0 |
0000baa0  74 6f 20 61 63 63 75 6d  75 6c 61 74 6f 72 0d 0a  |to accumulator..|
0000bab0  09 73 74 61 09 68 73 74  61 63 74 09 09 3b 68 6f  |.sta.hstact..;ho|
0000bac0  73 74 20 62 75 66 66 65  72 20 69 6e 61 63 74 69  |st buffer inacti|
0000bad0  76 65 0d 0a 09 73 74 61  09 75 6e 61 63 6e 74 09  |ve...sta.unacnt.|
0000bae0  09 3b 63 6c 65 61 72 20  75 6e 61 6c 6c 6f 63 20  |.;clear unalloc |
0000baf0  63 6f 75 6e 74 0d 0a 09  72 65 74 0d 0a 3b 0d 0a  |count...ret..;..|
0000bb00  68 6f 6d 65 3a 0d 0a 09  3b 68 6f 6d 65 20 74 68  |home:...;home th|
0000bb10  65 20 73 65 6c 65 63 74  65 64 20 64 69 73 6b 0d  |e selected disk.|
0000bb20  0a 68 6f 6d 65 3a 0d 0a  09 6c 64 61 09 68 73 74  |.home:...lda.hst|
0000bb30  77 72 74 09 3b 63 68 65  63 6b 20 66 6f 72 20 70  |wrt.;check for p|
0000bb40  65 6e 64 69 6e 67 20 77  72 69 74 65 0d 0a 09 6f  |ending write...o|
0000bb50  72 61 09 61 0d 0a 09 6a  6e 7a 09 68 6f 6d 65 64  |ra.a...jnz.homed|
0000bb60  0d 0a 09 73 74 61 09 68  73 74 61 63 74 09 3b 63  |...sta.hstact.;c|
0000bb70  6c 65 61 72 20 68 6f 73  74 20 61 63 74 69 76 65  |lear host active|
0000bb80  08 01 02 01 00 bd 01 01  00 20 66 6c 61 67 0d 0a  |......... flag..|
0000bb90  68 6f 6d 65 64 3a 0d 0a  09 72 65 74 0d 0a 3b 0d  |homed:...ret..;.|
0000bba0  0a 73 65 6c 64 73 6b 3a  0d 0a 09 3b 73 65 6c 65  |.seldsk:...;sele|
0000bbb0  63 74 20 64 69 73 6b 0d  0a 09 6d 6f 76 09 61 2c  |ct disk...mov.a,|
0000bbc0  63 09 09 3b 73 65 6c 65  63 74 65 64 20 64 69 73  |c..;selected dis|
0000bbd0  6b 20 6e 75 6d 62 65 72  0d 0a 09 73 74 61 09 73  |k number...sta.s|
0000bbe0  65 6b 64 73 6b 09 09 3b  73 65 65 6b 20 64 69 73  |ekdsk..;seek dis|
0000bbf0  6b 20 6e 75 6d 62 65 72  0d 0a 09 6d 6f 76 09 6c  |k number...mov.l|
0000bc00  2c 61 09 09 3b 64 69 73  6b 20 6e 75 6d 62 65 72  |,a..;disk number|
0000bc10  20 74 6f 20 48 4c 0d 0a  09 6d 76 69 09 68 2c 30  | to HL...mvi.h,0|
0000bc20  0d 0a 09 72 65 70 74 09  34 09 09 3b 6d 75 6c 74  |...rept.4..;mult|
0000bc30  69 70 6c 79 20 62 79 20  31 36 0d 0a 09 64 61 64  |iply by 16...dad|
0000bc40  09 68 0d 0a 09 65 6e 64  6d 0d 0a 09 6c 78 69 09  |.h...endm...lxi.|
0000bc50  64 2c 64 70 62 61 73 65  09 3b 62 61 73 65 20 6f  |d,dpbase.;base o|
0000bc60  66 20 70 61 72 6d 20 62  6c 6f 63 6b 0d 0a 09 64  |f parm block...d|
0000bc70  61 64 09 64 09 09 3b 68  6c 3d 2e 64 70 62 28 63  |ad.d..;hl=.dpb(c|
0000bc80  75 72 64 73 6b 29 0d 0a  09 08 01 03 01 00 2e 01  |urdsk)..........|
0000bc90  01 00 72 65 74 0d 0a 3b  0d 0a 73 65 74 74 72 6b  |..ret..;..settrk|
0000bca0  3a 0d 0a 09 3b 73 65 74  20 74 72 61 63 6b 20 67  |:...;set track g|
0000bcb0  69 76 65 6e 20 62 79 20  72 65 67 69 73 74 65 72  |iven by register|
0000bcc0  73 20 42 43 0d 0a 09 6d  6f 76 09 68 2c 62 0d 0a  |s BC...mov.h,b..|
0000bcd0  09 6d 6f 76 09 6c 2c 63  0d 0a 09 73 68 6c 64 09  |.mov.l,c...shld.|
0000bce0  73 65 6b 74 72 6b 09 09  3b 74 72 61 63 6b 20 74  |sektrk..;track t|
0000bcf0  6f 20 73 65 65 6b 0d 0a  09 72 65 74 0d 0a 3b 0d  |o seek...ret..;.|
0000bd00  0a 73 65 74 73 65 63 3a  0d 0a 09 3b 73 65 74 20  |.setsec:...;set |
0000bd10  73 65 63 74 6f 72 20 67  69 76 65 6e 20 62 79 20  |sector given by |
0000bd20  72 65 67 69 73 74 65 72  20 63 20 0d 0a 09 6d 6f  |register c ...mo|
0000bd30  76 09 61 2c 63 0d 0a 09  73 74 61 09 73 65 6b 73  |v.a,c...sta.seks|
0000bd40  65 63 09 09 3b 73 65 63  74 6f 72 20 74 6f 20 73  |ec..;sector to s|
0000bd50  65 65 6b 0d 0a 09 72 65  74 0d 0a 3b 0d 0a 73 65  |eek...ret..;..se|
0000bd60  74 64 6d 61 3a 0d 0a 09  3b 73 65 74 20 64 6d 61  |tdma:...;set dma|
0000bd70  20 61 64 64 72 65 73 73  20 67 69 76 65 6e 20 62  | address given b|
0000bd80  79 20 42 43 0d 0a 09 6d  6f 76 09 68 2c 62 0d 0a  |y BC...mov.h,b..|
0000bd90  09 6d 08 01 04 01 00 35  a9 00 02 00 65 6f 76 09  |.m.....5....eov.|
0000bda0  6c 2c 63 0d 0a 09 73 68  6c 64 09 64 6d 61 61 64  |l,c...shld.dmaad|
0000bdb0  72 0d 0a 09 72 65 74 0d  0a 3b 0d 0a 73 65 63 74  |r...ret..;..sect|
0000bdc0  72 61 6e 3a 0d 0a 09 3b  74 72 61 6e 73 6c 61 74  |ran:...;translat|
0000bdd0  65 20 73 65 63 74 6f 72  20 6e 75 6d 62 65 72 20  |e sector number |
0000bde0  42 43 0d 0a 09 6d 6f 76  09 68 2c 62 0d 0a 09 6d  |BC...mov.h,b...m|
0000bdf0  6f 76 09 6c 2c 63 0d 0a  09 72 65 74 0d 0a 3b 0d  |ov.l,c...ret..;.|
0000be00  0a 3b 01 1a 2a 2a 00 05  2a 0d 0a 3b 2a 01 19 20  |.;..**..*..;*.. |
0000be10  20 00 30 20 2a 0d 0a 3b  2a 09 54 68 65 20 52 45  | .0 *..;*.The RE|
0000be20  41 44 20 65 6e 74 72 79  20 70 6f 69 6e 74 20 74  |AD entry point t|
0000be30  61 6b 65 73 20 74 68 65  20 70 6c 61 63 65 20 6f  |akes the place o|
0000be40  66 20 20 08 01 05 01 00  a3 a7 00 02 00 2f 20 20  |f  ........../  |
0000be50  20 20 2a 0d 0a 3b 2a 09  74 68 65 20 70 72 65 76  |  *..;*.the prev|
0000be60  69 6f 75 73 20 42 49 4f  53 20 64 65 66 69 6e 74  |ious BIOS defint|
0000be70  69 6f 6e 20 66 6f 72 20  52 45 41 44 2e 01 04 20  |ion for READ... |
0000be80  20 00 05 2a 0d 0a 3b 2a  01 19 20 20 00 05 20 2a  | ..*..;*..  .. *|
0000be90  0d 0a 3b 01 1a 2a 2a 00  59 2a 0d 0a 72 65 61 64  |..;..**.Y*..read|
0000bea0  3a 0d 0a 09 3b 72 65 61  64 20 74 68 65 20 73 65  |:...;read the se|
0000beb0  6c 65 63 74 65 64 20 43  50 2f 4d 20 73 65 63 74  |lected CP/M sect|
0000bec0  6f 72 0d 0a 09 78 72 61  09 61 0d 0a 09 73 74 61  |or...xra.a...sta|
0000bed0  09 75 6e 61 63 6e 74 0d  0a 09 6d 76 69 09 61 2c  |.unacnt...mvi.a,|
0000bee0  31 0d 0a 09 73 74 61 09  72 65 61 64 6f 70 09 09  |1...sta.readop..|
0000bef0  3b 72 08 01 06 01 00 fe  a9 00 02 00 82 65 61 64  |;r...........ead|
0000bf00  20 6f 70 65 72 61 74 69  6f 6e 0d 0a 09 73 74 61  | operation...sta|
0000bf10  09 72 73 66 6c 61 67 09  09 3b 6d 75 73 74 20 72  |.rsflag..;must r|
0000bf20  65 61 64 20 64 61 74 61  0d 0a 09 6d 76 69 09 61  |ead data...mvi.a|
0000bf30  2c 77 72 75 61 6c 0d 0a  09 73 74 61 09 77 72 74  |,wrual...sta.wrt|
0000bf40  79 70 65 09 09 3b 74 72  65 61 74 20 61 73 20 75  |ype..;treat as u|
0000bf50  6e 61 6c 6c 6f 63 0d 0a  09 6a 6d 70 09 72 77 6f  |nalloc...jmp.rwo|
0000bf60  70 65 72 09 09 3b 74 6f  20 70 65 72 66 6f 72 6d  |per..;to perform|
0000bf70  20 74 68 65 20 72 65 61  64 0d 0a 3b 0d 0a 3b 01  | the read..;..;.|
0000bf80  1a 2a 2a 00 05 2a 0d 0a  3b 2a 01 19 20 20 00 13  |.**..*..;*..  ..|
0000bf90  20 2a 0d 0a 3b 2a 09 54  68 65 20 57 52 49 54 45  | *..;*.The WRITE|
0000bfa0  20 65 6e 08 01 07 01 00  76 a9 00 02 00 59 74 72  | en.....v....Ytr|
0000bfb0  79 20 70 6f 69 6e 74 20  74 61 6b 65 73 20 74 68  |y point takes th|
0000bfc0  65 20 70 6c 61 63 65 20  6f 66 20 20 20 20 20 2a  |e place of     *|
0000bfd0  0d 0a 3b 2a 09 74 68 65  20 70 72 65 76 69 6f 75  |..;*.the previou|
0000bfe0  73 20 42 49 4f 53 20 64  65 66 69 6e 74 69 6f 6e  |s BIOS defintion|
0000bff0  20 66 6f 72 20 57 52 49  54 45 2e 20 20 20 20 20  | for WRITE.     |
0000c000  20 20 2a 0d 0a 3b 2a 01  19 20 20 00 05 20 2a 0d  |  *..;*..  .. *.|
0000c010  0a 3b 01 1a 2a 2a 00 3c  2a 0d 0a 77 72 69 74 65  |.;..**.<*..write|
0000c020  3a 0d 0a 09 3b 77 72 69  74 65 20 74 68 65 20 73  |:...;write the s|
0000c030  65 6c 65 63 74 65 64 20  43 50 2f 4d 20 73 65 63  |elected CP/M sec|
0000c040  74 6f 72 0d 0a 09 78 72  61 09 61 09 09 3b 30 20  |tor...xra.a..;0 |
0000c050  74 6f 20 61 08 01 08 01  00 54 01 01 00 63 63 75  |to a.....T...ccu|
0000c060  6d 75 6c 61 74 6f 72 0d  0a 09 73 74 61 09 72 65  |mulator...sta.re|
0000c070  61 64 6f 70 09 09 3b 6e  6f 74 20 61 20 72 65 61  |adop..;not a rea|
0000c080  64 20 6f 70 65 72 61 74  69 6f 6e 0d 0a 09 6d 6f  |d operation...mo|
0000c090  76 09 61 2c 63 09 09 3b  77 72 69 74 65 20 74 79  |v.a,c..;write ty|
0000c0a0  70 65 20 69 6e 20 63 0d  0a 09 73 74 61 09 77 72  |pe in c...sta.wr|
0000c0b0  74 79 70 65 0d 0a 09 63  70 69 09 77 72 75 61 6c  |type...cpi.wrual|
0000c0c0  09 09 3b 77 72 69 74 65  20 75 6e 61 6c 6c 6f 63  |..;write unalloc|
0000c0d0  61 74 65 64 3f 0d 0a 09  6a 6e 7a 09 63 68 6b 75  |ated?...jnz.chku|
0000c0e0  6e 61 09 09 3b 63 68 65  63 6b 20 66 6f 72 20 75  |na..;check for u|
0000c0f0  6e 61 6c 6c 6f 63 0d 0a  3b 0d 0a 3b 09 77 72 69  |nalloc..;..;.wri|
0000c100  74 65 20 74 6f 20 75 6e  61 6c 6c 6f 63 61 74 65  |te to unallocate|
0000c110  64 2c 20 73 65 74 20 70  61 72 61 6d 65 74 65 72  |d, set parameter|
0000c120  73 0d 0a 09 6d 76 69 09  61 2c 62 6c 6b 73 69 7a  |s...mvi.a,blksiz|
0000c130  2f 31 32 38 09 3b 6e 65  78 74 20 75 6e 61 6c 6c  |/128.;next unall|
0000c140  6f 63 20 72 65 63 73 0d  0a 09 73 74 61 09 75 6e  |oc recs...sta.un|
0000c150  61 63 6e 74 0d 0a 09 6c  64 61 09 73 65 08 01 09  |acnt...lda.se...|
0000c160  01 00 81 01 01 00 6b 64  73 6b 09 09 3b 64 69 73  |......kdsk..;dis|
0000c170  6b 20 74 6f 20 73 65 65  6b 0d 0a 09 73 74 61 09  |k to seek...sta.|
0000c180  75 6e 61 64 73 6b 09 09  3b 75 6e 61 64 73 6b 20  |unadsk..;unadsk |
0000c190  3d 20 73 65 6b 64 73 6b  0d 0a 09 6c 68 6c 64 09  |= sekdsk...lhld.|
0000c1a0  73 65 6b 74 72 6b 0d 0a  09 73 68 6c 64 09 75 6e  |sektrk...shld.un|
0000c1b0  61 74 72 6b 09 09 3b 75  6e 61 74 72 6b 20 3d 20  |atrk..;unatrk = |
0000c1c0  73 65 63 74 72 6b 0d 0a  09 6c 64 61 09 73 65 6b  |sectrk...lda.sek|
0000c1d0  73 65 63 0d 0a 09 73 74  61 09 75 6e 61 73 65 63  |sec...sta.unasec|
0000c1e0  09 09 3b 75 6e 61 73 65  63 20 3d 20 73 65 6b 73  |..;unasec = seks|
0000c1f0  65 63 0d 0a 3b 0d 0a 63  68 6b 75 6e 61 3a 0d 0a  |ec..;..chkuna:..|
0000c200  09 3b 63 68 65 63 6b 20  66 6f 72 20 77 72 69 74  |.;check for writ|
0000c210  65 20 74 6f 20 75 6e 61  6c 6c 6f 63 61 74 65 64  |e to unallocated|
0000c220  20 73 65 63 74 6f 72 0d  0a 09 6c 64 61 09 75 6e  | sector...lda.un|
0000c230  61 63 6e 74 09 09 3b 61  6e 79 20 75 6e 61 6c 6c  |acnt..;any unall|
0000c240  6f 63 20 72 65 6d 61 69  6e 3f 0d 0a 09 6f 72 61  |oc remain?...ora|
0000c250  09 61 0d 0a 09 6a 7a 09  61 6c 6c 6f 63 09 09 3b  |.a...jz.alloc..;|
0000c260  73 6b 69 70 20 69 08 01  0a 01 00 12 01 01 00 66  |skip i.........f|
0000c270  20 6e 6f 74 0d 0a 3b 0d  0a 3b 09 6d 6f 72 65 20  | not..;..;.more |
0000c280  75 6e 61 6c 6c 6f 63 61  74 65 64 20 72 65 63 6f  |unallocated reco|
0000c290  72 64 73 20 72 65 6d 61  69 6e 0d 0a 09 64 63 72  |rds remain...dcr|
0000c2a0  09 61 09 09 3b 75 6e 61  63 6e 74 20 3d 20 75 6e  |.a..;unacnt = un|
0000c2b0  61 63 6e 74 2d 31 0d 0a  09 73 74 61 09 75 6e 61  |acnt-1...sta.una|
0000c2c0  63 6e 74 0d 0a 09 6c 64  61 09 73 65 6b 64 73 6b  |cnt...lda.sekdsk|
0000c2d0  09 09 3b 73 61 6d 65 20  64 69 73 6b 3f 0d 0a 09  |..;same disk?...|
0000c2e0  6c 78 69 09 68 2c 75 6e  61 64 73 6b 0d 0a 09 63  |lxi.h,unadsk...c|
0000c2f0  6d 70 09 6d 09 09 3b 73  65 6b 64 73 6b 20 3d 20  |mp.m..;sekdsk = |
0000c300  75 6e 61 64 73 6b 3f 0d  0a 09 6a 6e 7a 09 61 6c  |unadsk?...jnz.al|
0000c310  6c 6f 63 09 09 3b 73 6b  69 70 20 69 66 20 6e 6f  |loc..;skip if no|
0000c320  74 0d 0a 3b 0d 0a 3b 09  64 69 73 6b 73 20 61 72  |t..;..;.disks ar|
0000c330  65 20 74 68 65 20 73 61  6d 65 0d 0a 09 6c 78 69  |e the same...lxi|
0000c340  09 68 2c 75 6e 61 74 72  6b 0d 0a 09 63 61 6c 6c  |.h,unatrk...call|
0000c350  09 73 65 6b 74 72 6b 63  6d 70 09 3b 73 65 6b 74  |.sektrkcmp.;sekt|
0000c360  72 6b 20 3d 20 75 6e 61  74 72 6b 3f 0d 0a 09 08  |rk = unatrk?....|
0000c370  01 0b 01 00 50 01 01 00  6a 6e 7a 09 61 6c 6c 6f  |....P...jnz.allo|
0000c380  63 09 09 3b 73 6b 69 70  20 69 66 20 6e 6f 74 0d  |c..;skip if not.|
0000c390  0a 3b 0d 0a 3b 09 74 72  61 63 6b 73 20 61 72 65  |.;..;.tracks are|
0000c3a0  20 74 68 65 20 73 61 6d  65 0d 0a 09 6c 64 61 09  | the same...lda.|
0000c3b0  73 65 6b 73 65 63 09 09  3b 73 61 6d 65 20 73 65  |seksec..;same se|
0000c3c0  63 74 6f 72 3f 0d 0a 09  6c 78 69 09 68 2c 75 6e  |ctor?...lxi.h,un|
0000c3d0  61 73 65 63 0d 0a 09 63  6d 70 09 6d 09 09 3b 73  |asec...cmp.m..;s|
0000c3e0  65 6b 73 65 63 20 3d 20  75 6e 61 73 65 63 3f 0d  |eksec = unasec?.|
0000c3f0  0a 09 6a 6e 7a 09 61 6c  6c 6f 63 09 09 3b 73 6b  |..jnz.alloc..;sk|
0000c400  69 70 20 69 66 20 6e 6f  74 0d 0a 3b 0d 0a 3b 09  |ip if not..;..;.|
0000c410  6d 61 74 63 68 2c 20 6d  6f 76 65 20 74 6f 20 6e  |match, move to n|
0000c420  65 78 74 20 73 65 63 74  6f 72 20 66 6f 72 20 66  |ext sector for f|
0000c430  75 74 75 72 65 20 72 65  66 0d 0a 09 69 6e 72 09  |uture ref...inr.|
0000c440  6d 09 09 3b 75 6e 61 73  65 63 20 3d 20 75 6e 61  |m..;unasec = una|
0000c450  73 65 63 2b 31 0d 0a 09  6d 6f 76 09 61 2c 6d 09  |sec+1...mov.a,m.|
0000c460  09 3b 65 6e 64 20 6f 66  20 74 72 61 63 6b 3f 0d  |.;end of track?.|
0000c470  0a 09 63 70 69 09 63 70  08 01 0c 01 00 0d 01 01  |..cpi.cp........|
0000c480  00 6d 73 70 74 09 09 3b  63 6f 75 6e 74 20 43 50  |.mspt..;count CP|
0000c490  2f 4d 20 73 65 63 74 6f  72 73 0d 0a 09 6a 63 09  |/M sectors...jc.|
0000c4a0  6e 6f 6f 76 66 09 09 3b  73 6b 69 70 20 69 66 20  |noovf..;skip if |
0000c4b0  6e 6f 20 6f 76 65 72 66  6c 6f 77 0d 0a 3b 0d 0a  |no overflow..;..|
0000c4c0  3b 09 6f 76 65 72 66 6c  6f 77 20 74 6f 20 6e 65  |;.overflow to ne|
0000c4d0  78 74 20 74 72 61 63 6b  0d 0a 09 6d 76 69 09 6d  |xt track...mvi.m|
0000c4e0  2c 30 09 09 3b 75 6e 61  73 65 63 20 3d 20 30 0d  |,0..;unasec = 0.|
0000c4f0  0a 09 6c 68 6c 64 09 75  6e 61 74 72 6b 0d 0a 09  |..lhld.unatrk...|
0000c500  69 6e 78 09 68 0d 0a 09  73 68 6c 64 09 75 6e 61  |inx.h...shld.una|
0000c510  74 72 6b 09 09 3b 75 6e  61 74 72 6b 20 3d 20 75  |trk..;unatrk = u|
0000c520  6e 61 74 72 6b 2b 31 0d  0a 3b 0d 0a 6e 6f 6f 76  |natrk+1..;..noov|
0000c530  66 3a 0d 0a 09 3b 6d 61  74 63 68 20 66 6f 75 6e  |f:...;match foun|
0000c540  64 2c 20 6d 61 72 6b 20  61 73 20 75 6e 6e 65 63  |d, mark as unnec|
0000c550  65 73 73 61 72 79 20 72  65 61 64 0d 0a 09 78 72  |essary read...xr|
0000c560  61 09 61 09 09 3b 30 20  74 6f 20 61 63 63 75 6d  |a.a..;0 to accum|
0000c570  75 6c 61 74 6f 72 0d 0a  09 73 74 61 09 72 73 66  |ulator...sta.rsf|
0000c580  6c 08 01 0d 01 00 2a d9  00 02 00 d2 61 67 09 09  |l.....*.....ag..|
0000c590  3b 72 73 66 6c 61 67 20  3d 20 30 0d 0a 09 6a 6d  |;rsflag = 0...jm|
0000c5a0  70 09 72 77 6f 70 65 72  09 09 3b 74 6f 20 70 65  |p.rwoper..;to pe|
0000c5b0  72 66 6f 72 6d 20 74 68  65 20 77 72 69 74 65 0d  |rform the write.|
0000c5c0  0a 3b 0d 0a 61 6c 6c 6f  63 3a 0d 0a 09 3b 6e 6f  |.;..alloc:...;no|
0000c5d0  74 20 61 6e 20 75 6e 61  6c 6c 6f 63 61 74 65 64  |t an unallocated|
0000c5e0  20 72 65 63 6f 72 64 2c  20 72 65 71 75 69 72 65  | record, require|
0000c5f0  73 20 70 72 65 2d 72 65  61 64 0d 0a 09 78 72 61  |s pre-read...xra|
0000c600  09 61 09 09 3b 30 20 74  6f 20 61 63 63 75 6d 0d  |.a..;0 to accum.|
0000c610  0a 09 73 74 61 09 75 6e  61 63 6e 74 09 09 3b 75  |..sta.unacnt..;u|
0000c620  6e 61 63 6e 74 20 3d 20  30 0d 0a 09 69 6e 72 09  |nacnt = 0...inr.|
0000c630  61 09 09 3b 31 20 74 6f  20 61 63 63 75 6d 0d 0a  |a..;1 to accum..|
0000c640  09 73 74 61 09 72 73 66  6c 61 67 09 09 3b 72 73  |.sta.rsflag..;rs|
0000c650  66 6c 61 67 20 3d 20 31  0d 0a 3b 0d 0a 3b 01 17  |flag = 1..;..;..|
0000c660  2a 2a 08 01 0e 01 00 3c  7d 00 02 00 0b 2a 2a 2a  |**.....<}....***|
0000c670  2a 2a 2a 2a 0d 0a 3b 2a  01 19 20 20 00 39 20 2a  |****..;*..  .9 *|
0000c680  0d 0a 3b 2a 09 43 6f 6d  6d 6f 6e 20 63 6f 64 65  |..;*.Common code|
0000c690  20 66 6f 72 20 52 45 41  44 20 61 6e 64 20 57 52  | for READ and WR|
0000c6a0  49 54 45 20 66 6f 6c 6c  6f 77 73 20 20 20 20 20  |ITE follows     |
0000c6b0  20 20 2a 0d 0a 3b 2a 01  19 20 20 00 05 20 2a 0d  |  *..;*..  .. *.|
0000c6c0  0a 3b 01 1a 2a 2a 00 1f  2a 0d 0a 72 77 6f 70 65  |.;..**..*..rwope|
0000c6d0  72 3a 0d 0a 09 3b 65 6e  74 65 72 20 68 65 72 65  |r:...;enter here|
0000c6e0  20 74 6f 20 70 65 72 08  01 0f 01 00 ba 01 01 00  | to per.........|
0000c6f0  66 6f 72 6d 20 74 68 65  20 72 65 61 64 2f 77 72  |form the read/wr|
0000c700  69 74 65 0d 0a 09 78 72  61 09 61 09 09 3b 7a 65  |ite...xra.a..;ze|
0000c710  72 6f 20 74 6f 20 61 63  63 75 6d 0d 0a 09 73 74  |ro to accum...st|
0000c720  61 09 65 72 66 6c 61 67  09 09 3b 6e 6f 20 65 72  |a.erflag..;no er|
0000c730  72 6f 72 73 20 28 79 65  74 29 0d 0a 09 6c 64 61  |rors (yet)...lda|
0000c740  09 73 65 6b 73 65 63 09  09 3b 63 6f 6d 70 75 74  |.seksec..;comput|
0000c750  65 20 68 6f 73 74 20 73  65 63 74 6f 72 0d 0a 09  |e host sector...|
0000c760  72 65 70 74 09 73 65 63  73 68 66 0d 0a 09 6f 72  |rept.secshf...or|
0000c770  61 09 61 09 09 3b 63 61  72 72 79 20 3d 20 30 0d  |a.a..;carry = 0.|
0000c780  0a 09 72 61 72 09 09 09  3b 73 68 69 66 74 20 72  |..rar...;shift r|
0000c790  69 67 68 74 0d 0a 09 65  6e 64 6d 0d 0a 09 73 74  |ight...endm...st|
0000c7a0  61 09 73 65 6b 68 73 74  09 09 3b 68 6f 73 74 20  |a.sekhst..;host |
0000c7b0  73 65 63 74 6f 72 20 74  6f 20 73 65 65 6b 0d 0a  |sector to seek..|
0000c7c0  3b 0d 0a 3b 09 61 63 74  69 76 65 20 68 6f 73 74  |;..;.active host|
0000c7d0  20 73 65 63 74 6f 72 3f  0d 0a 09 6c 78 69 09 68  | sector?...lxi.h|
0000c7e0  2c 68 73 74 61 63 74 09  3b 68 6f 73 74 20 61 63  |,hstact.;host ac|
0000c7f0  08 01 10 01 00 e3 01 01  00 74 69 76 65 20 66 6c  |.........tive fl|
0000c800  61 67 0d 0a 09 6d 6f 76  09 61 2c 6d 0d 0a 09 6d  |ag...mov.a,m...m|
0000c810  76 69 09 6d 2c 31 09 09  3b 61 6c 77 61 79 73 20  |vi.m,1..;always |
0000c820  62 65 63 6f 6d 65 73 20  31 0d 0a 09 6f 72 61 09  |becomes 1...ora.|
0000c830  61 09 09 3b 77 61 73 20  69 74 20 61 6c 72 65 61  |a..;was it alrea|
0000c840  64 79 3f 0d 0a 09 6a 7a  09 66 69 6c 68 73 74 09  |dy?...jz.filhst.|
0000c850  09 3b 66 69 6c 6c 20 68  6f 73 74 20 69 66 20 6e  |.;fill host if n|
0000c860  6f 74 0d 0a 3b 0d 0a 3b  09 68 6f 73 74 20 62 75  |ot..;..;.host bu|
0000c870  66 66 65 72 20 61 63 74  69 76 65 2c 20 73 61 6d  |ffer active, sam|
0000c880  65 20 61 73 20 73 65 65  6b 20 62 75 66 66 65 72  |e as seek buffer|
0000c890  3f 0d 0a 09 6c 64 61 09  73 65 6b 64 73 6b 0d 0a  |?...lda.sekdsk..|
0000c8a0  09 6c 78 69 09 68 2c 68  73 74 64 73 6b 09 3b 73  |.lxi.h,hstdsk.;s|
0000c8b0  61 6d 65 20 64 69 73 6b  3f 0d 0a 09 63 6d 70 09  |ame disk?...cmp.|
0000c8c0  6d 09 09 3b 73 65 6b 64  73 6b 20 3d 20 68 73 74  |m..;sekdsk = hst|
0000c8d0  64 73 6b 3f 0d 0a 09 6a  6e 7a 09 6e 6f 6d 61 74  |dsk?...jnz.nomat|
0000c8e0  63 68 0d 0a 3b 0d 0a 3b  09 73 61 6d 65 20 64 69  |ch..;..;.same di|
0000c8f0  73 6b 2c 20 73 61 6d 65  20 10 09 00 81 09 00 01  |sk, same .......|
0000c900  01 00 e2 01 01 00 74 72  61 63 6b 3f 0d 0a 09 6c  |......track?...l|
0000c910  78 69 09 68 2c 68 73 74  74 72 6b 0d 0a 09 63 61  |xi.h,hsttrk...ca|
0000c920  6c 6c 09 73 65 6b 74 72  6b 63 6d 70 09 3b 73 65  |ll.sektrkcmp.;se|
0000c930  6b 74 72 6b 20 3d 20 68  73 74 74 72 6b 3f 0d 0a  |ktrk = hsttrk?..|
0000c940  09 6a 6e 7a 09 6e 6f 6d  61 74 63 68 0d 0a 3b 0d  |.jnz.nomatch..;.|
0000c950  0a 3b 09 73 61 6d 65 20  64 69 73 6b 2c 20 73 61  |.;.same disk, sa|
0000c960  6d 65 20 74 72 61 63 6b  2c 20 73 61 6d 65 20 62  |me track, same b|
0000c970  75 66 66 65 72 3f 0d 0a  09 6c 64 61 09 73 65 6b  |uffer?...lda.sek|
0000c980  68 73 74 0d 0a 09 6c 78  69 09 68 2c 68 73 74 73  |hst...lxi.h,hsts|
0000c990  65 63 09 3b 73 65 6b 68  73 74 20 3d 20 68 73 74  |ec.;sekhst = hst|
0000c9a0  73 65 63 3f 0d 0a 09 63  6d 70 09 6d 0d 0a 09 6a  |sec?...cmp.m...j|
0000c9b0  7a 09 6d 61 74 63 68 09  09 3b 73 6b 69 70 20 69  |z.match..;skip i|
0000c9c0  66 20 6d 61 74 63 68 0d  0a 3b 0d 0a 6e 6f 6d 61  |f match..;..noma|
0000c9d0  74 63 68 3a 0d 0a 09 3b  70 72 6f 70 65 72 20 64  |tch:...;proper d|
0000c9e0  69 73 6b 2c 20 62 75 74  20 6e 6f 74 20 63 6f 72  |isk, but not cor|
0000c9f0  72 65 63 74 20 73 65 63  74 6f 72 0d 0a 09 6c 64  |rect sector...ld|
0000ca00  61 09 68 73 74 77 09 00  02 01 00 66 01 01 00 72  |a.hstw.....f...r|
0000ca10  74 09 09 3b 68 6f 73 74  20 77 72 69 74 74 65 6e  |t..;host written|
0000ca20  3f 0d 0a 09 6f 72 61 09  61 0d 0a 09 63 6e 7a 09  |?...ora.a...cnz.|
0000ca30  77 72 69 74 65 68 73 74  09 3b 63 6c 65 61 72 20  |writehst.;clear |
0000ca40  68 6f 73 74 20 62 75 66  66 0d 0a 3b 0d 0a 66 69  |host buff..;..fi|
0000ca50  6c 68 73 74 3a 0d 0a 09  3b 6d 61 79 20 68 61 76  |lhst:...;may hav|
0000ca60  65 20 74 6f 20 66 69 6c  6c 20 74 68 65 20 68 6f  |e to fill the ho|
0000ca70  73 74 20 62 75 66 66 65  72 0d 0a 09 6c 64 61 09  |st buffer...lda.|
0000ca80  73 65 6b 64 73 6b 0d 0a  09 73 74 61 09 68 73 74  |sekdsk...sta.hst|
0000ca90  64 73 6b 0d 0a 09 6c 68  6c 64 09 73 65 6b 74 72  |dsk...lhld.sektr|
0000caa0  6b 0d 0a 09 73 68 6c 64  09 68 73 74 74 72 6b 0d  |k...shld.hsttrk.|
0000cab0  0a 09 6c 64 61 09 73 65  6b 68 73 74 0d 0a 09 73  |..lda.sekhst...s|
0000cac0  74 61 09 68 73 74 73 65  63 0d 0a 09 6c 64 61 09  |ta.hstsec...lda.|
0000cad0  72 73 66 6c 61 67 09 09  3b 6e 65 65 64 20 74 6f  |rsflag..;need to|
0000cae0  20 72 65 61 64 3f 0d 0a  09 6f 72 61 09 61 0d 0a  | read?...ora.a..|
0000caf0  09 63 6e 7a 09 72 65 61  64 68 73 74 09 09 3b 79  |.cnz.readhst..;y|
0000cb00  65 73 2c 20 69 66 20 31  0d 0a 09 78 72 61 09 09  |es, if 1...xra..|
0000cb10  00 03 01 00 a5 01 01 00  61 09 09 3b 30 20 74 6f  |........a..;0 to|
0000cb20  20 61 63 63 75 6d 0d 0a  09 73 74 61 09 68 73 74  | accum...sta.hst|
0000cb30  77 72 74 09 09 3b 6e 6f  20 70 65 6e 64 69 6e 67  |wrt..;no pending|
0000cb40  20 77 72 69 74 65 0d 0a  3b 0d 0a 6d 61 74 63 68  | write..;..match|
0000cb50  3a 0d 0a 09 3b 63 6f 70  79 20 64 61 74 61 20 74  |:...;copy data t|
0000cb60  6f 20 6f 72 20 66 72 6f  6d 20 62 75 66 66 65 72  |o or from buffer|
0000cb70  0d 0a 09 6c 64 61 09 73  65 6b 73 65 63 09 09 3b  |...lda.seksec..;|
0000cb80  6d 61 73 6b 20 62 75 66  66 65 72 20 6e 75 6d 62  |mask buffer numb|
0000cb90  65 72 0d 0a 09 61 6e 69  09 73 65 63 6d 73 6b 09  |er...ani.secmsk.|
0000cba0  09 3b 6c 65 61 73 74 20  73 69 67 6e 69 66 20 62  |.;least signif b|
0000cbb0  69 74 73 0d 0a 09 6d 6f  76 09 6c 2c 61 09 09 3b  |its...mov.l,a..;|
0000cbc0  72 65 61 64 79 20 74 6f  20 73 68 69 66 74 0d 0a  |ready to shift..|
0000cbd0  09 6d 76 69 09 68 2c 30  09 09 3b 64 6f 75 62 6c  |.mvi.h,0..;doubl|
0000cbe0  65 20 63 6f 75 6e 74 0d  0a 09 72 65 70 74 09 37  |e count...rept.7|
0000cbf0  09 09 3b 73 68 69 66 74  20 6c 65 66 74 20 37 0d  |..;shift left 7.|
0000cc00  0a 09 64 61 64 09 68 0d  0a 09 65 6e 64 6d 0d 0a  |..dad.h...endm..|
0000cc10  3b 09 68 6c 20 68 61 73  09 00 04 01 00 b2 01 01  |;.hl has........|
0000cc20  00 20 72 65 6c 61 74 69  76 65 20 68 6f 73 74 20  |. relative host |
0000cc30  62 75 66 66 65 72 20 61  64 64 72 65 73 73 0d 0a  |buffer address..|
0000cc40  09 6c 78 69 09 64 2c 68  73 74 62 75 66 0d 0a 09  |.lxi.d,hstbuf...|
0000cc50  64 61 64 09 64 09 09 3b  68 6c 20 3d 20 68 6f 73  |dad.d..;hl = hos|
0000cc60  74 20 61 64 64 72 65 73  73 0d 0a 09 78 63 68 67  |t address...xchg|
0000cc70  09 09 09 3b 6e 6f 77 20  69 6e 20 44 45 0d 0a 09  |...;now in DE...|
0000cc80  6c 68 6c 64 09 64 6d 61  61 64 72 09 09 3b 67 65  |lhld.dmaadr..;ge|
0000cc90  74 2f 70 75 74 20 43 50  2f 4d 20 64 61 74 61 0d  |t/put CP/M data.|
0000cca0  0a 09 6d 76 69 09 63 2c  31 32 38 09 09 3b 6c 65  |..mvi.c,128..;le|
0000ccb0  6e 67 74 68 20 6f 66 20  6d 6f 76 65 0d 0a 09 6c  |ngth of move...l|
0000ccc0  64 61 09 72 65 61 64 6f  70 09 09 3b 77 68 69 63  |da.readop..;whic|
0000ccd0  68 20 77 61 79 3f 0d 0a  09 6f 72 61 09 61 0d 0a  |h way?...ora.a..|
0000cce0  09 6a 6e 7a 09 72 77 6d  6f 76 65 09 09 3b 73 6b  |.jnz.rwmove..;sk|
0000ccf0  69 70 20 69 66 20 72 65  61 64 0d 0a 3b 0d 0a 3b  |ip if read..;..;|
0000cd00  09 77 72 69 74 65 20 6f  70 65 72 61 74 69 6f 6e  |.write operation|
0000cd10  2c 20 6d 61 72 6b 20 61  6e 64 20 73 77 69 74 63  |, mark and switc|
0000cd20  68 09 00 05 01 00 f2 01  01 00 20 64 69 72 65 63  |h......... direc|
0000cd30  74 69 6f 6e 0d 0a 09 6d  76 69 09 61 2c 31 0d 0a  |tion...mvi.a,1..|
0000cd40  09 73 74 61 09 68 73 74  77 72 74 09 09 3b 68 73  |.sta.hstwrt..;hs|
0000cd50  74 77 72 74 20 3d 20 31  0d 0a 09 78 63 68 67 09  |twrt = 1...xchg.|
0000cd60  09 09 3b 73 6f 75 72 63  65 2f 64 65 73 74 20 73  |..;source/dest s|
0000cd70  77 61 70 0d 0a 3b 0d 0a  72 77 6d 6f 76 65 3a 0d  |wap..;..rwmove:.|
0000cd80  0a 09 3b 43 20 69 6e 69  74 69 61 6c 6c 79 20 31  |..;C initially 1|
0000cd90  32 38 2c 20 44 45 20 69  73 20 73 6f 75 72 63 65  |28, DE is source|
0000cda0  2c 20 48 4c 20 69 73 20  64 65 73 74 0d 0a 09 6c  |, HL is dest...l|
0000cdb0  64 61 78 09 64 09 09 3b  73 6f 75 72 63 65 20 63  |dax.d..;source c|
0000cdc0  68 61 72 61 63 74 65 72  0d 0a 09 69 6e 78 09 64  |haracter...inx.d|
0000cdd0  0d 0a 09 6d 6f 76 09 6d  2c 61 09 09 3b 74 6f 20  |...mov.m,a..;to |
0000cde0  64 65 73 74 0d 0a 09 69  6e 78 09 68 0d 0a 09 64  |dest...inx.h...d|
0000cdf0  63 72 09 63 09 09 3b 6c  6f 6f 70 20 31 32 38 20  |cr.c..;loop 128 |
0000ce00  74 69 6d 65 73 0d 0a 09  6a 6e 7a 09 72 77 6d 6f  |times...jnz.rwmo|
0000ce10  76 65 0d 0a 3b 0d 0a 3b  09 64 61 74 61 20 68 61  |ve..;..;.data ha|
0000ce20  73 20 62 65 65 6e 20 6d  6f 76 09 00 06 01 00 b5  |s been mov......|
0000ce30  01 01 00 65 64 20 74 6f  2f 66 72 6f 6d 20 68 6f  |...ed to/from ho|
0000ce40  73 74 20 62 75 66 66 65  72 0d 0a 09 6c 64 61 09  |st buffer...lda.|
0000ce50  77 72 74 79 70 65 09 09  3b 77 72 69 74 65 20 74  |wrtype..;write t|
0000ce60  79 70 65 0d 0a 09 63 70  69 09 77 72 64 69 72 09  |ype...cpi.wrdir.|
0000ce70  09 3b 74 6f 20 64 69 72  65 63 74 6f 72 79 3f 0d  |.;to directory?.|
0000ce80  0a 09 6c 64 61 09 65 72  66 6c 61 67 09 09 3b 69  |..lda.erflag..;i|
0000ce90  6e 20 63 61 73 65 20 6f  66 20 65 72 72 6f 72 73  |n case of errors|
0000cea0  0d 0a 09 72 6e 7a 09 09  09 3b 6e 6f 20 66 75 72  |...rnz...;no fur|
0000ceb0  74 68 65 72 20 70 72 6f  63 65 73 73 69 6e 67 0d  |ther processing.|
0000cec0  0a 3b 0d 0a 3b 09 63 6c  65 61 72 20 68 6f 73 74  |.;..;.clear host|
0000ced0  20 62 75 66 66 65 72 20  66 6f 72 20 64 69 72 65  | buffer for dire|
0000cee0  63 74 6f 72 79 20 77 72  69 74 65 0d 0a 09 6f 72  |ctory write...or|
0000cef0  61 09 61 09 09 3b 65 72  72 6f 72 73 3f 0d 0a 09  |a.a..;errors?...|
0000cf00  72 6e 7a 09 09 09 3b 73  6b 69 70 20 69 66 20 73  |rnz...;skip if s|
0000cf10  6f 0d 0a 09 78 72 61 09  61 09 09 3b 30 20 74 6f  |o...xra.a..;0 to|
0000cf20  20 61 63 63 75 6d 0d 0a  09 73 74 61 09 68 73 74  | accum...sta.hst|
0000cf30  77 72 74 09 00 07 01 00  43 89 00 02 00 3a 09 09  |wrt.....C....:..|
0000cf40  3b 62 75 66 66 65 72 20  77 72 69 74 74 65 6e 0d  |;buffer written.|
0000cf50  0a 09 63 61 6c 6c 09 77  72 69 74 65 68 73 74 0d  |..call.writehst.|
0000cf60  0a 09 6c 64 61 09 65 72  66 6c 61 67 0d 0a 09 72  |..lda.erflag...r|
0000cf70  65 74 0d 0a 3b 0d 0a 3b  01 1a 2a 2a 00 05 2a 0d  |et..;..;..**..*.|
0000cf80  0a 3b 2a 01 19 20 20 00  2c 20 2a 0d 0a 3b 2a 09  |.;*..  ., *..;*.|
0000cf90  55 74 69 6c 69 74 79 20  73 75 62 72 6f 75 74 69  |Utility subrouti|
0000cfa0  6e 65 20 66 6f 72 20 31  36 2d 62 69 74 20 63 6f  |ne for 16-bit co|
0000cfb0  6d 70 61 72 65 01 04 20  20 00 05 2a 0d 0a 3b 2a  |mpare..  ..*..;*|
0000cfc0  01 11 20 20 09 00 08 01  00 e0 c9 00 02 01 08 20  |..  ........... |
0000cfd0  20 00 05 20 2a 0d 0a 3b  01 1a 2a 2a 00 b7 2a 0d  | .. *..;..**..*.|
0000cfe0  0a 73 65 6b 74 72 6b 63  6d 70 3a 0d 0a 09 3b 48  |.sektrkcmp:...;H|
0000cff0  4c 20 3d 20 2e 75 6e 61  74 72 6b 20 6f 72 20 2e  |L = .unatrk or .|
0000d000  68 73 74 74 72 6b 2c 20  63 6f 6d 70 61 72 65 20  |hsttrk, compare |
0000d010  77 69 74 68 20 73 65 6b  74 72 6b 0d 0a 09 78 63  |with sektrk...xc|
0000d020  68 67 0d 0a 09 6c 78 69  09 68 2c 73 65 6b 74 72  |hg...lxi.h,sektr|
0000d030  6b 0d 0a 09 6c 64 61 78  09 64 09 09 3b 6c 6f 77  |k...ldax.d..;low|
0000d040  20 62 79 74 65 20 63 6f  6d 70 61 72 65 0d 0a 09  | byte compare...|
0000d050  63 6d 70 09 6d 09 09 3b  73 61 6d 65 3f 0d 0a 09  |cmp.m..;same?...|
0000d060  72 6e 7a 09 09 09 3b 72  65 74 75 72 6e 20 69 66  |rnz...;return if|
0000d070  20 6e 6f 74 0d 0a 3b 09  6c 6f 77 20 62 79 74 65  | not..;.low byte|
0000d080  73 20 65 71 75 61 6c 2c  20 74 65 73 74 20 68 69  |s equal, test hi|
0000d090  67 68 20 31 73 09 00 09  01 00 7d a9 00 02 00 39  |gh 1s.....}....9|
0000d0a0  0d 0a 09 69 6e 78 09 64  0d 0a 09 69 6e 78 09 68  |...inx.d...inx.h|
0000d0b0  0d 0a 09 6c 64 61 78 09  64 0d 0a 09 63 6d 70 09  |...ldax.d...cmp.|
0000d0c0  6d 09 3b 73 65 74 73 20  66 6c 61 67 73 0d 0a 09  |m.;sets flags...|
0000d0d0  72 65 74 0d 0a 3b 0d 0a  3b 01 1a 2a 2a 00 05 2a  |ret..;..;..**..*|
0000d0e0  0d 0a 3b 2a 01 19 20 20  00 5c 20 2a 0d 0a 3b 2a  |..;*..  .\ *..;*|
0000d0f0  09 57 52 49 54 45 48 53  54 20 70 65 72 66 6f 72  |.WRITEHST perfor|
0000d100  6d 73 20 74 68 65 20 70  68 79 73 69 63 61 6c 20  |ms the physical |
0000d110  77 72 69 74 65 20 74 6f  20 20 20 20 20 20 2a 0d  |write to      *.|
0000d120  0a 3b 2a 09 74 68 65 20  68 6f 73 74 20 64 69 73  |.;*.the host dis|
0000d130  6b 2c 20 52 45 41 44 48  53 54 20 72 65 61 64 73  |k, READHST reads|
0000d140  20 74 68 65 20 70 09 00  0a 01 00 7d a9 00 02 00  | the p.....}....|
0000d150  25 68 79 73 69 63 61 6c  20 20 20 20 2a 0d 0a 3b  |%hysical    *..;|
0000d160  2a 09 64 69 73 6b 2e 09  09 09 09 09 20 20 20 20  |*.disk......    |
0000d170  20 2a 0d 0a 3b 2a 01 19  20 20 00 05 20 2a 0d 0a  | *..;*..  .. *..|
0000d180  3b 01 1a 2a 2a 00 70 2a  0d 0a 77 72 69 74 65 68  |;..**.p*..writeh|
0000d190  73 74 3a 0d 0a 09 3b 68  73 74 64 73 6b 20 3d 20  |st:...;hstdsk = |
0000d1a0  68 6f 73 74 20 64 69 73  6b 20 23 2c 20 68 73 74  |host disk #, hst|
0000d1b0  74 72 6b 20 3d 20 68 6f  73 74 20 74 72 61 63 6b  |trk = host track|
0000d1c0  20 23 2c 0d 0a 09 3b 68  73 74 73 65 63 20 3d 20  | #,...;hstsec = |
0000d1d0  68 6f 73 74 20 73 65 63  74 20 23 2e 20 77 72 69  |host sect #. wri|
0000d1e0  74 65 20 22 68 73 74 73  69 7a 22 20 62 79 74 65  |te "hstsiz" byte|
0000d1f0  73 0d 0a 09 3b 66 72 09  00 0b 01 00 59 01 01 00  |s...;fr.....Y...|
0000d200  6f 6d 20 68 73 74 62 75  66 20 61 6e 64 20 72 65  |om hstbuf and re|
0000d210  74 75 72 6e 20 65 72 72  6f 72 20 66 6c 61 67 20  |turn error flag |
0000d220  69 6e 20 65 72 66 6c 61  67 2e 0d 0a 09 3b 72 65  |in erflag....;re|
0000d230  74 75 72 6e 20 65 72 66  6c 61 67 20 6e 6f 6e 2d  |turn erflag non-|
0000d240  7a 65 72 6f 20 69 66 20  65 72 72 6f 72 0d 0a 09  |zero if error...|
0000d250  72 65 74 0d 0a 3b 0d 0a  72 65 61 64 68 73 74 3a  |ret..;..readhst:|
0000d260  0d 0a 09 3b 68 73 74 64  73 6b 20 3d 20 68 6f 73  |...;hstdsk = hos|
0000d270  74 20 64 69 73 6b 20 23  2c 20 68 73 74 74 72 6b  |t disk #, hsttrk|
0000d280  20 3d 20 68 6f 73 74 20  74 72 61 63 6b 20 23 2c  | = host track #,|
0000d290  0d 0a 09 3b 68 73 74 73  65 63 20 3d 20 68 6f 73  |...;hstsec = hos|
0000d2a0  74 20 73 65 63 74 20 23  2e 20 72 65 61 64 20 22  |t sect #. read "|
0000d2b0  68 73 74 73 69 7a 22 20  62 79 74 65 73 0d 0a 09  |hstsiz" bytes...|
0000d2c0  3b 69 6e 74 6f 20 68 73  74 62 75 66 20 61 6e 64  |;into hstbuf and|
0000d2d0  20 72 65 74 75 72 6e 20  65 72 72 6f 72 20 66 6c  | return error fl|
0000d2e0  61 67 20 69 6e 20 65 72  66 6c 61 67 2e 0d 0a 09  |ag in erflag....|
0000d2f0  72 65 74 0d 0a 3b 0d 0a  3b 2a 2a 2a 2a 2a 2a 2a  |ret..;..;*******|
0000d300  09 00 0c 01 00 6c 53 00  02 01 17 2a 2a 00 04 0d  |.....lS....**...|
0000d310  0a 3b 2a 01 19 20 20 00  2d 20 2a 0d 0a 3b 2a 09  |.;*..  .- *..;*.|
0000d320  55 6e 69 74 69 61 6c 69  7a 65 64 20 52 41 4d 20  |Unitialized RAM |
0000d330  64 61 74 61 20 61 72 65  61 73 09 09 20 20 20 20  |data areas..    |
0000d340  20 2a 0d 0a 3b 2a 01 19  20 20 00 05 20 2a 0d 0a  | *..;*..  .. *..|
0000d350  3b 01 1a 2a 2a 00 04 2a  0d 0a 3b 09 00 0d 01 00  |;..**..*..;.....|
0000d360  91 01 01 00 0d 0a 73 65  6b 64 73 6b 3a 09 64 73  |......sekdsk:.ds|
0000d370  09 31 09 09 3b 73 65 65  6b 20 64 69 73 6b 20 6e  |.1..;seek disk n|
0000d380  75 6d 62 65 72 0d 0a 73  65 6b 74 72 6b 3a 09 64  |umber..sektrk:.d|
0000d390  73 09 32 09 09 3b 73 65  65 6b 20 74 72 61 63 6b  |s.2..;seek track|
0000d3a0  20 6e 75 6d 62 65 72 0d  0a 73 65 6b 73 65 63 3a  | number..seksec:|
0000d3b0  09 64 73 09 31 09 09 3b  73 65 65 6b 20 73 65 63  |.ds.1..;seek sec|
0000d3c0  74 6f 72 20 6e 75 6d 62  65 72 0d 0a 3b 0d 0a 68  |tor number..;..h|
0000d3d0  73 74 64 73 6b 3a 09 64  73 09 31 09 09 3b 68 6f  |stdsk:.ds.1..;ho|
0000d3e0  73 74 20 64 69 73 6b 20  6e 75 6d 62 65 72 0d 0a  |st disk number..|
0000d3f0  68 73 74 74 72 6b 3a 09  64 73 09 32 09 09 3b 68  |hsttrk:.ds.2..;h|
0000d400  6f 73 74 20 74 72 61 63  6b 20 6e 75 6d 62 65 72  |ost track number|
0000d410  0d 0a 68 73 74 73 65 63  3a 09 64 73 09 31 09 09  |..hstsec:.ds.1..|
0000d420  3b 68 6f 73 74 20 73 65  63 74 6f 72 20 6e 75 6d  |;host sector num|
0000d430  62 65 72 0d 0a 3b 0d 0a  73 65 6b 68 73 74 3a 09  |ber..;..sekhst:.|
0000d440  64 73 09 31 09 09 3b 73  65 65 6b 20 73 68 72 20  |ds.1..;seek shr |
0000d450  73 65 63 73 68 66 0d 0a  68 73 74 61 63 74 3a 09  |secshf..hstact:.|
0000d460  64 73 09 31 09 00 0e 01  00 59 01 01 00 09 09 3b  |ds.1.....Y.....;|
0000d470  68 6f 73 74 20 61 63 74  69 76 65 20 66 6c 61 67  |host active flag|
0000d480  0d 0a 68 73 74 77 72 74  3a 09 64 73 09 31 09 09  |..hstwrt:.ds.1..|
0000d490  3b 68 6f 73 74 20 77 72  69 74 74 65 6e 20 66 6c  |;host written fl|
0000d4a0  61 67 0d 0a 3b 0d 0a 75  6e 61 63 6e 74 3a 09 64  |ag..;..unacnt:.d|
0000d4b0  73 09 31 09 09 3b 75 6e  61 6c 6c 6f 63 20 72 65  |s.1..;unalloc re|
0000d4c0  63 20 63 6e 74 0d 0a 75  6e 61 64 73 6b 3a 09 64  |c cnt..unadsk:.d|
0000d4d0  73 09 31 09 09 3b 6c 61  73 74 20 75 6e 61 6c 6c  |s.1..;last unall|
0000d4e0  6f 63 20 64 69 73 6b 0d  0a 75 6e 61 74 72 6b 3a  |oc disk..unatrk:|
0000d4f0  09 64 73 09 32 09 09 3b  6c 61 73 74 20 75 6e 61  |.ds.2..;last una|
0000d500  6c 6c 6f 63 20 74 72 61  63 6b 0d 0a 75 6e 61 73  |lloc track..unas|
0000d510  65 63 3a 09 64 73 09 31  09 09 3b 6c 61 73 74 20  |ec:.ds.1..;last |
0000d520  75 6e 61 6c 6c 6f 63 20  73 65 63 74 6f 72 0d 0a  |unalloc sector..|
0000d530  3b 0d 0a 65 72 66 6c 61  67 3a 09 64 73 09 31 09  |;..erflag:.ds.1.|
0000d540  09 3b 65 72 72 6f 72 20  72 65 70 6f 72 74 69 6e  |.;error reportin|
0000d550  67 0d 0a 72 73 66 6c 61  67 3a 09 64 73 09 31 09  |g..rsflag:.ds.1.|
0000d560  09 3b 72 65 61 64 20 73  65 63 74 6f 72 09 00 0f  |.;read sector...|
0000d570  01 00 99 ab 00 02 00 96  20 66 6c 61 67 0d 0a 72  |........ flag..r|
0000d580  65 61 64 6f 70 3a 09 64  73 09 31 09 09 3b 31 20  |eadop:.ds.1..;1 |
0000d590  69 66 20 72 65 61 64 20  6f 70 65 72 61 74 69 6f  |if read operatio|
0000d5a0  6e 0d 0a 77 72 74 79 70  65 3a 09 64 73 09 31 09  |n..wrtype:.ds.1.|
0000d5b0  09 3b 77 72 69 74 65 20  6f 70 65 72 61 74 69 6f  |.;write operatio|
0000d5c0  6e 20 74 79 70 65 0d 0a  64 6d 61 61 64 72 3a 09  |n type..dmaadr:.|
0000d5d0  64 73 09 32 09 09 3b 6c  61 73 74 20 64 6d 61 20  |ds.2..;last dma |
0000d5e0  61 64 64 72 65 73 73 0d  0a 68 73 74 62 75 66 3a  |address..hstbuf:|
0000d5f0  09 64 73 09 68 73 74 73  69 7a 09 09 3b 68 6f 73  |.ds.hstsiz..;hos|
0000d600  74 20 62 75 66 66 65 72  0d 0a 3b 0d 0a 3b 01 1a  |t buffer..;..;..|
0000d610  2a 2a 00 05 2a 0d 0a 3b  2a 01 18 20 20 00 01 20  |**..*..;*..  .. |
0000d620  09 00 10 01 00 38 5b 00  02 00 37 20 20 2a 0d 0a  |.....8[...7  *..|
0000d630  3b 2a 09 54 68 65 20 45  4e 44 45 46 20 6d 61 63  |;*.The ENDEF mac|
0000d640  72 6f 20 69 6e 76 6f 63  61 74 69 6f 6e 20 67 6f  |ro invocation go|
0000d650  65 73 20 68 65 72 65 09  20 20 20 20 20 2a 0d 0a  |es here.     *..|
0000d660  3b 2a 01 19 20 20 00 05  20 2a 0d 0a 3b 01 1a 2a  |;*..  .. *..;..*|
0000d670  2a 00 09 2a 0d 0a 09 65  6e 64 0d 0a 01 2a 1a 1a  |*..*...end...*..|
0000d680  00 01 1a 10 09 01 16 09  01 01 01 00 e3 01 01 00  |................|
0000d690  00 00 00 31 e2 07 3a 5c  00 b7 ca 18 01 3d 32 83  |...1..:\.....=2.|
0000d6a0  07 3a 6c 00 b7 c2 2a 01  11 b3 05 cd 8b 02 cd 7e  |.:l...*........~|
0000d6b0  02 c3 00 00 11 14 06 c3  1b 01 3d 32 84 07 3a 83  |..........=2..:.|
0000d6c0  07 cd ac 03 eb 60 69 22  9a 07 eb 11 8b 07 06 0f  |.....`i"........|
0000d6d0  7e 12 23 13 05 c2 40 01  3a 84 07 cd ac 03 11 8b  |~.#...@.:.......|
0000d6e0  07 06 0f 1a be c2 24 01  23 13 05 c2 53 01 3a 8d  |......$.#...S.:.|
0000d6f0  07 2a 90 07 23 29 3d c2  65 01 7d b4 c2 70 01 2b  |.*..#)=.e.}..p.+|
0000d700  3a 8b 07 2f 3c 5f 16 ff  cd e7 03 3a 8b 07 5f 16  |:../<_.....:.._.|
0000d710  00 19 7d b4 c2 88 01 0b  69 60 23 eb 2a 98 07 19  |..}.....i`#.*...|
0000d720  23 22 9e 07 22 a0 07 2a  8b 07 26 00 29 29 29 29  |#".."..*..&.))))|
0000d730  29 29 29 44 4d 11 e2 07  2a 06 00 7d 93 6f 7c 9a  |)))DM...*..}.o|.|
0000d740  67 eb cd ca 03 7b 32 9c  07 3a 8b 07 32 9d 07 cd  |g....{2..:..2...|
0000d750  2c 04 3a 83 07 c6 41 32  e7 06 3a 84 07 c6 41 32  |,.:...A2..:...A2|
0000d760  14 07 3e ff 32 81 07 cd  a2 03 ca e3 01 11 64 06  |..>.2.........d.|
0000d770  cd 68 02 cd 7e 02 cd a2  03 c2 f2 01 11 bd 06 cd  |.h..~...........|
0000d780  68 02 3a 83 07 cd 95 02  3a 81 07 32 82 07 af 32  |h.:.....:..2...2|
0000d790  09 01 02 01 00 c2 01 01  00 87 07 cd db 02 3a 81  |..............:.|
0000d7a0  07 3d f5 3a 82 07 32 81  07 cd a2 03 c2 22 02 11  |.=.:..2......"..|
0000d7b0  49 07 cd 8b 02 11 ea 06  cd 68 02 3a 84 07 cd 95  |I........h.:....|
0000d7c0  02 3e 01 32 87 07 cd db  02 cd a2 03 c2 3c 02 11  |.>.2.........<..|
0000d7d0  49 07 cd 8b 02 f1 32 81  07 2a a0 07 7c b5 c2 e6  |I.....2..*..|...|
0000d7e0  01 11 90 06 cd 68 02 3e  00 cd 95 02 0e 02 1e 0c  |.....h.>........|
0000d7f0  cd 05 00 c3 00 00 6f 26  00 29 29 29 29 29 29 29  |......o&.)))))))|
0000d800  c9 cd 8b 02 11 17 07 cd  90 02 0e 06 1e ff cd 05  |................|
0000d810  00 fe 0d c2 71 02 c9 3e  0d cd 85 02 3e 0a 5f 0e  |....q..>....>._.|
0000d820  02 c3 05 00 d5 cd 7e 02  d1 0e 09 c3 05 00 4f 2a  |......~.......O*|
0000d830  01 00 11 18 00 19 e9 c5  e1 e5 cd fd 03 c1 2a 01  |..............*.|
0000d840  00 11 1b 00 19 e9 2a 9a  07 eb 2a 01 00 2e 30 cd  |......*...*...0.|
0000d850  c2 02 4d 44 2a 01 00 11  1e 00 19 e9 2a 01 00 11  |..MD*.......*...|
0000d860  21 00 19 e9 2a 01 00 11  24 00 19 e9 2a 01 00 11  |!...*...$...*...|
0000d870  27 00 19 e9 cd 7e 02 21  e2 07 22 88 07 3e ff 32  |'....~.!.."..>.2|
0000d880  85 07 21 81 07 34 21 85  07 34 3a 9c 07 be c8 3a  |..!..4!..4:....:|
0000d890  87 07 b7 ca 10 03 2a a0  07 09 01 03 01 00 ed 01  |......*.........|
0000d8a0  01 00 2b 22 a0 07 7d b4  c8 11 5d 07 cd 90 02 c3  |..+"..}...].....|
0000d8b0  20 03 2a 9e 07 2b 22 9e  07 7d b4 c8 11 6f 07 cd  | .*..+"..}...o..|
0000d8c0  90 02 21 81 07 4e 06 00  cd 9e 02 3e ff 32 86 07  |..!..N.....>.2..|
0000d8d0  3a 9d 07 21 86 07 34 be  ca 85 03 21 86 07 4e 06  |:..!..4....!..N.|
0000d8e0  00 c5 cd ad 02 c1 79 90  cd 5d 02 eb 2a 88 07 19  |......y..]..*...|
0000d8f0  44 4d cd c3 02 af 32 8a  07 3a 8a 07 fe 02 da 68  |DM....2..:.....h|
0000d900  03 11 2a 07 cd 8b 02 c3  48 02 3c 32 8a 07 3a 87  |..*.....H.<2..:.|
0000d910  07 b7 ca 7b 03 0e 02 cd  d3 02 c3 7e 03 cd cb 02  |...{.......~....|
0000d920  b7 ca 2e 03 c3 57 03 3a  87 07 b7 ca 91 03 0e 01  |.....W.:........|
0000d930  cd d3 02 3a 9d 07 cd 5d  02 eb 2a 88 07 19 22 88  |...:...]..*...".|
0000d940  07 c3 e9 02 e5 3a 83 07  21 84 07 be e1 c9 4f cd  |.....:..!.....O.|
0000d950  95 02 7d b4 c2 bc 03 e1  11 50 06 c3 1b 01 4e 23  |..}......P....N#|
0000d960  46 11 09 00 19 7e 23 66  6f c9 44 4d 21 00 00 3e  |F....~#fo.DM!..>|
0000d970  10 f5 29 eb 97 29 eb 8d  91 6f 7c 98 67 13 d2 e1  |..)..)...o|.g...|
0000d980  03 09 1b f1 3d c2 cf 03  c9 01 ff ff 03 19 da ea  |....=...........|
0000d990  03 c9 0c 0d c8 7c b7 1f  67 7d 1f 6f c3 f1 03 c5  |.....|..g}.o....|
0000d9a0  d5 e5 09 01 04 01 00 a1  01 01 00 01 f6 ff 11 ff  |................|
0000d9b0  ff 09 13 da 06 04 01 0a  00 09 eb 7c b5 c4 fd 03  |...........|....|
0000d9c0  7b c6 30 cd 1f 04 e1 d1  c1 c9 c5 d5 e5 5f 0e 06  |{.0.........._..|
0000d9d0  cd 05 00 e1 d1 c1 c9 11  72 04 cd 60 04 11 11 05  |........r..`....|
0000d9e0  cd 60 04 cd 54 04 11 2f  05 cd 60 04 cd 54 04 11  |.`..T../..`..T..|
0000d9f0  49 05 cd 60 04 cd 54 04  11 4e 05 cd 60 04 c9 16  |I..`..T..N..`...|
0000da00  30 0e e4 cd 6c 04 15 c2  56 04 c9 1a fe 24 c8 4f  |0...l...V....$.O|
0000da10  cd 6c 04 13 c3 60 04 2a  01 00 2e 0c e9 1b 53 31  |.l...`.*......S1|
0000da20  0c 1b 55 34 30 54 52 49  55 4d 50 48 20 41 44 4c  |..U40TRIUMPH ADL|
0000da30  45 52 1b 59 20 65 61 6c  70 68 61 74 72 6f 6e 69  |ER.Y ealphatroni|
0000da40  63 1b 55 32 30 df 20 20  20 4f 4f 4f 4f 4f 20 4f  |c.U20.   OOOOO O|
0000da50  4f df 0d 0a df 20 20 20  20 47 27 20 5f 3e 23 40  |O....    G' _>#@|
0000da60  df 0d 0a df 20 20 5f 3e  21 20 47 2f 2c 2c 40 df  |....  _>! G/,,@.|
0000da70  0d 0a df 20 20 23 20 20  22 21 20 20 20 23 df 1b  |...  #  "!   #..|
0000da80  59 21 66 df 5f 4f 4f 30  20 5f 4f 4f df 1b 59 22  |Y!f._OO0 _OO..Y"|
0000da90  66 df 55 35 20 40 20 40  20 2a 25 df 1b 59 23 66  |f.U5 @ @ *%..Y#f|
0000daa0  df 55 37 23 21 20 40 20  57 34 df 09 01 05 01 00  |.U7#! @ W4......|
0000dab0  36 f1 00 02 00 65 1b 59  25 66 1b 41 df 22 21 20  |6....e.Y%f.A."! |
0000dac0  20 20 22 23 23 df 24 1b  59 20 30 1b 55 34 30 e0  |  "##.$.Y 0.U40.|
0000dad0  1b 42 1b 44 e5 1b 42 1b  44 e8 1b 42 1b 44 e5 1b  |.B.D..B.D..B.D..|
0000dae0  42 1b 44 e2 24 e3 1b 41  1b 44 e5 1b 41 1b 44 e9  |B.D.$..A.D..A.D.|
0000daf0  1b 41 1b 44 e5 1b 41 1b  44 e1 1b 59 20 31 24 1b  |.A.D..A.D..Y 1$.|
0000db00  59 22 31 24 1b 55 37 30  1b 59 21 35 44 20 49 20  |Y"1$.U70.Y!5D I |
0000db10  53 20 4b 20 43 20 4f 20  50 20 59 01 07 20 20 00  |S K C O P Y..  .|
0000db20  1f 56 65 72 73 69 6f 6e  20 20 31 2e 33 1b 59 23  |.Version  1.3.Y#|
0000db30  35 43 6f 70 79 72 69 67  68 74 20 62 79 20 54 41  |5Copyright by TA|
0000db40  01 08 20 20 00 5e 20 32  32 2d 46 65 62 2d 38 34  |..  .^ 22-Feb-84|
0000db50  1b 42 1b 42 0d 0a 24 42  61 64 20 73 6f 75 72 63  |.B.B..$Bad sourc|
0000db60  65 20 61 6e 64 2f 6f 72  20 64 65 73 74 69 6e 61  |e and/or destina|
0000db70  74 69 6f 6e 20 64 72 69  76 65 73 20 21 0d 0a 54  |tion drives !..T|
0000db80  72 79 20 3a 20 44 49 53  4b 43 4f 50 59 20 41 3a  |ry : DISKCOPY A:|
0000db90  20 42 3a 20 6f 72 20 44  49 53 4b 43 4f 50 59 20  | B: or DISKCOPY |
0000dba0  42 3a 20 41 09 01 06 01  00 75 01 01 00 3a 20 6f  |B: A.....u...: o|
0000dbb0  72 20 44 49 53 4b 43 4f  50 59 20 41 3a 20 41 3a  |r DISKCOPY A: A:|
0000dbc0  24 53 6f 75 72 63 65 20  61 6e 64 20 64 65 73 74  |$Source and dest|
0000dbd0  69 6e 61 74 69 6f 6e 20  64 69 73 6b 73 20 68 61  |ination disks ha|
0000dbe0  76 65 20 6e 6f 74 20 74  68 65 20 73 61 6d 65 20  |ve not the same |
0000dbf0  70 61 72 61 6d 65 74 65  72 73 20 21 24 42 61 64  |parameters !$Bad|
0000dc00  20 64 72 69 76 65 20 63  6f 64 65 28 73 29 20 21  | drive code(s) !|
0000dc10  24 49 6e 73 65 72 74 20  20 73 6f 75 72 63 65 20  |$Insert  source |
0000dc20  20 61 6e 64 20 20 64 65  73 74 69 6e 61 74 69 6f  | and  destinatio|
0000dc30  6e 20 20 64 69 73 6b 65  74 74 65 73 24 49 6e 73  |n  diskettes$Ins|
0000dc40  65 72 74 20 20 73 20 79  20 73 20 74 20 65 20 6d  |ert  s y s t e m|
0000dc50  20 20 64 69 73 6b 65 74  74 65 20 20 69 6e 20 20  |  diskette  in  |
0000dc60  64 72 69 76 65 20 20 41  3a 24 49 6e 73 65 72 74  |drive  A:$Insert|
0000dc70  20 20 73 20 6f 20 75 20  72 20 63 20 65 20 20 64  |  s o u r c e  d|
0000dc80  69 73 6b 65 74 74 65 20  20 69 6e 20 20 64 72 69  |iskette  in  dri|
0000dc90  76 65 20 20 41 3a 24 49  6e 73 65 72 74 20 20 64  |ve  A:$Insert  d|
0000dca0  65 73 74 69 6e 61 74 69  6f 6e 20 20 64 09 01 07  |estination  d...|
0000dcb0  01 00 b4 01 01 00 69 73  6b 65 74 74 65 20 20 69  |......iskette  i|
0000dcc0  6e 20 20 64 72 69 76 65  20 20 41 3a 24 20 2c 20  |n  drive  A:$ , |
0000dcd0  74 68 65 6e 20 74 79 70  65 20 3c 63 72 3e 20 24  |then type <cr> $|
0000dce0  50 65 72 6d 61 6e 65 6e  74 20 20 72 65 61 64 20  |Permanent  read |
0000dcf0  2f 20 77 72 69 74 65 20  20 65 72 72 6f 72 24 46  |/ write  error$F|
0000dd00  75 6e 63 74 69 6f 6e 20  20 63 6f 6d 70 6c 65 74  |unction  complet|
0000dd10  65 20 24 0d 1b 41 57 72  69 74 69 6e 67 20 74 72  |e $..AWriting tr|
0000dd20  61 63 6b 20 24 0d 1b 41  52 65 61 64 69 6e 67 20  |ack $..AReading |
0000dd30  74 72 61 63 6b 20 24 ff  ff 1b 05 ca 69 17 f1 c3  |track $.....i...|
0000dd40  87 2e 21 63 31 c3 68 0d  3f 53 74 61 63 6b 20 6f  |..!c1.h.?Stack o|
0000dd50  76 65 72 66 6c 6f 77 2c  20 74 72 79 20 6d 6f 72  |verflow, try mor|
0000dd60  65 20 50 20 73 77 69 74  63 68 65 73 0d 0a 00 cd  |e P switches....|
0000dd70  62 26 3a 2a 3b fe 20 ca  98 31 11 00 00 eb 22 80  |b&:*;. ..1....".|
0000dd80  3c cd 47 2d c1 d1 e1 01  ac 31 c5 d5 3e 0d c3 51  |<.G-.....1..>..Q|
0000dd90  04 c1 01 a7 31 c5 cd 54  69 74 69 6e 67 20 74 72  |....1..Titing tr|
0000dda0  61 63 6b 20 24 0d 1b 41  52 65 61 64 69 6e 67 20  |ack $..AReading |
0000ddb0  74 72 61 63 6b 20 09 01  08 01 00 a1 01 01 00 01  |track ..........|
0000ddc0  f6 ff 11 ff ff 09 13 da  06 04 01 0a 00 09 eb 7c  |...............||
0000ddd0  b5 c4 fd 03 7b c6 30 cd  1f 04 e1 d1 c1 c9 c5 d5  |....{.0.........|
0000dde0  e5 5f 0e 06 cd 05 00 e1  d1 c1 c9 11 72 04 cd 60  |._..........r..`|
0000ddf0  04 11 11 05 cd 60 04 cd  54 04 11 2f 05 cd 60 04  |.....`..T../..`.|
0000de00  cd 54 04 11 49 05 cd 60  04 cd 54 04 11 4e 05 cd  |.T..I..`..T..N..|
0000de10  60 04 c9 16 30 0e e4 cd  6c 04 15 c2 56 04 c9 1a  |`...0...l...V...|
0000de20  fe 24 c8 4f cd 6c 04 13  c3 60 04 2a 01 00 2e 0c  |.$.O.l...`.*....|
0000de30  e9 1b 53 31 0c 1b 55 34  30 54 52 49 55 4d 50 48  |..S1..U40TRIUMPH|
0000de40  20 41 44 4c 45 52 1b 59  20 65 61 6c 70 68 61 74  | ADLER.Y ealphat|
0000de50  72 6f 6e 69 63 1b 55 32  30 df 20 20 20 4f 4f 4f  |ronic.U20.   OOO|
0000de60  4f 4f 20 4f 4f df 0d 0a  df 20 20 20 20 47 27 20  |OO OO....    G' |
0000de70  5f 3e 23 40 df 0d 0a df  20 20 5f 3e 21 20 47 2f  |_>#@....  _>! G/|
0000de80  2c 2c 40 df 0d 0a df 20  20 23 20 20 22 21 20 20  |,,@....  #  "!  |
0000de90  20 23 df 1b 59 21 66 df  5f 4f 4f 30 20 5f 4f 4f  | #..Y!f._OO0 _OO|
0000dea0  df 1b 59 22 66 df 55 35  20 40 20 40 20 2a 25 df  |..Y"f.U5 @ @ *%.|
0000deb0  1b 59 23 66 df 55 37 23  21 20 40 20 57 34 df 09  |.Y#f.U7#! @ W4..|
0000dec0  01 09 01 00 0c 01 01 00  21 00 00 39 22 dc 02 31  |........!..9"..1|
0000ded0  1f 03 11 64 02 0e 09 cd  05 00 cd 48 02 fe ff c2  |...d.......H....|
0000dee0  23 01 11 7d 02 cd 23 02  c3 d8 01 3e 80 32 da 02  |#..}..#....>.2..|
0000def0  21 2f 03 22 1f 03 3e 0f  32 de 02 21 00 00 e5 cd  |!/."..>.2..!....|
0000df00  29 02 e1 da d8 01 47 7d  e6 0f c2 90 01 cd f9 01  |).....G}........|
0000df10  3a de 02 3c 32 de 02 fe  10 c2 67 01 af 32 de 02  |:..<2.....g..2..|
0000df20  cd f9 01 e5 d5 c5 11 90  02 cd 23 02 c1 d1 e1 cd  |..........#.....|
0000df30  e0 01 b7 ca 83 01 e5 d5  c5 0e 01 cd 05 00 c1 d1  |................|
0000df40  e1 fe 0d ca d8 01 3e 08  cd ec 01 7c cd 16 02 7d  |......>....|...}|
0000df50  cd 16 02 3e 20 cd ec 01  23 3e 20 cd ec 01 e5 2a  |...> ...#> ....*|
0000df60  1f 03 70 23 22 1f 03 e1  78 cd 16 02 7d e6 0f c2  |..p#"...x...}...|
0000df70  36 01 e5 d5 3e 20 cd ec  01 3e 20 cd ec 01 16 10  |6...> ...> .....|
0000df80  21 2f 03 7e e6 7f fe 20  d2 c5 01 3e 2e cd ec 01  |!/.~... ...>....|
0000df90  23 15 c2 bb 01 21 2f 03  22 1f 03 d1 e1 c3 36 01  |#....!/.".....6.|
0000dfa0  cd f9 01 2a dc 02 f9 c9  e5 d5 c5 0e 0b cd 05 00  |...*............|
0000dfb0  c1 d1 e1 c9 e5 d5 c5 0e  02 5f cd 05 00 c1 d1 e1  |........._......|
0000dfc0  c9 3e 0d cd ec 01 3e 0a  09 01 0a 01 00 78 e1 00  |.>....>......x..|
0000dfd0  02 00 da cd ec 01 c9 e6  0f fe 0a d2 10 02 c6 30  |...............0|
0000dfe0  c3 12 02 c6 37 cd ec 01  c9 f5 0f 0f 0f 0f cd 04  |....7...........|
0000dff0  02 f1 cd 04 02 c9 0e 09  cd 05 00 c9 3a da 02 fe  |............:...|
0000e000  80 c2 3a 02 cd 55 02 b7  ca 3a 02 37 c9 5f 16 00  |..:..U...:.7._..|
0000e010  3c 32 da 02 21 80 00 19  7e b7 c9 af 32 7c 00 11  |<2..!...~...2|..|
0000e020  5c 00 0e 0f cd 05 00 c9  e5 d5 c5 11 5c 00 0e 14  |\...........\...|
0000e030  cd 05 00 c1 d1 e1 c9 46  69 6c 65 20 44 75 6d 70  |.......File Dump|
0000e040  20 50 72 6f 67 72 61 6d  20 56 31 2e 35 0d 0a 24  | Program V1.5..$|
0000e050  0d 0a 46 69 6c 65 20 6e  6f 74 20 66 6f 75 6e 64  |..File not found|
0000e060  0d 0a 24 20 20 20 20 20  20 2d 30 20 2d 31 20 2d  |..$      -0 -1 -|
0000e070  32 20 2d 33 20 2d 34 20  2d 35 20 2d 36 20 2d 37  |2 -3 -4 -5 -6 -7|
0000e080  20 2d 38 20 2d 39 20 2d  41 20 2d 42 20 2d 43 20  | -8 -9 -A -B -C |
0000e090  2d 44 20 2d 45 20 2d 46  20 20 30 31 32 33 34 35  |-D -E -F  012345|
0000e0a0  36 37 38 39 41 42 43 44  45 46 0d 0a 24 01 13 00  |6789ABCDEF..$...|
0000e0b0  00 09 01 0b 01 00 59 6d  00 02 01 18 00 00 00 01  |......Ym........|
0000e0c0  00 01 27 1a 1a 00 5b 1a  69 6c 65 20 6e 6f 74 20  |..'...[.ile not |
0000e0d0  66 6f 75 6e 64 0d 0a 24  20 20 20 20 20 20 2d 30  |found..$      -0|
0000e0e0  20 2d 31 20 2d 32 20 2d  33 20 2d 34 20 2d 35 20  | -1 -2 -3 -4 -5 |
0000e0f0  2d 36 20 2d 37 20 2d 38  20 2d 39 20 2d 41 20 2d  |-6 -7 -8 -9 -A -|
0000e100  42 20 2d 43 20 2d 44 20  2d 45 20 2d 46 20 20 30  |B -C -D -E -F  0|
0000e110  31 32 33 34 35 36 37 38  39 41 42 43 44 45 46 0d  |123456789ABCDEF.|
0000e120  0a 24 01 13 00 00 09 01  0c 01 00 76 05 00 01 80  |.$.........v....|
0000e130  00 e5 e5 09 01 0d 01 00  76 05 00 01 80 00 e5 e5  |........v.......|
0000e140  09 01 0e 01 00 76 05 00  01 80 00 e5 e5 09 01 0f  |.....v..........|
0000e150  01 00 76 05 00 01 80 00  e5 e5 09 01 10 01 00 76  |..v............v|
0000e160  05 00 01 80 00 e5 e5 10  0a 00 1a 0a 00 01 01 00  |................|
0000e170  f5 01 01 00 c3 c0 01 20  43 4f 50 59 52 49 47 48  |....... COPYRIGH|
0000e180  54 20 28 43 29 20 31 39  37 39 2c 20 44 49 47 49  |T (C) 1979, DIGI|
0000e190  54 41 4c 20 52 45 53 45  41 52 43 48 20 44 49 53  |TAL RESEARCH DIS|
0000e1a0  4b 20 4f 52 20 44 49 52  45 43 54 4f 52 59 20 46  |K OR DIRECTORY F|
0000e1b0  55 4c 4c 24 46 49 4c 45  20 45 58 49 53 54 53 2c  |ULL$FILE EXISTS,|
0000e1c0  20 45 52 41 53 45 20 49  54 24 4e 45 57 20 46 49  | ERASE IT$NEW FI|
0000e1d0  4c 45 24 2a 2a 20 46 49  4c 45 20 49 53 20 52 45  |LE$** FILE IS RE|
0000e1e0  41 44 2f 4f 4e 4c 59 20  2a 2a 24 22 53 59 53 54  |AD/ONLY **$"SYST|
0000e1f0  45 4d 22 20 46 49 4c 45  20 4e 4f 54 20 41 43 43  |EM" FILE NOT ACC|
0000e200  45 53 53 49 42 4c 45 24  42 41 4b 24 24 24 42 41  |ESSIBLE$BAK$$$BA|
0000e210  4b 24 24 24 2d 28 59 2f  4e 29 3f 24 4e 4f 20 4d  |K$$$-(Y/N)?$NO M|
0000e220  45 4d 4f 52 59 24 42 52  45 41 4b 20 22 24 22 20  |EMORY$BREAK "$" |
0000e230  41 54 20 24 31 6d 1a 01  4d 1d 11 06 00 cd f2 19  |AT $1m..M.......|
0000e240  22 6d 1a 0e 0a cd d7 19  2b eb 21 38 1b 73 7e 3c  |"m......+.!8.s~<|
0000e250  4f 06 00 60 69 0e 08 cd  cd 19 22 39 1b 11 00 04  |O..`i....."9....|
0000e260  2a 39 1b 19 11 6d 1a cd  fd 19 d2 02 02 01 a8 01  |*9...m..........|
0000e270  cd 0a 0c cd 0a 00 02 01  00 f7 01 01 00 00 00 01  |................|
0000e280  39 1b 11 6d 1a cd ed 19  2b eb 2b 73 23 72 0e 01  |9..m....+.+s#r..|
0000e290  21 39 1b cd d3 19 eb 2b  73 23 72 01 39 1b 11 06  |!9.....+s#r.9...|
0000e2a0  00 cd ed 19 22 3b 1b 01  39 1b 11 3b 1b cd ed 19  |....";..9..;....|
0000e2b0  22 5e 1b 2a 6d 1a 01 4d  1d 09 36 00 2a 6d 1a 2b  |"^.*m..M..6.*m.+|
0000e2c0  22 6f 1a 0e 01 21 6f 1a  cd d3 19 eb 23 73 23 72  |"o...!o.....#s#r|
0000e2d0  21 10 1d 36 00 21 66 1b  36 00 21 14 1c 36 01 3a  |!..6.!f.6.!..6.:|
0000e2e0  5d 00 d6 20 d6 01 9f f5  3a 6d 00 d6 20 c6 ff 9f  |].. ....:m.. ...|
0000e2f0  c1 48 b1 1f d2 7d 02 cd  2d 0d 3a 5c 00 32 64 1b  |.H...}..-.:\.2d.|
0000e300  fe 00 c2 91 02 cd de 0c  32 64 1b c3 9d 02 3a 64  |........2d....:d|
0000e310  1b 3d 32 64 1b 21 5c 00  36 00 3a 6c 00 32 65 1b  |.=2d.!\.6.:l.2e.|
0000e320  fe 00 c2 b1 02 3a 64 1b  32 65 1b c3 b8 02 3a 65  |.....:d.2e....:e|
0000e330  1b 3d 32 65 1b cd 45 0e  cd 55 0d 21 4d 1d 36 0a  |.=2e..E..U.!M.6.|
0000e340  21 01 00 22 22 1d 2a 6f  1a 22 24 1d 21 68 1b 36  |!.."".*o."$.!h.6|
0000e350  00 c3 1a 03 31 6d 1a 21  06 1d 36 23 c3 f5 02 31  |....1m.!..6#...1|
0000e360  6d 1a 21 06 1d 36 3f c3  f5 02 31 6d 1a 21 06 1d  |m.!..6?...1m.!..|
0000e370  36 3e 31 6d 1a 21 66 1b  36 00 01 b2 01 0a 00 03  |6>1m.!f.6.......|
0000e380  01 00 5a 01 01 00 cd 0a  0c 2a 06 1d 4d cd cb 0b  |..Z......*..M...|
0000e390  01 ba 01 cd fa 0b 2a 21  1d 4d cd cb 0b cd ef 0b  |......*!.M......|
0000e3a0  31 6d 1a 21 0d 1d 36 01  21 07 1d 36 00 21 0c 1d  |1m.!..6.!..6.!..|
0000e3b0  36 00 cd c6 18 3a 0c 1c  32 08 1d 0e 45 cd d5 18  |6....:..2...E...|
0000e3c0  1f d2 62 03 cd bd 15 21  65 1b 3a 64 1b be ca 5c  |..b....!e.:d...\|
0000e3d0  03 3a 04 00 e6 f0 f5 3a  65 1b e6 0f c1 48 b1 32  |.:.....:e....H.2|
0000e3e0  04 00 cd 07 0d c3 ee 0a  0e 48 cd d5 18 1f d2 86  |.........H......|
0000e3f0  03 cd bd 15 3a 65 1b 32  21 1d 3a 64 1b 32 65 1b  |....:e.2!.:d.2e.|
0000e400  3a 21 1d 32 64 1b c3 bb  02 c3 ee 0a 3a 21 1d fe  |:!.2d.......:!..|
0000e410  49 c2 ac 05 21 8a 1b 3a  0c 1c 96 d6 01 9f f5 3a  |I...!..:.......:|
0000e420  07 1d d6 00 d6 01 9f c1  48 a1 32 0c 1d 1f d2 ae  |........H.2.....|
0000e430  03 cd 58 11 3a 68 1b 32  69 1b cd 03 16 1f d2 90  |..X.:h.2i.......|
0000e440  05 3a 21 1d fe 00 ca 8d  05 3a 21 1d d6 15 d6 01  |.:!......:!.....|
0000e450  9f f5 3a 21 1d d6 18 d6  01 9f c1 48 b1 f5 3a 21  |..:!.......H..:!|
0000e460  1d d6 12 d6 01 9f c1 48  b1 1f d2 2c 04 21 00 00  |.......H...,.!..|
0000e470  22 1c 1d 21 20 1d 36 00  23 7e fe 12 c2 02 04 cd  |"..! .6.#~......|
0000e480  ef 0b cd 46 17 c3 0a 00  04 01 00 48 01 01 00 29  |...F.......H...)|
0000e490  04 cd b7 12 cd 58 14 3a  21 1d fe 15 c2 19 04 cd  |.....X.:!.......|
0000e4a0  ef 0b cd 58 11 c3 29 04  3a 69 1b 21 68 1b be d2  |...X..).:i.!h...|
0000e4b0  29 04 cd 39 0b c3 19 04  c3 65 05 3a 21 1d fe 08  |)..9.....e.:!...|
0000e4c0  c2 ca 04 3a 68 1b 32 6a  1b 4f 3e 00 b9 d2 46 04  |...:h.2j.O>...F.|
0000e4d0  0e 20 cd 4c 10 3e 01 21  22 1d cd 05 1a 9f f5 3a  |. .L.>.!"......:|
0000e4e0  69 1b 21 6a 1b 96 9f c1  48 a1 1f d2 bc 04 2a 22  |i.!j....H.....*"|
0000e4f0  1d 2b 01 4d 1d 09 7e fe  0a ca bc 04 cd b2 13 21  |.+.M..~........!|
0000e500  66 1b 36 01 21 68 1b 36  00 21 00 00 22 1c 1d 21  |f.6.!h.6.!.."..!|
0000e510  20 1d 36 00 cd 46 17 21  66 1b 36 00 3a 68 1b 32  | .6..F.!f.6.:h.2|
0000e520  6b 1b 21 69 1b be d2 a0  04 3a 69 1b 32 6b 1b 3a  |k.!i.....:i.2k.:|
0000e530  6a 1b 32 68 1b 3a 6b 1b  21 68 1b be d2 b6 04 cd  |j.2h.:k.!h......|
0000e540  39 0b c3 a6 04 3a 68 1b  32 6a 1b 21 21 1d 36 00  |9....:h.2j.!!.6.|
0000e550  3a 6a 1b 32 68 1b c3 65  05 3a 21 1d fe 7f c2 0a  |:j.2h..e.:!.....|
0000e560  05 3e 01 11 22 1d cd fa  19 b5 c2 e1 04 c3 f5 02  |.>.."...........|
0000e570  cd b2 13 2a 22 1d 01 4d  1d 09 7e 32 21 1d 4f cd  |...*"..M..~2!.O.|
0000e580  cb 0b 3a 21 1d fe 0a c2  02 05 2a 10 1c 2b 22 0a  |..:!......*..+".|
0000e590  00 05 01 00 f6 01 01 00  10 1c 21 21 1d 36 00 c3  |..........!!.6..|
0000e5a0  65 05 2a 21 1d 4d cd 9b  0b 2f 1f d2 24 05 0e 5e  |e.*!.M.../..$..^|
0000e5b0  cd 4c 10 3a 21 1d c6 40  4f cd 4c 10 3a 21 1d fe  |.L.:!..@O.L.:!..|
0000e5c0  0c c2 32 05 cd 91 18 c3  65 05 3a 07 1d fe 00 c2  |..2.....e.:.....|
0000e5d0  62 05 3a 21 1d fe 20 da  4c 05 3a 68 1b 3c 32 68  |b.:!.. .L.:h.<2h|
0000e5e0  1b c3 62 05 3a 21 1d fe  09 c2 62 05 3a 68 1b e6  |..b.:!....b.:h..|
0000e5f0  07 4f 3e 08 91 21 68 1b  86 77 cd d9 15 3a 21 1d  |.O>..!h..w...:!.|
0000e600  fe 0a c2 70 05 cd 58 11  3a 21 1d fe 0d c2 85 05  |...p..X.:!......|
0000e610  21 21 1d 36 0a 0e 0a cd  4c 10 c3 8a 05 21 21 1d  |!!.6....L....!!.|
0000e620  36 00 c3 bb 03 c3 b4 03  3a 21 1d fe 1a ca 9b 05  |6.......:!......|
0000e630  cd 91 18 3a 14 1c 21 0c  1d a6 1f d2 a9 05 cd ef  |...:..!.........|
0000e640  0b c3 ee 0a 0e 4f cd fc  18 1f d2 b8 05 c3 bb 02  |.....O..........|
0000e650  3a 21 1d fe 52 c2 86 06  21 94 1a 36 01 cd 47 12  |:!..R...!..6..G.|
0000e660  cd 03 16 1f d2 e1 05 3e  08 21 94 1a be d2 db 05  |.......>.!......|
0000e670  c3 d7 02 cd 1d 17 c3 c8  05 21 21 1d 36 20 3a 94  |.........!!.6 :.|
0000e680  1a d6 01 d6 01 9f 32 06  1d 1f d2 0e 06 2e 08 11  |......2.........|
0000e690  74 1a 01 96 1a 0a 12 03  0a 00 06 01 00 30 01 01  |t............0..|
0000e6a0  00 13 2d c2 fd 05 01 95  1a cd 3f 0c c3 1d 06 3e  |..-.......?....>|
0000e6b0  08 21 94 1a be da 1d 06  cd 1d 17 c3 0e 06 21 7f  |.!............!.|
0000e6c0  1a 36 00 21 93 1a 36 00  01 73 1a cd 2c 0c 21 94  |.6.!..6..s..,.!.|
0000e6d0  1a 36 80 3a 78 1b fe ff  c2 42 06 21 06 1d 36 4f  |.6.:x....B.!..6O|
0000e6e0  c3 f5 02 cd 55 12 32 21  1d fe 1a ca 53 06 cd d9  |....U.2!....S...|
0000e6f0  15 c3 42 06 21 47 1d 36  00 3a 06 1d 1f d2 83 06  |..B.!G.6.:......|
0000e700  21 36 1b 3a 47 1d be d2  83 06 2a 47 1d 26 00 01  |!6.:G.....*G.&..|
0000e710  b6 1a 09 7e 32 21 1d 3a  47 1d 3c 32 47 1d cd d9  |...~2!.:G.<2G...|
0000e720  15 c3 5f 06 c3 ee 0a 0e  51 cd fc 18 1f d2 9b 06  |.._.....Q.......|
0000e730  01 3d 1b cd 65 0c cd 07  0d c3 ee 0a cd 62 18 3a  |.=..e........b.:|
0000e740  21 1d fe 2d c2 ae 06 cd  c6 18 21 20 1d 36 00 3a  |!..-......! .6.:|
0000e750  21 1d fe 23 c2 bf 06 cd  87 12 cd c6 18 c3 fc 06  |!..#............|
0000e760  cd 3b 19 1f d2 dc 06 cd  4a 19 3a 21 1d fe 3a c2  |.;......J.:!..:.|
0000e770  d9 06 21 21 1d 36 4c cd  76 19 c3 fc 06 3a 21 1d  |..!!.6L.v....:!.|
0000e780  fe 3a c2 fc 06 cd c6 18  cd 4a 19 cd 76 19 3a 20  |.:.......J..v.: |
0000e790  1d fe 01 c2 fc 06 2a 1c  1d 23 22 1c 1d cd 8e 12  |......*..#".....|
0000e7a0  1f 0a 00 07 01 00 57 01  01 00 d2 08 07 21 20 1d  |......W......! .|
0000e7b0  36 00 3a 21 1d fe 42 c2  29 07 21 20 1d 3e 01 96  |6.:!..B.).! .>..|
0000e7c0  77 21 01 00 22 26 1d 2a  6f 1a 22 28 1d cd 52 14  |w!.."&.*o."(..R.|
0000e7d0  c3 ee 0a 3a 21 1d fe 43  c2 3a 07 cd 65 14 cd 52  |...:!..C.:..e..R|
0000e7e0  14 c3 ee 0a 3a 21 1d fe  44 c2 4b 07 cd 65 14 cd  |....:!..D.K..e..|
0000e7f0  58 14 c3 ee 0a 3a 21 1d  fe 4b c2 5c 07 cd b7 12  |X....:!..K.\....|
0000e800  cd 58 14 c3 ee 0a 3a 21  1d fe 4c c2 6a 07 cd 5e  |.X....:!..L.j..^|
0000e810  14 c3 ee 0a 3a 21 1d fe  50 c2 9a 07 cd 8e 12 1f  |....:!..P.......|
0000e820  d2 87 07 21 20 1d 36 01  cd da 17 cd 46 17 c3 97  |...! .6.....F...|
0000e830  07 cd a2 12 1f d2 97 07  cd ef 17 cd 3a 18 c3 87  |............:...|
0000e840  07 c3 ee 0a 3a 21 1d fe  54 c2 a8 07 cd 46 17 c3  |....:!..T....F..|
0000e850  ee 0a 3a 21 1d fe 55 c2  be 07 3a 20 1d d6 01 d6  |..:!..U...: ....|
0000e860  01 9f 32 10 1d c3 ee 0a  3a 21 1d fe 56 c2 fc 07  |..2.....:!..V...|
0000e870  cd 8e 12 1f d2 ee 07 01  22 1d 11 24 1d cd ed 19  |........"..$....|
0000e880  44 4d cd a9 10 0e 2f cd  cb 0b 2a 6f 1a 44 4d cd  |DM..../...*o.DM.|
0000e890  a9 10 cd ef 0b c3 f9 07  3a 20 1d d6 01 d6 01 9f  |........: ......|
0000e8a0  32 14 1c c3 ee 0a 3a 21  1d fe 0a 00 08 01 00 fb  |2.....:!........|
0000e8b0  01 01 00 0d c2 28 08 3a  08 1d d6 01 d6 01 9f f5  |.....(.:........|
0000e8c0  3a 07 1d d6 00 d6 01 9f  c1 48 a1 1f d2 25 08 cd  |:........H...%..|
0000e8d0  5e 14 cd 62 18 cd 46 17  c3 ee 0a 3a 20 1d d6 01  |^..b..F....: ...|
0000e8e0  d6 01 9f f5 cd 8e 12 c1  48 b1 1f d2 eb 0a 3a 21  |........H.....:!|
0000e8f0  1d fe 41 c2 79 08 21 20  1d 36 01 2a 22 1d 22 26  |..A.y.! .6.*"."&|
0000e900  1d 2a 6f 1a 22 28 1d cd  52 14 cd 8e 12 1f d2 61  |.*o."(..R......a|
0000e910  08 cd 6e 18 cd a2 12 1f  d2 6e 08 cd c4 14 c3 61  |..n......n.....a|
0000e920  08 21 20 1d 36 00 cd 52  14 c3 e8 0a 3a 21 1d fe  |.! .6..R....:!..|
0000e930  46 c2 94 08 cd fc 16 cd  a2 12 1f d2 91 08 cd 0b  |F...............|
0000e940  17 c3 84 08 c3 e8 0a 3a  21 1d fe 4a c2 1a 09 cd  |.......:!..J....|
0000e950  fc 16 cd 24 16 3a 04 1d  32 05 1d cd 24 16 cd a2  |...$.:..2...$...|
0000e960  12 1f d2 17 09 cd 0b 17  3a 03 1d 3d 32 08 1d 3a  |........:..=2..:|
0000e970  08 1d 3c 32 08 1d 21 05  1d be d2 dd 08 2a 08 1d  |..<2..!......*..|
0000e980  26 00 01 9f 1c 09 7e 32  21 1d cd d9 15 c3 bc 08  |&.....~2!.......|
0000e990  2a 22 1d 22 49 1d 2a 05  1d 4d 2a 04 1d eb cd 6f  |*"."I.*..M*....o|
0000e9a0  16 2f 1f d2 f6 08 c3 d7  02 21 05 1d 3a 04 1d 96  |./.......!..:...|
0000e9b0  11 22 1d 0a 00 09 01 00  d3 01 01 00 cd fa 19 22  |."............."|
0000e9c0  26 1d 21 20 1d 36 00 cd  52 14 2a 49 1d 22 22 1d  |&.! .6..R.*I."".|
0000e9d0  c3 ab 08 c3 e8 0a 3a 21  1d d6 4d d6 01 9f f5 3a  |......:!..M....:|
0000e9e0  07 1d d6 00 d6 01 9f c1  48 a1 1f d2 7c 09 21 09  |........H...|.!.|
0000e9f0  1d 36 ff 3e 01 11 1c 1d  cd fa 19 b5 c2 46 09 cd  |.6.>.........F..|
0000ea00  9b 12 cd 65 11 f5 3a 09  1d 3c 32 09 1d 4f 06 00  |...e..:..<2..O..|
0000ea10  21 1f 1c 09 c1 48 71 79  fe 0d ca 64 09 c3 46 09  |!....Hqy...d..F.|
0000ea20  3a 09 1d 32 07 1d 21 09  1d 36 00 e5 2a 1c 1d eb  |:..2..!..6..*...|
0000ea30  e1 23 73 23 72 c3 e8 0a  3a 21 1d fe 4e c2 dd 09  |.#s#r...:!..N...|
0000ea40  cd fc 16 cd a2 12 1f d2  da 09 2a 03 1d eb 0e 00  |..........*.....|
0000ea50  cd 6f 16 2f 1f d2 d7 09  cd c4 0c 1f d2 a6 09 c3  |.o./............|
0000ea60  f5 02 cd e1 17 cd b6 15  cd 6e 18 21 20 1d 36 00  |.........n.! .6.|
0000ea70  21 01 00 22 26 1d cd 52  14 cd e8 17 21 20 1d 36  |!.."&..R....! .6|
0000ea80  01 01 6f 1a 11 24 1d cd  ed 19 da d4 09 c3 d7 02  |..o..$..........|
0000ea90  c3 8e 09 c3 87 09 c3 e8  0a 3a 21 1d fe 53 c2 30  |.........:!..S.0|
0000eaa0  0a cd fc 16 cd 24 16 cd  a2 12 1f d2 2d 0a cd 0b  |.....$......-...|
0000eab0  17 3a 03 1d 32 08 1d 11  22 1d cd fa 0a 00 0a 01  |.:..2...".......|
0000eac0  00 48 01 01 00 19 eb 2b  73 23 72 21 04 1d 3a 08  |.H.....+s#r!..:.|
0000ead0  1d be d2 2a 0a 2a 08 1d  26 00 01 9f 1c 09 7e 32  |...*.*..&.....~2|
0000eae0  21 1d 3a 08 1d 3c 32 08  1d cd d9 15 c3 06 0a c3  |!.:..<2.........|
0000eaf0  eb 09 c3 e8 0a 3a 21 1d  fe 57 c2 3e 0a cd 76 15  |.....:!..W.>..v.|
0000eb00  c3 e8 0a 3a 21 1d fe 58  c2 b3 0a cd 5a 0e cd 8e  |...:!..X....Z...|
0000eb10  12 1f d2 5c 0a cd 45 0e  01 95 1a cd 65 0c c3 b0  |...\..E.....e...|
0000eb20  0a 3a 37 1b 2f 1f d2 83  0a cd 45 0e 21 37 1b 36  |.:7./.....E.!7.6|
0000eb30  01 01 95 1a cd 65 0c 01  95 1a cd 95 0c 3a 78 1b  |.....e.......:x.|
0000eb40  fe ff c2 83 0a cd 2d 0d  cd b7 12 2a 26 1d 22 4b  |......-....*&."K|
0000eb50  1d 11 28 1d 01 4b 1d cd  ed 19 da b0 0a 2a 4b 1d  |..(..K.......*K.|
0000eb60  01 4d 1d 09 4e cd 94 0f  11 01 00 2a 4b 1d 19 22  |.M..N......*K.."|
0000eb70  4b 1d d2 8c 0a c3 e8 0a  3a 21 1d fe 5a c2 dd 0a  |K.......:!..Z...|
0000eb80  cd 8e 12 1f d2 cd 0a cd  f3 0a fe 1a c2 cd 0a c3  |................|
0000eb90  f5 02 cd a2 12 1f d2 da  0a cd 3a 18 c3 cd 0a c3  |..........:.....|
0000eba0  e8 0a 3a 21 1d fe 00 ca  e8 0a c3 e2 02 c3 ee 0a  |..:!............|
0000ebb0  c3 e2 02 c3 27 03 fb 76  11 00 00 0e 01 cd 05 00  |....'..v........|
0000ebc0  c9 21 67 1b 71 0a 00 0b  01 00 fe 01 01 00 3a 66  |.!g.q.........:f|
0000ebd0  1b 1f d2 08 0b c9 2a 67  1b 26 00 eb 0e 02 cd 05  |......*g.&......|
0000ebe0  00 c9 21 6c 1b 71 3a 6c  1b fe 20 da 24 0b 21 68  |..!l.q:l.. .$.!h|
0000ebf0  1b 34 3a 6c 1b fe 0a c2  31 0b 21 68 1b 36 00 2a  |.4:l....1.!h.6.*|
0000ec00  6c 1b 4d cd fc 0a c9 3a  68 1b fe 00 c2 42 0b c9  |l.M....:h....B..|
0000ec10  0e 08 cd 14 0b 0e 20 cd  14 0b 0e 08 cd 14 0b 21  |...... ........!|
0000ec20  68 1b 35 35 c9 21 6d 1b  71 3a 6d 1b d6 09 d6 01  |h.55.!m.q:m.....|
0000ec30  9f f5 3a 68 1b e6 07 4f  3e 07 91 c1 48 a1 32 6e  |..:h...O>...H.2n|
0000ec40  1b 79 1f d2 7d 0b 21 6d  1b 36 20 21 6f 1b 36 00  |.y..}.!m.6 !o.6.|
0000ec50  3a 6e 1b 21 6f 1b be da  9a 0b 2a 6d 1b 4d cd 14  |:n.!o.....*m.M..|
0000ec60  0b 21 6f 1b 34 c2 82 0b  c9 21 70 1b 71 3a 70 1b  |.!o.4....!p.q:p.|
0000ec70  fe 20 da aa 0b 3e 01 c9  3a 70 1b d6 0d d6 01 9f  |. ...>..:p......|
0000ec80  f5 3a 70 1b d6 0a d6 01  9f c1 48 b1 f5 3a 70 1b  |.:p.......H..:p.|
0000ec90  d6 09 d6 01 9f c1 48 b1  c9 21 71 1b 71 2a 71 1b  |......H..!q.q*q.|
0000eca0  4d cd 9b 0b 1f da e7 0b  0e 5e cd 57 0b 3a 71 1b  |M........^.W.:q.|
0000ecb0  c6 40 32 71 1b 2a 71 1b  4d cd 57 0b c9 0e 0d cd  |.@2q.*q.M.W.....|
0000ecc0  cb 0b 0e 0a cd cb 0b c9  21 73 1b 70 2b 71 0a 00  |........!s.p+q..|
0000ecd0  0c 01 00 84 01 01 00 2a  72 1b eb 0e 09 cd 05 00  |.......*r.......|
0000ece0  c9 21 75 1b 70 2b 71 cd  ef 0b 2a 74 1b 44 4d cd  |.!u.p+q...*t.DM.|
0000ecf0  fa 0b c9 21 77 1b 70 2b  71 2a 76 1b eb 0e 0a cd  |...!w.p+q*v.....|
0000ed00  05 00 c9 21 7a 1b 70 2b  71 2a 79 1b eb 0e 0f cd  |...!z.p+q*y.....|
0000ed10  05 00 32 78 1b c9 21 7c  1b 70 2b 71 2a 7b 1b eb  |..2x..!|.p+q*{..|
0000ed20  0e 10 cd 05 00 32 78 1b  c9 21 7e 1b 70 2b 71 2a  |.....2x..!~.p+q*|
0000ed30  7d 1b eb 0e 11 cd 05 00  32 78 1b c9 21 80 1b 70  |}.......2x..!..p|
0000ed40  2b 71 2a 7f 1b eb 0e 13  cd 05 00 c9 21 82 1b 70  |+q*.........!..p|
0000ed50  2b 71 2a 81 1b eb 0e 14  cd 05 00 c9 21 84 1b 70  |+q*.........!..p|
0000ed60  2b 71 2a 83 1b eb 0e 15  cd 05 00 c9 21 86 1b 70  |+q*.........!..p|
0000ed70  2b 71 2a 85 1b eb 0e 16  cd 05 00 32 78 1b c9 21  |+q*........2x..!|
0000ed80  88 1b 70 2b 71 2a 87 1b  eb 0e 17 cd 05 00 c9 21  |..p+q*.........!|
0000ed90  89 1b 36 80 01 89 1b cd  1c 0c c9 11 00 00 0e 0b  |..6.............|
0000eda0  cd 05 00 1f d2 db 0c 11  00 00 0e 01 cd 05 00 3e  |...............>|
0000edb0  01 c9 3e 00 c9 11 00 00  0e 19 cd 05 00 c9 21 0d  |..>...........!.|
0000edc0  1c 71 2a 0d 1c 26 00 eb  0e 0e cd 05 00 c9 21 0f  |.q*..&........!.|
0000edd0  1c 70 2b 71 2a 0e 1c 0a  00 0d 01 00 a3 01 01 00  |.p+q*...........|
0000ede0  eb 0e 1a cd 05 00 c9 3a  37 1b 1f d2 14 0d 01 95  |.......:7.......|
0000edf0  1a cd 65 0c cd 00 00 c9  21 16 1c 70 2b 71 2a 15  |..e.....!..p+q*.|
0000ee00  1c 44 4d cd 0a 0c cd ef  0b cd 07 0d c9 01 3d 1b  |.DM...........=.|
0000ee10  cd 3f 0c 01 29 01 cd 18  0d c9 21 18 1c 70 2b 71  |.?..).....!..p+q|
0000ee20  2e 03 e5 2a 17 1c 44 4d  11 46 1b e1 0a 12 03 13  |...*..DM.F......|
0000ee30  2d c2 4c 0d c9 2a 39 1b  22 60 1b 21 00 00 22 62  |-.L..*9."`.!.."b|
0000ee40  1b 21 68 00 36 00 21 6a  00 36 00 21 7c 00 36 00  |.!h.6.!j.6.!|.6.|
0000ee50  2e 21 11 3d 1b 01 5c 00  0a 12 03 13 2d c2 78 0d  |.!.=..\.....-.x.|
0000ee60  21 65 1b 3a 64 1b be ca  a5 0d 2a 65 1b 4d cd e7  |!e.:d.....*e.M..|
0000ee70  0c 01 5c 00 cd 52 0c 3a  78 1b fe ff ca a5 0d 01  |..\..R.:x.......|
0000ee80  40 01 cd 18 0d 2a 64 1b  4d cd e7 0c 01 5c 00 cd  |@....*d.M....\..|
0000ee90  2c 0c 3a 78 1b fe ff c2  d7 0d 01 5c 00 cd 95 0c  |,.:x.......\....|
0000eea0  3a 78 1b fe ff c2 cb 0d  cd 2d 0d 01 56 01 cd 0a  |:x.......-..V...|
0000eeb0  0c cd ef 0b c3 f9 0d 3a  65 00 07 1f d2 eb 0d 01  |.......:e.......|
0000eec0  5f 01 cd 0a 0c cd ef 0b  c3 f9 0d 3a 66 00 07 1f  |_..........:f...|
0000eed0  d2 f9 0d 01 77 01 cd 18  0d 01 94 01 cd 3a 0d 01  |....w........:..|
0000eee0  0a 00 0e 01 00 4b 01 01  00 3d 1b cd 65 0c 21 65  |.....K...=..e.!e|
0000eef0  1b 3a 64 1b be ca 1c 0e  2a 65 1b 4d cd e7 0c 01  |.:d.....*e.M....|
0000ef00  3d 1b cd 65 0c 01 97 01  cd 3a 0d 01 3d 1b cd 65  |=..e.....:..=..e|
0000ef10  0c 01 3d 1b cd 95 0c 21  5d 1b 36 00 3a 78 1b fe  |..=....!].6.:x..|
0000ef20  ff c2 3e 0e cd 2d 0d 21  01 00 22 10 1c c9 21 37  |..>..-.!.."...!7|
0000ef30  1b 36 00 21 a1 1a 36 00  21 b5 1a 36 00 21 36 1b  |.6.!..6.!..6.!6.|
0000ef40  36 00 c9 2a 64 1b 4d cd  e7 0c 01 b6 1a cd f7 0c  |6..*d.M.........|
0000ef50  c9 cd d3 0e 2a 64 1b 4d  cd e7 0c 21 19 1c 36 00  |....*d.M...!..6.|
0000ef60  3a 38 1b 21 19 1c be da  cf 0e 2a 60 1b eb 2a 3b  |:8.!......*`..*;|
0000ef70  1b 19 44 4d cd f7 0c 01  5c 00 cd 75 0c 32 78 1b  |..DM....\..u.2x.|
0000ef80  fe 00 ca bb 0e 3e 01 21  78 1b be d2 a8 0e cd 2d  |.....>.!x......-|
0000ef90  0d 2a 60 1b eb 2a 3b 1b  19 36 1a 3a 38 1b 32 19  |.*`..*;..6.:8.2.|
0000efa0  1c c3 c5 0e 11 80 00 2a  60 1b 19 22 60 1b 3a 19  |.......*`.."`.:.|
0000efb0  1c 3c 32 19 1c c2 77 0e  cd d3 0e c9 21 00 00 22  |.<2...w.....!.."|
0000efc0  60 1b c9 01 39 1b 11 60  1b cd ed 19 da e9 0e cd  |`...9..`........|
0000efd0  68 0e 2a 60 1b eb 2a 3b  1b 19 7e 32 1a 1c fe 1a  |h.*`..*;..~2....|
0000efe0  ca 01 0f 2a 60 1b 23 22  60 0a 00 0f 01 00 e9 01  |...*`.#"`.......|
0000eff0  01 00 1b 3a 1a 1c c9 2a  65 1b 4d cd e7 0c 0e 07  |...:...*e.M.....|
0000f000  21 62 1b cd d3 19 2b eb  21 1c 1c 73 7b fe ff c2  |!b....+.!..s{...|
0000f010  21 0f c9 cd 66 0f 21 1b  1c 36 00 3a 1c 1c 21 1b  |!...f.!..6.:..!.|
0000f020  1c be da 62 0f 2a 62 1b  eb 2a 5e 1b 19 44 4d cd  |...b.*b..*^..DM.|
0000f030  f7 0c 01 3d 1b cd 85 0c  fe 00 ca 4e 0f cd 2d 0d  |...=.......N..-.|
0000f040  11 80 00 2a 62 1b 19 22  62 1b 3a 1b 1c 3c 32 1b  |...*b.."b.:..<2.|
0000f050  1c c2 29 0f cd 66 0f c9  21 00 00 22 62 1b c9 21  |..)..f..!.."b..!|
0000f060  1d 1c 71 01 39 1b 11 62  1b cd ed 19 da 80 0f cd  |..q.9..b........|
0000f070  05 0f 2a 62 1b eb 2a 5e  1b 19 3a 1d 1c 77 2a 62  |..*b..*^..:..w*b|
0000f080  1b 23 22 62 1b c9 21 1e  1c 71 3a 36 1b fe 80 da  |.#"b..!..q:6....|
0000f090  b6 0f cd 5a 0e 01 95 1a  cd 85 0c fe 00 ca b1 0f  |...Z............|
0000f0a0  cd 2d 0d 21 36 1b 36 00  2a 36 1b 26 00 01 b6 1a  |.-.!6.6.*6.&....|
0000f0b0  09 3a 1e 1c 77 3a 36 1b  3c 32 36 1b c9 21 4a 1b  |.:..w:6.<26..!J.|
0000f0c0  36 00 2a 62 1b 7d e6 7f  fe 00 ca ea 0f 3a 4a 1b  |6.*b.}.......:J.|
0000f0d0  3c 32 4a 1b 0e 1a cd 6d  0f c3 d0 0f cd 05 0f 01  |<2J....m........|
0000f0e0  3d 1b cd 3f 0c 3a 78 1b  fe ff c2 fe 0f cd 2d 0d  |=..?.:x.......-.|
0000f0f0  01 9a 0a 00 10 01 00 e7  01 01 00 01 cd 3a 0d cd  |.............:..|
0000f100  3b 10 2a 64 1b 4d cd e7  0c 2e 10 11 3d 1b 01 5c  |;.*d.M......=..\|
0000f110  00 0a 12 03 13 2d c2 16  10 01 3d 1b cd a8 0c cd  |.....-....=.....|
0000f120  3b 10 01 9d 01 cd 3a 0d  2a 65 1b 4d cd e7 0c 01  |;.....:.*e.M....|
0000f130  3d 1b cd a8 0c c9 2e 10  11 4d 1b 01 3d 1b 0a 12  |=........M..=...|
0000f140  03 13 2d c2 43 10 c9 21  0e 1d 71 3a 07 1d fe 00  |..-.C..!..q:....|
0000f150  ca 59 10 c9 2a 0e 1d 4d  cd cb 0b c9 21 11 1d 71  |.Y..*..M....!..q|
0000f160  3a 11 1d d6 61 9f 2f f5  3e 7a 21 11 1d 96 9f 2f  |:...a./.>z!..../|
0000f170  c1 48 a1 c9 21 12 1d 71  2a 12 1d 4d cd 61 10 1f  |.H..!..q*..M.a..|
0000f180  d2 8e 10 3a 12 1d e6 5f  c9 3a 12 1d c9 21 13 1d  |...:..._.:...!..|
0000f190  71 3a 0f 1d 1f d2 a5 10  2a 13 1d 4d cd 79 10 c9  |q:......*..M.y..|
0000f1a0  3a 13 1d c9 21 15 1d 70  2b 71 21 10 27 22 18 1d  |:...!..p+q!.'"..|
0000f1b0  21 17 1d 36 00 3e 00 11  18 1d cd fa 19 b5 ca 18  |!..6.>..........|
0000f1c0  11 2a 14 1d eb 2a 18 1d  cd aa 19 7b 32 16 1d 2a  |.*...*.....{2..*|
0000f1d0  14 1d eb 2a 18 1d cd aa  19 22 14 1d 2a 18 1d eb  |...*....."..*...|
0000f1e0  21 0a 00 cd aa 19 eb 22  18 1d 3a 16 1d d6 00 c6  |!......"..:.....|
0000f1f0  ff 9f 21 17 1d b6 1f d2  10 11 21 10 0a 01 8d 0a  |..!.......!.....|
0000f200  01 01 01 00 61 01 01 00  17 1d 36 01 3a 16 1d c6  |....a.....6.:...|
0000f210  30 4f cd cb 0b c3 15 11  0e 20 cd cb 0b c3 ba 10  |0O....... ......|
0000f220  c9 21 1b 1d 70 2b 71 3a  14 1c 2f 1f d2 28 11 c9  |.!..p+q:../..(..|
0000f230  2a 1a 1d 44 4d cd a9 10  0e 3a cd cb 0b 0e 20 cd  |*..DM....:.... .|
0000f240  cb 0b 3a 0c 1d 1f d2 49  11 0e 20 cd cb 0b c3 4e  |..:....I.. ....N|
0000f250  11 0e 2a cd cb 0b c9 2a  10 1c 44 4d cd 19 11 c9  |..*....*..DM....|
0000f260  3a 07 1d fe 00 ca 61 11  c9 cd 4f 11 c9 3e 00 21  |:.....a...O..>.!|
0000f270  07 1d be d2 ba 11 cd c4  0c 1f d2 78 11 c3 d7 02  |...........x....|
0000f280  21 07 1d 3a 09 1d be da  a6 11 3e 00 11 0a 1d cd  |!..:......>.....|
0000f290  fa 19 b5 ca a1 11 2a 0a  1d 2b 22 0a 1d 3e 00 cd  |......*..+"..>..|
0000f2a0  e3 19 b5 c2 a1 11 c3 d7  02 21 09 1d 36 00 3a 09  |.........!..6.:.|
0000f2b0  1d 3c 32 09 1d 3d 4f 06  00 21 1f 1c 09 4e cd 92  |.<2..=O..!...N..|
0000f2c0  10 c9 3a 0c 1d 1f d2 c9  11 cd f3 0a 4f cd 92 10  |..:.........O...|
0000f2d0  c9 3a 0d 1d 1f d2 17 12  21 0d 1d 36 00 3a 68 1b  |.:......!..6.:h.|
0000f2e0  d6 00 d6 01 9f 21 14 1c  a6 1f d2 00 12 01 6f 1a  |.....!........o.|
0000f2f0  11 24 1d cd ed 19 da fa  11 01 00 00 cd 19 11 c3  |.$..............|
0000f300  fd 11 cd 4f 11 c3 05 12  0a 01 02 01 00 b8 01 01  |...O............|
0000f310  00 0e 2a cd cb 0b cd b8  0c 21 0c 1c 36 00 0e 0a  |..*......!..6...|
0000f320  cd cb 0b 21 68 1b 36 00  21 8a 1b 3a 0c 1c 96 d6  |...!h.6.!..:....|
0000f330  01 9f 32 0d 1d 1f d2 33  12 2a 0c 1c 26 00 01 8b  |..2....3.*..&...|
0000f340  1b 09 36 0d 3a 0c 1c 3c  32 0c 1c 3d 4f 06 00 21  |..6.:..<2..=O..!|
0000f350  8b 1b 09 4e cd 92 10 c9  2a 64 1b 4d cd e7 0c 01  |...N....*d.M....|
0000f360  80 00 cd f7 0c c9 3a 94  1a fe 80 da 73 12 cd 47  |......:.....s..G|
0000f370  12 01 73 1a cd 75 0c fe  00 ca 6e 12 3e 1a c9 21  |..s..u....n.>..!|
0000f380  94 1a 36 00 3a 94 1a 3c  32 94 1a 3d 4f 06 00 21  |..6.:..<2..=O..!|
0000f390  80 00 09 4e cd 92 10 c9  21 ff ff 22 1c 1d c9 3e  |...N....!.."...>|
0000f3a0  00 11 1c 1d cd fa 19 b5  d6 01 9f c9 21 00 00 22  |............!.."|
0000f3b0  1c 1d c9 cd 8e 12 2f 1f  d2 b4 12 2a 1c 1d 2b 22  |....../....*..+"|
0000f3c0  1c 1d 3e 01 c9 3e 00 c9  21 01 00 22 12 1c 3a 20  |..>..>..!.."..: |
0000f3d0  1d fe 00 c2 df 12 2a 1c  1d 23 22 1c 1d 2a 22 1d  |......*..#"..*".|
0000f3e0  22 2a 1d 21 00 00 22 2e  1d 2b 22 2c 1d c3 f1 12  |"*.!.."..+",....|
0000f3f0  2a 24 1d 22 2a 1d 2a 6f  1a 22 2e 1d 21 01 00 22  |*$."*.*o."..!.."|
0000f400  2c 1d 21 33 1d 36 01 3a  33 1d 1f d2 7b 13 01 2e  |,.!3.6.:3...{...|
0000f410  1d 0a 01 03 01 00 16 01  01 00 11 2a 1d cd ed 19  |...........*....|
0000f420  b5 c6 ff 9f 32 32 1d 2a  2c 1d eb 2a 2a 1d 19 22  |....22.*,..**.."|
0000f430  30 1d 01 4d 1d 09 f5 7e  d6 0a c6 ff 9f c1 48 a1  |0..M...~......H.|
0000f440  1f d2 33 13 2a 30 1d 22  2a 1d c3 fd 12 2a 12 1c  |..3.*0."*....*..|
0000f450  2b 22 12 1c 2a 1c 1d 2b  22 1c 1d 3e 00 cd e3 19  |+"..*..+"..>....|
0000f460  b5 c6 ff 9f 32 33 1d 3a  32 1d 2f 1f d2 6b 13 21  |....23.:2./..k.!|
0000f470  33 1d 36 00 01 2c 1d 11  2a 1d cd ed 19 eb 2b 73  |3.6..,..*.....+s|
0000f480  23 72 c3 78 13 3a 33 1d  1f d2 78 13 2a 30 1d 22  |#r.x.:3...x.*0."|
0000f490  2a 1d c3 f6 12 3a 20 1d  fe 00 c2 93 13 2a 2a 1d  |*....: ......**.|
0000f4a0  22 26 1d 2a 22 1d 2b 22  28 1d c3 a1 13 2a 24 1d  |"&.*".+"(....*$.|
0000f4b0  23 22 26 1d 2a 2a 1d 23  22 28 1d c9 2a 22 1d 23  |#"&.**.#"(..*".#|
0000f4c0  22 22 1d c9 2a 24 1d 23  22 24 1d c9 2a 22 1d 2b  |""..*$.#"$..*".+|
0000f4d0  22 22 1d c9 2a 24 1d 2b  22 24 1d c9 2a 10 1c 23  |""..*$.+"$..*..#|
0000f4e0  22 10 1c c9 21 34 1d 71  11 4d 1d 2a 22 1d 19 e5  |"...!4.q.M.*"...|
0000f4f0  2a 24 1d 19 e5 3a 20 1d  fe 01 c2 12 14 2a 28 1d  |*$...: ......*(.|
0000f500  79 1f da f1 13 22 24 1d  e1 e1 c9 19 44 4d e1 d1  |y...."$.....DM..|
0000f510  7d 91 7c 98 d2 43 14 23  7e fe 0a 01 04 01 00 be  |}.|..C.#~.......|
0000f520  01 01 00 0a c2 0d 14 e5  2a 10 1c 23 22 10 1c e1  |........*..#"...|
0000f530  12 13 c3 f6 13 2a 26 1d  19 44 4d e1 d1 79 93 78  |.....*&..DM..y.x|
0000f540  9a d2 43 14 1b 1a fe 0a  c2 31 14 e5 2a 10 1c 2b  |..C......1..*..+|
0000f550  22 10 1c e1 f5 3a 34 1d  1f d2 3f 14 f1 77 2b c3  |"....:4...?..w+.|
0000f560  1a 14 f1 c3 1a 14 d5 11  b3 e2 19 22 24 1d e1 19  |..........."$...|
0000f570  22 22 1d c9 c9 0e 01 cd  ca 13 c9 0e 00 cd ca 13  |""..............|
0000f580  c9 cd b7 12 cd 52 14 c9  3a 20 1d fe 00 c2 97 14  |.....R..: ......|
0000f590  2a 24 1d 22 28 1d 11 22  1d 01 1c 1d cd ed 19 d2  |*$."(.."........|
0000f5a0  88 14 21 01 00 22 26 1d  c3 94 14 01 1c 1d 11 22  |..!.."&........"|
0000f5b0  1d cd ed 19 22 26 1d c3  c3 14 2a 22 1d 22 26 1d  |...."&....*"."&.|
0000f5c0  01 24 1d 11 6d 1a cd ed  19 11 1c 1d cd fd 19 da  |.$..m...........|
0000f5d0  b8 14 2a 6f 1a 22 28 1d  c3 c3 14 2a 1c 1d eb 2a  |..*o."(....*...*|
0000f5e0  24 1d 19 22 28 1d c9 01  24 1d 11 22 1d cd ed 19  |$.."(...$.."....|
0000f5f0  da d3 14 c3 ed 02 cd da  0e 4f cd 04 15 32 36 1d  |.........O...26.|
0000f600  fe 1a c2 e6 14 cd 9b 12  c9 2a 22 1d 01 4d 1d 09  |.........*"..M..|
0000f610  3a 36 1d 77 cd a2 13 3a  36 1d fe 0a c2 00 15 cd  |:6.w...:6.......|
0000f620  c2 13 c9 0a 01 05 01 00  8c 01 01 00 c3 c4 14 c9  |................|
0000f630  21 37 1d 71 3a 10 1d 1f  d2 17 15 2a 37 1d 4d cd  |!7.q:......*7.M.|
0000f640  92 10 c9 3a 37 1d c9 01  6f 1a 11 24 1d cd ed 19  |...:7...o..$....|
0000f650  da 2b 15 cd 9b 12 c9 cd  aa 13 2a 24 1d 01 4d 1d  |.+........*$..M.|
0000f660  09 7e 32 38 1d 4f cd 6d  0f 3a 38 1d fe 0a c2 49  |.~28.O.m.:8....I|
0000f670  15 cd c2 13 c9 c3 1b 15  c9 cd 87 12 cd a2 12 1f  |................|
0000f680  d2 75 15 01 24 1d 11 6f  1a cd ed 19 11 71 1a cd  |.u..$..o.....q..|
0000f690  fd 19 da 6f 15 cd 9b 12  c3 72 15 cd 1b 15 c3 50  |...o.....r.....P|
0000f6a0  15 c9 21 20 1d 36 00 21  01 00 22 26 1d 2a 24 1d  |..! .6.!.."&.*$.|
0000f6b0  22 28 1d cd 52 14 cd 8e  12 1f d2 94 15 cd 4d 15  |"(..R.........M.|
0000f6c0  cd a2 12 1f d2 a1 15 cd  1b 15 c3 94 15 01 28 1d  |..............(.|
0000f6d0  11 24 1d cd ed 19 d2 b5  15 21 20 1d 36 01 cd 52  |.$.......! .6..R|
0000f6e0  14 c9 cd 87 12 cd 76 15  c9 cd b6 15 cd da 0e 32  |......v........2|
0000f6f0  21 1d fe 1a ca d5 15 2a  21 1d 4d cd 6d 0f c3 c0  |!......*!.M.m...|
0000f700  15 cd cb 0f c9 01 24 1d  11 22 1d cd ed 19 b5 c2  |......$.."......|
0000f710  e9 15 c3 ed 02 2a 22 1d  01 4d 1d 09 3a 21 1d 77  |.....*"..M..:!.w|
0000f720  cd a2 13 3a 21 1d fe 0a  c2 02 16 cd 0a 01 06 01  |...:!...........|
0000f730  00 56 01 01 00 c2 13 c9  cd 65 11 32 21 1d d6 1a  |.V.......e.2!...|
0000f740  d6 01 9f f5 3a 21 1d d6  0d d6 01 9f f5 3a 0c 1d  |....:!.......:..|
0000f750  2f c1 48 a1 c1 48 b1 2f  c9 cd 03 16 1f d2 51 16  |/.H..H./......Q.|
0000f760  3a 21 1d fe 0c c2 40 16  21 21 1d 36 0d cd 52 16  |:!....@.!!.6..R.|
0000f770  21 21 1d 36 0a 3a 21 1d  fe 00 c2 4b 16 c3 e2 02  |!!.6.:!....K....|
0000f780  cd 52 16 c3 24 16 c9 2a  04 1d 26 00 01 9f 1c 09  |.R..$..*..&.....|
0000f790  3a 21 1d 77 3a 04 1d 3c  32 04 1d fe 64 da 6e 16  |:!.w:..<2...d.n.|
0000f7a0  c3 ed 02 c9 21 3a 1d 73  2b 71 2a 24 1d 22 3b 1d  |....!:.s+q*$.";.|
0000f7b0  21 3e 1d 36 00 3a 3e 1d  2f 11 3b 1d 01 6f 1a f5  |!>.6.:>./.;..o..|
0000f7c0  cd ed 19 9f c1 48 a1 1f  d2 e7 16 2a 3b 1d 23 22  |.....H.....*;.#"|
0000f7d0  28 1d 22 3b 1d 3a 39 1d  32 3d 1d 2a 3d 1d 26 00  |(.";.:9.2=.*=.&.|
0000f7e0  01 9f 1c 09 e5 2a 28 1d  01 4d 1d 09 d1 1a 96 d6  |.....*(..M......|
0000f7f0  01 9f 21 3a 1d f5 3a 3d  1d 96 d6 01 9f 32 3e 1d  |..!:..:=.....2>.|
0000f800  2f c1 48 a1 1f d2 e4 16  3a 3d 1d 3c 32 3d 1d 2a  |/.H.....:=.<2=.*|
0000f810  28 1d 23 22 28 1d c3 a6  16 c3 80 16 3a 3e 1d 1f  |(.#"(.......:>..|
0000f820  d2 f8 16 2a 28 1d 2b 22  28 1d cd 52 14 3a 3e 1d  |...*(.+"(..R.:>.|
0000f830  c9 21 04 1d 36 0a 01 07  01 00 52 01 01 00 00 cd  |.!..6.....R.....|
0000f840  24 16 3a 04 1d 32 03 1d  c9 2a 03 1d eb 0e 00 cd  |$.:..2...*......|
0000f850  6f 16 2f 1f d2 1c 17 c3  d7 02 c9 2a 21 1d 4d cd  |o./........*!.M.|
0000f860  79 10 f5 3a 94 1a 3c 32  94 1a 3d 4f 06 00 21 73  |y..:..<2..=O..!s|
0000f870  1a 09 c1 48 71 c9 2a 12  1c eb 2a 10 1c 19 44 4d  |...Hq.*...*...DM|
0000f880  cd 19 11 c9 cd b7 12 21  0c 1d 36 01 3a 20 1d fe  |.......!..6.: ..|
0000f890  01 c2 65 17 21 00 00 22  12 1c 2a 22 1d 22 3f 1d  |..e.!.."..*"."?.|
0000f8a0  c3 6b 17 2a 26 1d 22 3f  1d 2a 3f 1d 2b 01 4d 1d  |.k.*&."?.*?.+.M.|
0000f8b0  09 7e 32 41 1d d6 0a d6  01 9f f5 3a 68 1b d6 00  |.~2A.......:h...|
0000f8c0  c6 ff 9f c1 48 a1 1f d2  8f 17 cd ef 0b 2a 26 1d  |....H........*&.|
0000f8d0  22 3f 1d 11 28 1d 01 3f  1d cd ed 19 da d9 17 3a  |"?..(..?.......:|
0000f8e0  41 1d fe 0a c2 bd 17 cd  38 17 2a 12 1c 23 22 12  |A.......8.*..#".|
0000f8f0  1c cd c4 0c 1f d2 bd 17  c3 d7 02 2a 3f 1d 01 4d  |...........*?..M|
0000f900  1d 09 7e 32 41 1d 4f cd  cb 0b 11 01 00 2a 3f 1d  |..~2A.O......*?.|
0000f910  19 22 3f 1d d2 95 17 c9  21 17 00 22 1c 1d c9 2a  |."?.....!.."...*|
0000f920  1c 1d 22 1e 1d c9 2a 1e  1d 22 1c 1d c9 cd e1 17  |.."...*.."......|
0000f930  cd da 17 cd 5e 14 3a 20  1d 32 42 1d 21 20 0a 01  |....^.: .2B.! ..|
0000f940  08 01 00 04 01 01 00 1d  36 01 cd da 17 cd 46 17  |........6.....F.|
0000f950  3a 42 1d 32 20 1d 01 6f  1a 11 28 1d cd ed 19 b5  |:B.2 ..o..(.....|
0000f960  d6 01 9f f5 3e 01 11 26  1d cd fa 19 b5 d6 01 9f  |....>..&........|
0000f970  c1 48 b1 1f d2 36 18 cd  9b 12 c3 39 18 cd e8 17  |.H...6.....9....|
0000f980  c9 21 43 1d 36 00 3e 13  21 43 1d be da 61 18 cd  |.!C.6.>.!C...a..|
0000f990  c4 0c 1f d2 52 18 c3 f5  02 3e fa cd 11 1a 3a 43  |....R....>....:C|
0000f9a0  1d 3c 32 43 1d c2 3f 18  c9 21 20 1d 36 01 21 01  |.<2C..?..! .6.!.|
0000f9b0  00 22 1c 1d c9 cd 87 12  cd a2 12 1f d2 90 18 01  |."..............|
0000f9c0  71 1a 11 22 1d cd ed 19  da 8a 18 cd 9b 12 c3 8d  |q.."............|
0000f9d0  18 cd c4 14 c3 71 18 c9  21 21 1d 36 0d cd d9 15  |.....q..!!.6....|
0000f9e0  21 21 1d 36 0a cd d9 15  c9 21 0f 1d 36 01 2a 21  |!!.6.....!..6.*!|
0000f9f0  1d 4d cd 61 10 32 44 1d  2a 21 1d 4d cd 92 10 32  |.M.a.2D.*!.M...2|
0000fa00  21 1d 3a 44 1d 2f 21 10  1d b6 2b 77 c9 21 0f 1d  |!.:D./!...+w.!..|
0000fa10  36 00 cd 65 11 32 21 1d  cd a2 18 c9 21 45 1d 71  |6..e.2!.....!E.q|
0000fa20  21 45 1d 3a 21 1d 96 d6  01 9f f5 3a 8a 1b d6 01  |!E.:!......:....|
0000fa30  d6 01 9f c1 48 a1 f5 3a  07 1d d6 00 d6 01 9f c1  |....H..:........|
0000fa40  48 a1 c9 21 46 1d 71 0a  01 09 01 00 62 01 01 00  |H..!F.q.....b...|
0000fa50  2a 46 1d 4d cd d5 18 1f  d2 38 19 cd ef 0b 2a 46  |*F.M.....8....*F|
0000fa60  1d 4d cd fc 0a 11 a0 01  0e 09 cd 05 00 cd f3 0a  |.M..............|
0000fa70  4f cd 79 10 32 46 1d cd  ef 0b 3a 46 1d fe 59 ca  |O.y.2F....:F..Y.|
0000fa80  35 19 c3 1a 03 3e 01 c9  3e 00 c9 3a 21 1d d6 30  |5....>..>..:!..0|
0000fa90  32 48 1d 4f 3e 09 91 9f  2f c9 21 00 00 22 1c 1d  |2H.O>.../.!.."..|
0000faa0  cd 3b 19 1f d2 75 19 2a  1c 1d 29 29 29 e5 2a 1c  |.;...u.*..))).*.|
0000fab0  1d 29 c1 09 e5 2a 48 1d  26 00 c1 09 22 1c 1d cd  |.)...*H.&..."...|
0000fac0  c6 18 c3 50 19 c9 11 10  1c 01 1c 1d cd ed 19 d2  |...P............|
0000fad0  98 19 21 20 1d 36 01 01  10 1c 11 1c 1d cd ed 19  |..! .6..........|
0000fae0  eb 2b 73 23 72 c3 a9 19  21 20 1d 36 00 01 1c 1d  |.+s#r...! .6....|
0000faf0  11 10 1c cd ed 19 22 1c  1d c9 44 4d 21 00 00 3e  |......"...DM!..>|
0000fb00  10 f5 29 eb 97 29 eb 8d  91 6f 7c 98 67 13 d2 c3  |..)..)...o|.g...|
0000fb10  19 09 1b f1 3d c2 b1 19  c9 5e 23 56 eb 29 0d c2  |....=....^#V.)..|
0000fb20  cd 19 c9 5e 23 56 eb 7c  b7 1f 67 7d 1f 6f 0d c2  |...^#V.|..g}.o..|
0000fb30  d7 19 c9 5f 16 00 7b 95  6f 7a 9c 67 c9 69 60 4e  |..._..{.oz.g.i`N|
0000fb40  23 46 1a 91 6f 13 1a 98  67 c9 6f 26 00 1a 95 6f  |#F..o...g.o&...o|
0000fb50  0a 01 0a 01 00 83 49 00  02 00 1d 13 1a 9c 67 c9  |......I.......g.|
0000fb60  5f 16 00 7b 96 5f 7a 23  9e 57 eb c9 06 0c 48 0d  |_..{._z#.W....H.|
0000fb70  c2 14 1a 3d c2 13 1a c9  01 2b 00 00 00 01 00 01  |...=.....+......|
0000fb80  04 20 20 00 03 4c 49 42  01 0b 00 00 00 0f 00 58  |.  ..LIB.......X|
0000fb90  24 24 24 24 24 24 24 4c  49 42 00 00 00 01 2e 1a  |$$$$$$$LIB......|
0000fba0  1a 0a 01 0b 01 00 52 01  01 00 00 cd 24 16 3a 04  |......R.....$.:.|
0000fbb0  1d 32 03 1d c9 2a 03 1d  eb 0e 00 cd 6f 16 2f 1f  |.2...*......o./.|
0000fbc0  d2 1c 17 c3 d7 02 c9 2a  21 1d 4d cd 79 10 f5 3a  |.......*!.M.y..:|
0000fbd0  94 1a 3c 32 94 1a 3d 4f  06 00 21 73 1a 09 c1 48  |..<2..=O..!s...H|
0000fbe0  71 c9 2a 12 1c eb 2a 10  1c 19 44 4d cd 19 11 c9  |q.*...*...DM....|
0000fbf0  cd b7 12 21 0c 1d 36 01  3a 20 1d fe 01 c2 65 17  |...!..6.: ....e.|
0000fc00  21 00 00 22 12 1c 2a 22  1d 22 3f 1d c3 6b 17 2a  |!.."..*"."?..k.*|
0000fc10  26 1d 22 3f 1d 2a 3f 1d  2b 01 4d 1d 09 7e 32 41  |&."?.*?.+.M..~2A|
0000fc20  1d d6 0a d6 01 9f f5 3a  68 1b d6 00 c6 ff 9f c1  |.......:h.......|
0000fc30  48 a1 1f d2 8f 17 cd ef  0b 2a 26 1d 22 3f 1d 11  |H........*&."?..|
0000fc40  28 1d 01 3f 1d cd ed 19  da d9 17 3a 41 1d fe 0a  |(..?.......:A...|
0000fc50  c2 bd 17 cd 38 17 2a 12  1c 23 22 12 1c cd c4 0c  |....8.*..#".....|
0000fc60  1f d2 bd 17 c3 d7 02 2a  3f 1d 01 4d 1d 09 7e 32  |.......*?..M..~2|
0000fc70  41 1d 4f cd cb 0b 11 01  00 2a 3f 1d 19 22 3f 1d  |A.O......*?.."?.|
0000fc80  d2 95 17 c9 21 17 00 22  1c 1d c9 2a 1c 1d 22 1e  |....!.."...*..".|
0000fc90  1d c9 2a 1e 1d 22 1c 1d  c9 cd e1 17 cd da 17 cd  |..*.."..........|
0000fca0  5e 14 3a 20 1d 32 42 1d  21 20 0a 01 0c 01 00 04  |^.: .2B.! ......|
0000fcb0  01 01 00 1d 36 01 cd da  17 cd 46 17 3a 42 1d 32  |....6.....F.:B.2|
0000fcc0  20 1d 01 6f 1a 11 28 1d  cd ed 19 b5 d6 01 9f f5  | ..o..(.........|
0000fcd0  3e 01 11 26 1d cd fa 19  b5 d6 01 9f c1 48 b1 1f  |>..&.........H..|
0000fce0  d2 36 18 cd 9b 12 c3 39  18 cd e8 17 c9 21 43 1d  |.6.....9.....!C.|
0000fcf0  36 00 3e 13 21 43 1d be  da 61 18 cd c4 0c 1f d2  |6.>.!C...a......|
0000fd00  52 18 c3 f5 02 3e fa cd  11 1a 3a 43 1d 3c 32 43  |R....>....:C.<2C|
0000fd10  1d c2 3f 18 c9 21 20 1d  36 01 21 01 00 22 1c 1d  |..?..! .6.!.."..|
0000fd20  c9 cd 87 12 cd a2 12 1f  d2 90 18 01 71 1a 11 22  |............q.."|
0000fd30  1d cd ed 19 da 8a 18 cd  9b 12 c3 8d 18 cd c4 14  |................|
0000fd40  c3 71 18 c9 21 21 1d 36  0d cd d9 15 21 21 1d 36  |.q..!!.6....!!.6|
0000fd50  0a cd d9 15 c9 21 0f 1d  36 01 2a 21 1d 4d cd 61  |.....!..6.*!.M.a|
0000fd60  10 32 44 1d 2a 21 1d 4d  cd 92 10 32 21 1d 3a 44  |.2D.*!.M...2!.:D|
0000fd70  1d 2f 21 10 1d b6 2b 77  c9 21 0f 1d 36 00 cd 65  |./!...+w.!..6..e|
0000fd80  11 32 21 1d cd a2 18 c9  21 45 1d 71 21 45 1d 3a  |.2!.....!E.q!E.:|
0000fd90  21 1d 96 d6 01 9f f5 3a  8a 1b d6 01 d6 01 9f c1  |!......:........|
0000fda0  48 a1 f5 3a 07 1d d6 00  d6 01 9f c1 48 a1 c9 21  |H..:........H..!|
0000fdb0  46 1d 71 0a 01 0d 01 00  76 05 00 01 80 00 e5 e5  |F.q.....v.......|
0000fdc0  0a 01 0e 01 00 76 05 00  01 80 00 e5 e5 0a 01 0f  |.....v..........|
0000fdd0  01 00 76 05 00 01 80 00  e5 e5 0a 01 10 01 00 76  |..v............v|
0000fde0  05 00 01 80 00 e5 e5 10  0b 00 93 0b 00 01 01 00  |................|
0000fdf0  66 01 01 00 00 00 00 31  d9 0b c3 0f 01 cd a4 01  |f......1........|
0000fe00  cd b4 05 cd 65 04 11 01  13 cd 77 06 3e 4c cd a3  |....e.....w.>L..|
0000fe10  04 11 09 08 cd 6b 06 16  50 0e 5f cd 9e 05 15 c2  |.....k..P._.....|
0000fe20  25 01 3a 5d 00 fe 20 c2  d1 01 cd a4 01 11 55 08  |%.:].. .......U.|
0000fe30  cd 6b 06 11 9d 08 cd 6b  06 06 0c cd ca 05 79 b7  |.k.....k......y.|
0000fe40  ca c1 03 11 5d 00 cd 83  01 11 bf 08 cd 6b 06 11  |....]........k..|
0000fe50  35 06 cd 6b 06 11 1d 0c  cd 77 06 06 0c cd ca 05  |5..k.....w......|
0000fe60  79 b7 11 3b 0b c2 7a 01  cd c3 01 c3 7d 01 cd 83  |y..;..z.....}...|
0000fe70  01 cd d3 04 c3 6c 02 0e  01 21 35 06 7e fe 24 c8  |.....l...!5.~.$.|
0000fe80  fe 2e ca 98 01 12 13 23  0c c3 88 01 23 79 fe 09  |.......#....#y..|
0000fe90  d2 88 01 0c 13 c3 99 01  21 5c 00 cd ad 01 21 3a  |........!\....!:|
0000fea0  0b 36 00 23 0e 0b 36 20  23 0d c2 b2 01 0e 15 36  |.6.#..6 #......6|
0000feb0  00 23 0d c2 bb 01 c9 0e  0b 21 5d 00 7e 12 23 13  |.#.......!].~.#.|
0000fec0  0d c2 c8 01 c9 3a 6d 00  fe 20 c2 df 01 11 6d 00  |.....:m.. ....m.|
0000fed0  cd c3 01 cd aa 01 11 6d  00 21 3b 0b 0e 0c 1a 13  |.......m.!;.....|
0000fee0  77 23 0d c2 ea 01 21 68  00 cd b9 01 21 5d 00 cd  |w#....!h....!]..|
0000fef0  5e 02 da 36 0b 00 02 01  00 ba 01 01 00 01 21 3b  |^..6..........!;|
0000ff00  0b cd 5e 02 da 36 01 11  9d 08 cd 6b 06 11 5d 00  |..^..6.....k..].|
0000ff10  cd 25 02 11 bf 08 cd 6b  06 11 3b 0b cd 25 02 c3  |.%.....k..;..%..|
0000ff20  6c 02 d5 11 55 02 cd 6b  06 d1 06 0b 1a 13 fe 20  |l...U..k....... |
0000ff30  ca 41 02 c5 4f cd 9e 05  c1 05 c2 2f 02 c9 c5 0e  |.A..O....../....|
0000ff40  2e cd 9e 05 c1 05 1a 13  fe 20 c2 36 02 05 c2 49  |......... .6...I|
0000ff50  02 c9 08 08 08 20 08 3a  20 20 24 06 0b 3e 3f be  |..... .:  $..>?.|
0000ff60  37 c8 23 05 c2 62 02 b7  c9 af 32 3a 0b 32 5c 00  |7.#..b....2:.2\.|
0000ff70  32 37 0b cd bf 05 11 3f  09 3e 0b cd 33 05 fe 41  |27.....?.>..3..A|
0000ff80  ca 09 01 fe 45 ca c1 03  cd 60 04 11 5c 00 cd 3d  |....E....`..\..=|
0000ff90  04 11 49 0a 3c ca a7 03  11 5b 0b cd 47 04 11 5b  |..I.<....[..G..[|
0000ffa0  0b cd 56 04 11 73 0a 3c  ca a7 03 11 5c 00 cd cc  |..V..s.<....\...|
0000ffb0  03 ca ba 02 cd 07 04 11  5d 09 3e 01 cd 33 05 cd  |........].>..3..|
0000ffc0  60 04 11 3a 0b cd 3d 04  3c ca e2 02 11 27 0a 3e  |`..:..=.<....'.>|
0000ffd0  03 cd 33 05 fe 41 ca 09  01 11 3a 0b cd 47 04 11  |..3..A....:..G..|
0000ffe0  3a 0b cd 56 04 11 73 0a  3c ca a7 03 11 7c 0b cd  |:..V..s.<....|..|
0000fff0  47 04 11 7c 0b cd 56 04  11 73 0a 3c ca 0b 00 03  |G..|..V..s.<....|
00010000  01 00 43 01 01 00 a7 03  cd 12 04 b7 11 a6 0a c2  |..C.............|
00010010  a7 03 11 3a 0b cd 42 04  11 d2 0a 3c ca a7 03 3a  |...:..B....<...:|
00010020  37 0b b7 c2 a4 03 11 1d  09 3e 01 cd 33 05 cd 60  |7........>..3..`|
00010030  04 11 5b 0b cd 3d 04 3c  c2 43 03 11 99 09 3e 01  |..[..=.<.C....>.|
00010040  cd 33 05 cd 60 04 c3 28  03 11 5c 00 cd 3d 04 3c  |.3..`..(..\..=.<|
00010050  ca 35 03 11 5c 00 cd cc  03 ca 59 03 cd 07 04 11  |.5..\.....Y.....|
00010060  5d 09 3e 01 cd 33 05 cd  60 04 11 7c 0b cd 3d 04  |].>..3..`..|..=.|
00010070  3c c2 7c 03 11 e0 09 3e  01 cd 33 05 cd 60 04 c3  |<.|....>..3..`..|
00010080  61 03 11 3a 0b cd 3d 04  3c ca 6e 03 cd 12 04 11  |a..:..=.<.n.....|
00010090  a6 0a b7 c2 a7 03 11 3a  0b cd 42 04 11 d2 0a 3c  |.......:..B....<|
000100a0  ca a7 03 3a 37 0b b7 ca  20 03 11 09 0b d5 11 7c  |...:7... ......||
000100b0  0b cd 47 04 d1 3e 0c cd  33 05 fe 4e ca 09 01 11  |..G..>..3..N....|
000100c0  7b 09 3e 01 cd 33 05 0e  0c cd 9e 05 cd b4 05 c3  |{.>..3..........|
000100d0  00 00 11 e1 08 cd 6b 06  21 00 00 22 38 0b 21 d9  |......k.!.."8.!.|
000100e0  0b eb 2a 06 00 01 80 ff  09 eb 7d 93 7c 9a d0 e5  |..*.......}.|...|
000100f0  eb cd 38 04 11 5c 00 cd  4c 04 b7 e1 c0 eb 2a 38  |..8..\..L.....*8|
00010100  0b 23 22 38 0b eb 0b 00  04 01 00 84 01 01 00 11  |.#"8............|
00010110  80 00 19 c3 db 03 3e ff  32 37 0b 11 5b 0b c3 47  |......>.27..[..G|
00010120  04 11 ff 08 cd 6b 06 11  d9 0b 2a 38 0b 7c b5 c8  |.....k....*8.|..|
00010130  2b e5 21 80 00 19 e5 cd  38 04 11 3a 0b cd 51 04  |+.!.....8..:..Q.|
00010140  d1 e1 b7 c0 c3 1e 04 0e  1a c3 05 00 0e 0f c3 05  |................|
00010150  00 0e 10 c3 05 00 0e 13  c3 05 00 0e 14 c3 05 00  |................|
00010160  0e 15 c3 05 00 0e 16 c3  05 00 0e 09 c3 05 00 0e  |................|
00010170  0d c3 05 00 11 8d 06 cd  6b 06 11 2c 07 cd 6b 06  |........k..,..k.|
00010180  cd 8d 04 11 4a 07 cd 6b  06 cd 8d 04 11 64 07 cd  |....J..k.....d..|
00010190  6b 06 cd 8d 04 11 69 07  cd 6b 06 c9 16 30 0e e4  |k.....i..k...0..|
000101a0  cd 9e 05 15 c2 8f 04 c9  1b 55 32 30 24 1b 55 37  |.........U20$.U7|
000101b0  30 24 f5 f5 11 99 04 cd  6b 06 c1 0e e4 cd 9e 05  |0$......k.......|
000101c0  05 c2 ac 04 11 e4 07 cd  6b 06 c1 11 fe 07 cd 6b  |........k......k|
000101d0  06 05 c2 bc 04 11 ce 07  cd 6b 06 11 9e 04 cd 6b  |.........k.....k|
000101e0  06 c9 0e 03 c5 1e 02 3e  13 81 57 cd 77 06 16 4b  |.......>..W.w..K|
000101f0  0e 20 cd 9e 05 15 c2 e1  04 c1 0d c2 d5 04 c9 1b  |. ..............|
00010200  59 36 5e 28 43 29 20 6f  6e 74 69 6e 75 65 24 0b  |Y6^(C) ontinue$.|
00010210  00 05 01 00 cc 01 01 00  1b 59 36 53 28 41 29 20  |.........Y6S(A) |
00010220  62 6f 72 74 24 1b 59 36  3b 28 4e 29 20 65 77 20  |bort$.Y6;(N) ew |
00010230  73 74 61 72 74 24 1b 59  36 4a 28 45 29 20 6e 64  |start$.Y6J(E) nd|
00010240  24 10 2f c3 02 2f cd 04  38 cd 1a f5 d5 cd d3 04  |$./../..8.......|
00010250  11 05 14 cd 77 06 d1 cd  6b 06 f1 21 29 05 47 e6  |....w...k..!).G.|
00010260  08 ca 55 05 3a 23 05 11  1e 05 cd 93 05 78 e6 04  |..U.:#.......x..|
00010270  ca 64 05 3a 12 05 11 0d  05 cd 93 05 78 e6 02 ca  |.d.:........x...|
00010280  73 05 3a 05 05 11 00 05  cd 93 05 78 e6 01 ca 82  |s.:........x....|
00010290  05 3a f5 04 11 f0 04 cd  93 05 36 24 11 29 05 cd  |.:........6$.)..|
000102a0  45 06 32 32 05 f5 cd d3  04 f1 c9 77 23 e5 c5 cd  |E.22.......w#...|
000102b0  6b 06 c1 e1 78 c9 2a 01  00 2e 0c e9 2a 01 00 2e  |k...x.*.....*...|
000102c0  09 e9 e5 c5 0e 07 cd 9e  05 c1 e1 c9 0e 1b cd 9e  |................|
000102d0  05 0e 13 cd 9e 05 c9 0e  1b cd 9e 05 0e 12 cd 9e  |................|
000102e0  05 c9 21 35 06 0e 00 e5  c5 cd a4 05 c1 e1 fe 08  |..!5............|
000102f0  ca 21 06 fe 0d ca 1a 06  fe 20 da ea 05 fe 7f da  |.!....... ......|
00010300  f6 05 e5 c5 0e 07 cd 9e  05 c1 e1 c3 cf 05 5f 79  |.............._y|
00010310  b8 d2 ea 05 73 23 e5 c5  0b 00 06 01 00 43 01 01  |....s#.......C..|
00010320  00 d5 79 b7 c2 10 06 0e  1b cd 9e 05 0e 4b cd 9e  |..y..........K..|
00010330  05 c1 cd 9e 05 c1 e1 0c  c3 cf 05 36 24 c9 08 20  |...........6$.. |
00010340  08 24 79 b7 ca ea 05 0d  2b e5 c5 11 1d 06 cd 6b  |.$y.....+......k|
00010350  06 c1 e1 c3 cf 05 3b ca  f9 30 fe 21 cc 28 0b fe  |......;..0.!.(..|
00010360  0d ca 16 31 77 2b d5 cd  a4 05 fe 61 da 55 06 fe  |...1w+.....a.U..|
00010370  7e d2 55 06 d6 20 d1 62  6b 4f 7e 23 fe 24 ca 65  |~.U.. .bkO~#.$.e|
00010380  06 b9 c8 c3 59 06 cd aa  05 c3 45 06 1a fe 24 c8  |....Y.....E...$.|
00010390  4f cd 9e 05 13 c3 6b 06  0e 1b cd 9e 05 0e 59 cd  |O.....k.......Y.|
000103a0  9e 05 7a cd 86 06 7b c6  20 4f cd 9e 05 c9 1b 53  |..z...{. O.....S|
000103b0  31 0c 1b 55 34 30 54 52  49 55 4d 50 48 20 41 44  |1..U40TRIUMPH AD|
000103c0  4c 45 52 1b 59 20 65 61  6c 70 68 61 74 72 6f 6e  |LER.Y ealphatron|
000103d0  69 63 1b 55 32 30 df 20  20 20 4f 4f 4f 4f 4f 20  |ic.U20.   OOOOO |
000103e0  4f 4f df 0d 0a df 20 20  20 20 47 27 20 5f 3e 23  |OO....    G' _>#|
000103f0  40 df 0d 0a df 20 20 5f  3e 21 20 47 2f 2c 2c 40  |@....  _>! G/,,@|
00010400  df 0d 0a df 20 20 23 20  20 22 21 20 20 20 23 df  |....  #  "!   #.|
00010410  1b 59 21 66 df 5f 4f 4f  30 20 5f 4f 4f df 1b 59  |.Y!f._OO0 _OO..Y|
00010420  22 0b 00 07 01 00 68 fb  00 02 00 b0 66 df 55 35  |".....h.....f.U5|
00010430  20 40 20 40 20 2a 25 df  1b 59 23 66 df 55 37 23  | @ @ *%..Y#f.U7#|
00010440  21 20 40 20 57 34 df 1b  59 25 66 1b 41 df 22 21  |! @ W4..Y%f.A."!|
00010450  20 20 20 22 23 23 df 24  1b 59 20 30 1b 55 34 30  |   "##.$.Y 0.U40|
00010460  e0 1b 42 1b 44 e5 1b 42  1b 44 e8 1b 42 1b 44 e5  |..B.D..B.D..B.D.|
00010470  1b 42 1b 44 e2 24 e3 1b  41 1b 44 e5 1b 41 1b 44  |.B.D.$..A.D..A.D|
00010480  e9 1b 41 1b 44 e5 1b 41  1b 44 e1 1b 59 20 31 24  |..A.D..A.D..Y 1$|
00010490  1b 59 22 31 24 1b 55 37  30 1b 59 21 35 46 20 20  |.Y"1$.U70.Y!5F  |
000104a0  49 20 20 4c 20 20 45 20  20 43 20 20 4f 20 20 50  |I  L  E  C  O  P|
000104b0  20 20 59 20 20 20 20 20  20 20 56 65 72 73 69 6f  |  Y       Versio|
000104c0  6e 20 20 31 2e 32 1b 59  23 35 43 6f 70 79 72 69  |n  1.2.Y#5Copyri|
000104d0  67 68 74 20 20 62 79 20  20 54 20 41 01 07 20 20  |ght  by  T A..  |
000104e0  00 42 30 35 2d 4d 61 72  2d 38 34 1b 42 1b 42 0d  |.B05-Mar-84.B.B.|
000104f0  0a 24 e2 1b 44 1b 41 e5  1b 44 1b 41 e5 1b 44 1b  |.$..D.A..D.A..D.|
00010500  41 e5 1b 44 1b 41 e0 24  e1 1b 42 1b 44 e5 1b 42  |A..D.A.$..B.D..B|
00010510  1b 44 e5 1b 42 1b 44 e5  1b 42 1b 44 e3 1b 44 1b  |.D..B.D..B.D..D.|
00010520  44 24 e4 1b 0b 00 08 01  00 fe 01 01 00 44 1b 44  |D$...........D.D|
00010530  24 1b 43 1b 42 24 1b 59  26 20 54 68 69 73 20 70  |$.C.B$.Y& This p|
00010540  72 6f 67 72 61 6d 20 69  73 20 64 65 73 69 67 6e  |rogram is design|
00010550  65 64 20 74 6f 20 63 6f  70 79 20 61 20 73 69 6e  |ed to copy a sin|
00010560  67 6c 65 20 66 69 6c 65  20 2d 20 75 73 69 6e 67  |gle file - using|
00010570  20 64 72 69 76 65 20 41  3a 20 6f 6e 6c 79 20 2e  | drive A: only .|
00010580  0d 24 1b 59 35 25 45 6e  74 65 72 20 66 69 6c 65  |.$.Y5%Enter file|
00010590  6e 61 6d 65 20 77 69 74  68 6f 75 74 20 64 72 69  |name without dri|
000105a0  76 65 20 63 6f 64 65 20  21 20 20 57 69 6c 64 20  |ve code !  Wild |
000105b0  63 61 72 64 73 20 61 72  65 20 6e 6f 74 20 70 65  |cards are not pe|
000105c0  72 6d 69 74 74 65 64 20  21 24 1b 59 2a 20 4e 61  |rmitted !$.Y* Na|
000105d0  6d 65 20 6f 66 20 73 6f  75 72 63 65 20 66 69 6c  |me of source fil|
000105e0  65 20 20 20 20 20 20 20  3f 20 20 24 1b 59 2c 20  |e       ?  $.Y, |
000105f0  4e 61 6d 65 20 6f 66 20  64 65 73 74 69 6e 61 74  |Name of destinat|
00010600  69 6f 6e 20 66 69 6c 65  20 20 3f 20 20 24 1b 59  |ion file  ?  $.Y|
00010610  35 40 1b 56 31 52 20 65  20 61 20 64 20 69 20 6e  |5@.V1R e a d i n|
00010620  20 67 20 2e 20 2e 20 2e  1b 56 30 24 1b 0b 00 09  | g . . ..V0$....|
00010630  01 00 57 01 01 00 59 35  40 1b 56 31 57 20 72 20  |..W...Y5@.V1W r |
00010640  69 20 74 20 69 20 6e 20  67 20 2e 20 2e 20 2e 1b  |i t i n g . . ..|
00010650  56 30 24 4f 70 65 72 61  74 69 6f 6e 20 73 74 69  |V0$Operation sti|
00010660  6c 6c 20 69 6e 20 70 72  6f 67 72 65 73 73 20 20  |ll in progress  |
00010670  21 20 20 20 20 49 6e 73  65 72 74 20 20 73 20 6f  |!    Insert  s o|
00010680  20 75 20 72 20 63 20 65  20 20 64 69 73 6b 65 74  | u r c e  disket|
00010690  74 65 24 49 6e 73 65 72  74 20 20 64 65 73 74 69  |te$Insert  desti|
000106a0  6e 61 74 69 6f 6e 20 20  64 69 73 6b 65 74 74 65  |nation  diskette|
000106b0  24 49 6e 73 65 72 74 20  20 73 20 79 20 73 20 74  |$Insert  s y s t|
000106c0  20 65 20 6d 20 20 64 69  73 6b 65 74 74 65 24 54  | e m  diskette$T|
000106d0  68 69 73 20 69 73 20 6e  6f 74 20 74 68 65 20 63  |his is not the c|
000106e0  6f 72 72 65 63 74 20 73  20 6f 20 75 20 72 20 63  |orrect s o u r c|
000106f0  20 65 20 64 69 73 6b 65  74 74 65 20 21 20 20 20  | e diskette !   |
00010700  20 20 43 68 61 6e 67 65  73 20 64 69 73 6b 65 74  |  Changes disket|
00010710  74 65 73 20 21 24 54 68  69 73 20 69 73 20 6e 6f  |tes !$This is no|
00010720  74 20 74 68 65 20 63 6f  72 72 65 63 74 20 64 65  |t the correct de|
00010730  73 74 69 6e 61 74 0b 00  0a 01 00 54 d1 00 02 00  |stinat.....T....|
00010740  49 69 6f 6e 20 64 69 73  6b 65 74 74 65 20 21 20  |Iion diskette ! |
00010750  20 20 20 20 43 68 61 6e  67 65 73 20 64 69 73 6b  |    Changes disk|
00010760  65 74 74 65 73 20 21 24  44 65 73 74 69 6e 61 74  |ettes !$Destinat|
00010770  69 6f 6e 20 66 69 6c 65  20 61 6c 72 65 61 64 79  |ion file already|
00010780  20 65 78 69 73 74 73 20  21 24 01 0c 20 20 00 12  | exists !$..  ..|
00010790  20 46 69 6c 65 20 20 6e  6f 74 20 20 66 6f 75 6e  | File  not  foun|
000107a0  64 24 01 08 20 20 00 23  44 69 72 65 63 74 6f 72  |d$..  .#Director|
000107b0  79 20 66 75 6c 6c 20 6f  6e 20 64 65 73 74 69 6e  |y full on destin|
000107c0  61 74 69 6f 6e 20 64 69  73 6b 24 01 0b 20 20 00  |ation disk$..  .|
000107d0  16 44 65 73 74 69 6e 61  74 69 6f 6e 20 64 69 73  |.Destination dis|
000107e0  6b 20 66 75 6c 6c 24 01  06 20 20 00 22 20 43 61  |k full$..  ." Ca|
000107f0  6e 6e 6f 74 20 63 6c 6f  73 65 2c 20 66 69 6c 65  |nnot close, file|
00010800  20 6d 61 79 20 62 65 20  77 72 69 74 65 20 70 0b  | may be write p.|
00010810  00 0b 01 00 df c7 00 02  00 09 72 6f 74 65 63 74  |..........rotect|
00010820  65 64 24 01 0a 20 20 00  4a 20 43 6f 70 79 20 6f  |ed$..  .J Copy o|
00010830  70 65 72 61 74 69 6f 6e  20 63 6f 6d 70 6c 65 74  |peration complet|
00010840  65 64 24 e1 23 22 79 3c  7e f6 28 77 cd 47 2d 22  |ed$.#"y<~.(w.G-"|
00010850  8a 3c 0e 00 c5 cd b2 2f  c1 0c fe 2c ca 19 35 af  |.<...../...,..5.|
00010860  77 2b 32 92 3c 32 98 00  46 49 4c 45 43 4f 50 59  |w+2.<2..FILECOPY|
00010870  53 52 43 01 0b 00 00 00  0b 46 49 4c 45 43 4f 50  |SRC......FILECOP|
00010880  59 44 53 54 01 0a 00 00  00 4b 00 e1 c3 d0 33 f1  |YDST.....K....3.|
00010890  cd 54 0b c4 92 04 2a 96  3c f5 c2 87 35 3a 98 3c  |.T....*.<...5:.<|
000108a0  3c 32 98 3c 11 16 3b 1a  3c 4f 1a 77 2b 13 0d c2  |<2.<..;.<O.w+...|
000108b0  8d 35 36 00 22 96 3c f1  fe 2c ca 73 35 e1 22 a8  |.56.".<..,.s5.".|
000108c0  3c c9 f1 e1 af 22 a8 32  98 00 46 49 4c 45 43 4f  |<....".2..FILECO|
000108d0  50 59 53 52 43 01 0b 00  00 00 03 46 49 4c 0b 00  |PYSRC......FIL..|
000108e0  0c 01 00 fe 01 01 00 44  1b 44 24 1b 43 1b 42 24  |.......D.D$.C.B$|
000108f0  1b 59 26 20 54 68 69 73  20 70 72 6f 67 72 61 6d  |.Y& This program|
00010900  20 69 73 20 64 65 73 69  67 6e 65 64 20 74 6f 20  | is designed to |
00010910  63 6f 70 79 20 61 20 73  69 6e 67 6c 65 20 66 69  |copy a single fi|
00010920  6c 65 20 2d 20 75 73 69  6e 67 20 64 72 69 76 65  |le - using drive|
00010930  20 41 3a 20 6f 6e 6c 79  20 2e 0d 24 1b 59 35 25  | A: only ..$.Y5%|
00010940  45 6e 74 65 72 20 66 69  6c 65 6e 61 6d 65 20 77  |Enter filename w|
00010950  69 74 68 6f 75 74 20 64  72 69 76 65 20 63 6f 64  |ithout drive cod|
00010960  65 20 21 20 20 57 69 6c  64 20 63 61 72 64 73 20  |e !  Wild cards |
00010970  61 72 65 20 6e 6f 74 20  70 65 72 6d 69 74 74 65  |are not permitte|
00010980  64 20 21 24 1b 59 2a 20  4e 61 6d 65 20 6f 66 20  |d !$.Y* Name of |
00010990  73 6f 75 72 63 65 20 66  69 6c 65 20 20 20 20 20  |source file     |
000109a0  20 20 3f 20 20 24 1b 59  2c 20 4e 61 6d 65 20 6f  |  ?  $.Y, Name o|
000109b0  66 20 64 65 73 74 69 6e  61 74 69 6f 6e 20 66 69  |f destination fi|
000109c0  6c 65 20 20 3f 20 20 24  1b 59 35 40 1b 56 31 52  |le  ?  $.Y5@.V1R|
000109d0  20 65 20 61 20 64 20 69  20 6e 20 67 20 2e 20 2e  | e a d i n g . .|
000109e0  20 2e 1b 56 30 24 1b 0b  00 0d 01 00 76 05 00 01  | ..V0$......v...|
000109f0  80 00 e5 e5 0b 00 0e 01  00 76 05 00 01 80 00 e5  |.........v......|
00010a00  e5 0b 00 0f 01 00 76 05  00 01 80 00 e5 e5 0b 00  |......v.........|
00010a10  10 01 00 76 05 00 01 80  00 e5 e5 10 0b 01 04 0b  |...v............|
00010a20  01 01 01 00 a7 01 01 00  c3 40 02 20 43 4f 50 59  |.........@. COPY|
00010a30  52 49 47 48 54 20 28 43  29 20 31 39 37 38 2c 20  |RIGHT (C) 1978, |
00010a40  44 49 47 49 54 41 4c 20  52 45 53 45 41 52 43 48  |DIGITAL RESEARCH|
00010a50  20 45 52 52 4f 52 3a 20  24 2c 20 4c 4f 41 44 20  | ERROR: $, LOAD |
00010a60  41 44 44 52 45 53 53 20  24 44 49 53 4b 20 52 45  |ADDRESS $DISK RE|
00010a70  41 44 24 49 4e 56 45 52  54 45 44 20 4c 4f 41 44  |AD$INVERTED LOAD|
00010a80  20 41 44 44 52 45 53 53  24 44 49 53 4b 20 57 52  | ADDRESS$DISK WR|
00010a90  49 54 45 24 4c 4f 41 44  20 20 41 44 44 52 45 53  |ITE$LOAD  ADDRES|
00010aa0  53 20 24 45 52 52 4f 52  20 41 44 44 52 45 53 53  |S $ERROR ADDRESS|
00010ab0  20 24 42 59 54 45 53 20  52 45 41 44 3a 24 49 4e  | $BYTES READ:$IN|
00010ac0  56 41 4c 49 44 20 48 45  58 20 44 49 47 49 54 24  |VALID HEX DIGIT$|
00010ad0  43 48 45 43 4b 20 53 55  4d 20 45 52 52 4f 52 20  |CHECK SUM ERROR |
00010ae0  24 46 49 52 53 54 20 41  44 44 52 45 53 53 20 24  |$FIRST ADDRESS $|
00010af0  4c 41 53 54 20 20 41 44  44 52 45 53 53 20 24 42  |LAST  ADDRESS $B|
00010b00  59 54 45 53 20 52 45 41  44 20 20 20 20 24 52 45  |YTES READ    $RE|
00010b10  43 4f 52 44 53 20 57 52  49 54 54 45 4e 20 24 48  |CORDS WRITTEN $H|
00010b20  45 58 00 43 41 4e 4e 4f  0b 01 02 01 00 1a 01 01  |EX.CANNO........|
00010b30  00 54 20 4f 50 45 4e 20  53 4f 55 52 43 45 24 43  |.T OPEN SOURCE$C|
00010b40  4f 4d 4e 4f 20 4d 4f 52  45 20 44 49 52 45 43 54  |OMNO MORE DIRECT|
00010b50  4f 52 59 20 53 50 41 43  45 24 43 41 4e 4e 4f 54  |ORY SPACE$CANNOT|
00010b60  20 43 4c 4f 53 45 20 46  49 4c 45 24 2a e7 07 f9  | CLOSE FILE$*...|
00010b70  c9 21 00 00 39 22 e7 07  21 65 0d f9 21 00 01 22  |.!..9"..!e..!.."|
00010b80  16 0c 21 00 04 22 0b 0c  01 5c 00 c5 1e 21 01 e9  |..!.."...\...!..|
00010b90  07 cd 22 04 01 f7 01 c5  1e 04 01 f2 07 cd 22 04  |.."...........".|
00010ba0  01 e9 07 cd 8a 03 3a 1a  0c fe ff c2 83 02 01 fb  |......:.........|
00010bb0  01 cd 64 03 01 0e 02 c5  1e 03 01 65 00 cd 22 04  |..d........e..".|
00010bc0  01 5c 00 cd cf 03 01 5c  00 cd ff 03 01 5c 00 cd  |.\.....\.....\..|
00010bd0  8a 03 3a 1a 0c fe ff c2  b2 02 01 11 02 cd 64 03  |..:...........d.|
00010be0  c3 c9 02 cd e4 04 01 5c  00 cd 9d 03 3a 1a 0c fe  |.......\....:...|
00010bf0  ff c2 c9 02 01 29 02 cd  64 03 cd e0 02 cd 3b 02  |.....)..d.....;.|
00010c00  c9 21 0d 0c 71 2a 0d 0c  26 00 eb 0e 02 cd 66 07  |.!..q*..&.....f.|
00010c10  c9 0e 0d cd d0 02 0e 0a  cd d0 02 c9 21 0e 0c 71  |............!..q|
00010c20  3e 09 21 0e 0c be d2 06  03 3a 0e 0c c6 41 d6 0a  |>.!......:...A..|
00010c30  4f 0b 01 03 01 00 52 01  01 00 cd d0 02 c3 0f 03  |O.....R.........|
00010c40  3a 0e 0c c6 30 4f cd d0  02 c9 21 0f 0c 71 3a 0f  |:...0O....!..q:.|
00010c50  0c e6 f8 1f 1f 1f 1f 4f  cd eb 02 3a 0f 0c e6 0f  |.......O...:....|
00010c60  4f cd eb 02 c9 21 11 0c  70 2b 71 2a 10 0c 7c 4f  |O....!..p+q*..|O|
00010c70  cd 10 03 2a 10 0c 7d 4f  cd 10 03 c9 21 13 0c 70  |...*..}O....!..p|
00010c80  2b 71 2a 12 0c eb 0e 09  cd 66 07 c9 21 15 0c 70  |+q*......f..!..p|
00010c90  2b 71 cd e0 02 2a 14 0c  44 4d cd 42 03 c9 21 19  |+q...*..DM.B..!.|
00010ca0  0c 70 2b 71 01 29 01 cd  52 03 2a 18 0c 44 4d cd  |.p+q.)..R.*..DM.|
00010cb0  42 03 01 31 01 cd 42 03  2a 16 0c 44 4d cd 2b 03  |B..1..B.*..DM.+.|
00010cc0  cd 3b 02 c9 21 1c 0c 70  2b 71 2a 1b 0c eb 0e 0f  |.;..!..p+q*.....|
00010cd0  cd 69 07 32 1a 0c c9 21  1e 0c 70 2b 71 2a 1d 0c  |.i.2...!..p+q*..|
00010ce0  eb 0e 10 cd 69 07 32 1a  0c c9 21 20 0c 70 2b 71  |....i.2...! .p+q|
00010cf0  2a 1f 0c eb 0e 11 cd 69  07 32 1a 0c c9 11 00 00  |*......i.2......|
00010d00  0e 12 cd 69 07 32 1a 0c  c9 21 22 0c 70 2b 71 2a  |...i.2...!".p+q*|
00010d10  21 0c eb 0e 13 cd 66 07  c9 21 24 0c 70 2b 71 2a  |!.....f..!$.p+q*|
00010d20  23 0c eb 0e 14 cd 69 07  c9 21 26 0c 70 2b 71 2a  |#.....i..!&.p+q*|
00010d30  25 0c eb 0e 15 cd 69 07  c9 21 0b 01 04 01 00 3e  |%.....i..!.....>|
00010d40  01 01 00 28 0c 70 2b 71  2a 27 0c eb 0e 16 cd 69  |...(.p+q*'.....i|
00010d50  07 32 1a 0c c9 21 2a 0c  70 2b 71 2a 29 0c eb 0e  |.2...!*.p+q*)...|
00010d60  17 cd 66 07 c9 21 2f 0c  73 2b 70 2b 71 2b d1 c1  |..f..!/.s+p+q+..|
00010d70  70 2b 71 d5 3a 2f 0c 3d  32 2f 0c fe ff ca 58 04  |p+q.:/.=2/....X.|
00010d80  2a 2b 0c e5 2a 2d 0c c1  0a 77 2a 2b 0c 23 22 2b  |*+..*-...w*+.#"+|
00010d90  0c 2a 2d 0c 23 22 2d 0c  c3 31 04 c9 2a 0b 0c 23  |.*-.#"-..1..*..#|
00010da0  22 0b 0c 11 ff 03 cd 96  07 da 72 04 2a 0b 0c 01  |".........r.*...|
00010db0  0a 08 09 7e c9 21 00 00  22 0b 0c 11 ff 03 21 0b  |...~.!..".....!.|
00010dc0  0c cd b8 07 da da 04 c3  97 04 11 80 00 2a 0b 0c  |.............*..|
00010dd0  19 22 0b 0c d2 78 04 c3  da 04 01 e9 07 cd df 03  |."...x..........|
00010de0  32 30 0c fe 00 c2 ba 04  01 80 00 c5 2a 0b 0c 01  |20..........*...|
00010df0  0a 08 09 44 4d 1e 80 cd  22 04 c3 d7 04 3a 30 0c  |...DM..."....:0.|
00010e00  fe 01 ca c8 04 01 41 01  cd 64 03 2a 0b 0c 01 0a  |......A..d.*....|
00010e10  08 09 36 1a 21 ff 03 22  0b 0c c3 87 04 21 00 00  |..6.!..".....!..|
00010e20  22 0b 0c 3a 0a 08 c9 21  00 00 22 36 0c 22 38 0c  |"..:...!.."6."8.|
00010e30  22 3a 0c 7d 32 3c 0d 21  00 01 22 34 0c 22 3d 0d  |":.}2<.!.."4."=.|
00010e40  21 0a 08 0b 01 05 01 00  50 01 01 00 36 1a cd 59  |!.......P...6..Y|
00010e50  04 fe 3a ca 0d 05 c3 02  05 21 32 0c 36 00 cd 3d  |..:......!2.6..=|
00010e60  07 32 31 0c fe 00 c2 20  05 c3 a1 05 3a 31 0c 11  |.21.... ....:1..|
00010e70  3a 0c cd 72 07 eb 2b 73  23 72 cd 3d 07 f5 cd 3d  |:..r..+s#r.=...=|
00010e80  07 5f c1 48 cd 4c 07 22  34 0c 22 16 0c 3e 00 11  |._.H.L."4."..>..|
00010e90  36 0c cd aa 07 b5 c2 53  05 2a 16 0c 22 36 0c cd  |6......S.*.."6..|
00010ea0  3d 07 32 33 0c 3a 31 0c  3d 32 31 0c fe ff ca 76  |=.23.:1.=21....v|
00010eb0  05 cd 3d 07 4f cd fd 05  2a 16 0c 23 22 16 0c c3  |..=.O...*..#"...|
00010ec0  59 05 11 38 0c 01 16 0c  cd 9d 07 d2 89 05 2a 16  |Y..8..........*.|
00010ed0  0c 2b 22 38 0c cd 2e 07  21 32 0c 86 fe 00 ca 9e  |.+"8....!2......|
00010ee0  05 01 a8 01 cd 52 03 cd  80 06 c3 02 05 2a 16 0c  |.....R.......*..|
00010ef0  22 34 0c 01 34 0c 11 3d  0d cd 9d 07 d2 c2 05 0e  |"4..4..=........|
00010f00  00 cd fd 05 2a 16 0c 23  22 16 0c c3 a7 05 01 b9  |....*..#".......|
00010f10  01 cd 52 03 2a 36 0c 44  4d cd 2b 03 01 c8 01 cd  |..R.*6.DM.+.....|
00010f20  52 03 2a 38 0c 44 4d cd  2b 03 01 d7 01 cd 52 03  |R.*8.DM.+.....R.|
00010f30  2a 3a 0c 44 4d cd 2b 03  01 e6 01 cd 52 03 2a 3c  |*:.DM.+.....R.*<|
00010f40  0d 4d cd 10 03 cd e0 02  c9 21 3f 0d 0b 01 06 01  |.M.......!?.....|
00010f50  00 9f 01 01 00 71 01 3d  0d 11 16 0c cd 9d 07 d2  |.....q.=........|
00010f60  13 06 01 4b 01 cd 64 03  11 ff 00 2a 3d 0d 19 eb  |...K..d....*=...|
00010f70  21 16 0c cd b8 07 d2 70  06 21 40 0d 36 00 3e 7f  |!......p.!@.6.>.|
00010f80  21 40 0d be da 58 06 2a  3d 0d 7d 4f 06 00 21 3c  |!@...X.*=.}O..!<|
00010f90  0c 09 e5 2a 40 0d 26 00  01 80 00 09 d1 1a 77 2a  |...*@.&.......w*|
00010fa0  3d 0d 23 22 3d 0d 21 40  0d 34 c2 29 06 21 3c 0d  |=.#"=.!@.4.).!<.|
00010fb0  34 01 5c 00 cd ef 03 fe  00 ca 6d 06 01 61 01 cd  |4.\.......m..a..|
00010fc0  64 03 c3 13 06 2a 16 0c  7d 4f 06 00 21 3c 0c 09  |d....*..}O..!<..|
00010fd0  3a 3f 0d 77 c9 01 6c 01  cd 52 03 2a 34 0c 44 4d  |:?.w..l..R.*4.DM|
00010fe0  cd 2b 03 01 7b 01 cd 52  03 2a 16 0c 44 4d cd 2b  |.+..{..R.*..DM.+|
00010ff0  03 01 8a 01 cd 52 03 cd  e6 06 01 16 0c 11 34 0c  |.....R........4.|
00011000  cd 9d 07 d2 df 06 2a 34  0c 7d e6 0f fe 00 c2 bf  |......*4.}......|
00011010  06 cd e6 06 01 3d 0d 11  34 0c cd 9d 07 01 3c 0c  |.....=..4.....<.|
00011020  09 4e cd 10 03 2a 34 0c  23 22 34 0c 0e 20 cd d0  |.N...*4.#"4.. ..|
00011030  02 c3 a5 06 cd e0 02 cd  3b 02 c9 cd e0 02 2a 34  |........;.....*4|
00011040  0c 44 4d cd 2b 03 0e 3a  cd d0 02 0e 20 cd d0 02  |.DM.+..:.... ...|
00011050  c9 cd 59 04 32 0b 01 07  01 00 d5 cb 00 02 00 c1  |..Y.2...........|
00011060  41 0d d6 30 4f 3e 09 b9  da 11 07 3a 41 0d d6 30  |A..0O>.....:A..0|
00011070  c9 3a 41 0d d6 41 4f 3e  05 b9 d2 26 07 01 96 01  |.:A..AO>...&....|
00011080  cd 52 03 cd 80 06 3a 41  0d d6 41 c6 0a c9 cd fc  |.R....:A..A.....|
00011090  06 87 87 87 87 f5 cd fc  06 c1 48 b1 c9 cd 2e 07  |..........H.....|
000110a0  32 42 0d 21 32 0c 86 77  3a 42 0d c9 21 44 0d 73  |2B.!2..w:B..!D.s|
000110b0  2b 71 2a 43 0d 26 00 0e  08 cd 8d 07 3a 44 0d cd  |+q*C.&......:D..|
000110c0  7f 07 c9 c3 00 00 c3 05  00 c3 05 00 cd 05 00 c9  |................|
000110d0  c9 c9 eb 5f 16 00 eb 1a  85 6f 13 1a 8c 67 c9 5f  |..._.....o...g._|
000110e0  16 00 7b b5 6f 7a b4 67  c9 5e 23 56 eb 29 0d c2  |..{.oz.g.^#V.)..|
000110f0  8d 07 c9 5f 16 00 7b 95  6f 7a 9c 67 c9 69 60 4e  |..._..{.oz.g.i`N|
00011100  23 46 1a 91 6f 13 1a 98  67 c9 6f 26 00 1a 95 6f  |#F..o...g.o&...o|
00011110  13 1a 9c 67 c9 5f 16 00  7b 96 5f 7a 23 9e 57 eb  |...g._..{._z#.W.|
00011120  c9 01 1f 1a 1a 00 01 1a  0b 01 08 01 00 3e 01 01  |.............>..|
00011130  00 28 0c 70 2b 71 2a 27  0c eb 0e 16 cd 69 07 32  |.(.p+q*'.....i.2|
00011140  1a 0c c9 21 2a 0c 70 2b  71 2a 29 0c eb 0e 17 cd  |...!*.p+q*).....|
00011150  66 07 c9 21 2f 0c 73 2b  70 2b 71 2b d1 c1 70 2b  |f..!/.s+p+q+..p+|
00011160  71 d5 3a 2f 0c 3d 32 2f  0c fe ff ca 58 04 2a 2b  |q.:/.=2/....X.*+|
00011170  0c e5 2a 2d 0c c1 0a 77  2a 2b 0c 23 22 2b 0c 2a  |..*-...w*+.#"+.*|
00011180  2d 0c 23 22 2d 0c c3 31  04 c9 2a 0b 0c 23 22 0b  |-.#"-..1..*..#".|
00011190  0c 11 ff 03 cd 96 07 da  72 04 2a 0b 0c 01 0a 08  |........r.*.....|
000111a0  09 7e c9 21 00 00 22 0b  0c 11 ff 03 21 0b 0c cd  |.~.!..".....!...|
000111b0  b8 07 da da 04 c3 97 04  11 80 00 2a 0b 0c 19 22  |...........*..."|
000111c0  0b 0c d2 78 04 c3 da 04  01 e9 07 cd df 03 32 30  |...x..........20|
000111d0  0c fe 00 c2 ba 04 01 80  00 c5 2a 0b 0c 01 0a 08  |..........*.....|
000111e0  09 44 4d 1e 80 cd 22 04  c3 d7 04 3a 30 0c fe 01  |.DM..."....:0...|
000111f0  ca c8 04 01 41 01 cd 64  03 2a 0b 0c 01 0a 08 09  |....A..d.*......|
00011200  36 1a 21 ff 03 22 0b 0c  c3 87 04 21 00 00 22 0b  |6.!..".....!..".|
00011210  0c 3a 0a 08 c9 21 00 00  22 36 0c 22 38 0c 22 3a  |.:...!.."6."8.":|
00011220  0c 7d 32 3c 0d 21 00 01  22 34 0c 22 3d 0d 21 0a  |.}2<.!.."4."=.!.|
00011230  08 0b 01 09 01 00 e5 cb  00 02 00 86 c3 10 03 00  |................|
00011240  02 18 0b 3d 2e 7e 3d 1b  01 ff 00 13 fe cb 00 2d  |...=.~=........-|
00011250  00 00 01 00 00 00 01 e5  00 7f 00 0a c9 2a 01 00  |.............*..|
00011260  54 21 2e 01 46 7e 2f 77  be 70 c2 38 01 23 7c ba  |T!..F~/w.p.8.#|.|
00011270  c2 28 01 c9 1e 3f 0e 02  c3 05 00 ff c9 ff ff ff  |.(...?..........|
00011280  ff ff ff ff c3 65 04 ff  ff ff ff ff c3 6a 04 ff  |.....e.......j..|
00011290  ff ff ff ff c3 2e 05 ff  ff ff ff ff 00 0f 02 80  |................|
000112a0  04 80 80 80 48 00 00 81  00 ff ff 00 04 1b 55 32  |....H.........U2|
000112b0  30 00 00 00 04 1b 55 34  30 00 00 00 3e c6 06 96  |0.....U40...>...|
000112c0  2e 00 01 05 ff ff 00 05  00 02 01 08 00 01 1d ff  |................|
000112d0  ff 00 31 ff 44 49 52 20  43 4f 50 59 20 52 45 4e  |..1.DIR COPY REN|
000112e0  41 4d 45 20 45 52 41 53  45 20 54 59 50 45 20 7f  |AME ERASE TYPE .|
000112f0  20 7f 20 7f 20 52 55 4e  20 43 50 4d 20 53 49 5a  | . . RUN CPM SIZ|
00011300  45 20 43 4f 0b 01 0a 01  00 7b 71 00 02 00 32 4d  |E CO.....{q...2M|
00011310  50 41 52 45 20 53 50 41  43 45 20 7f 20 54 45 53  |PARE SPACE . TES|
00011320  54 20 7f 20 7f 20 7f 20  50 52 4f 54 45 43 54 20  |T . . . PROTECT |
00011330  55 4e 50 52 4f 54 45 43  54 20 52 45 53 54 4f 52  |UNPROTECT RESTOR|
00011340  45 01 06 20 7f 00 08 20  6e 65 77 63 6f 64 65 01  |E.. ... newcode.|
00011350  0f 20 7f 00 05 20 63 6f  64 65 01 05 20 7f 00 08  |. ... code.. ...|
00011360  20 70 61 73 73 20 3f 20  01 3a 00 00 00 08 00 01  | pass ? .:......|
00011370  4d 45 4e 55 20 2d 01 04  00 00 00 01 00 0b 01 0b  |MENU -..........|
00011380  01 00 18 ff 00 02 00 15  c3 6d 3a c3 d2 3a c3 a4  |.........m:..:..|
00011390  3b c3 a3 38 23 3f 23 3f  c3 20 03 c9 3e 01 05 ff  |;..8#?#?. ..>...|
000113a0  ff 00 e1 ff 21 00 00 39  22 10 01 2a 0c 03 f9 af  |....!..9"..*....|
000113b0  c6 03 ea d5 20 2a 06 00  2e 00 e5 3a 6d 01 b7 28  |.... *.....:m..(|
000113c0  09 5f 3c 20 02 1e 08 7c  93 67 22 8e 14 3a 15 01  |._< ...|.g"..:..|
000113d0  b7 28 01 67 22 8e 14 22  c5 32 3a 17 01 b7 28 1a  |.(.g"..".2:...(.|
000113e0  32 00 00 4f 3e ff 91 4f  3e 38 91 16 00 5f 3e c3  |2..O>..O>8..._>.|
000113f0  12 21 6a 04 13 7d 12 13  7c 12 af 32 85 05 32 2f  |.!j..}..|..2..2/|
00011400  07 67 6f 22 b4 2e 0e 0c  cd 05 00 7d 32 a9 04 7c  |.go".......}2..||
00011410  b5 32 9d 0e ca c1 20 3e  ff 32 8d 06 5f cd 46 35  |.2.... >.2.._.F5|
00011420  f6 80 32 d3 11 32 86 0f  32 1b 39 2a 01 00 cd 8f  |..2..2..2.9*....|
00011430  0e 38 2d 21 cc 3d 22 fe  34 22 e0 32 22 ba 34 22  |.8-!.=".4".2".4"|
00011440  e0 28 22 2f 36 22 74 36  22 79 3c 22 9d 28 0e 31  |.("/6"t6"y<".(.1|
00011450  11 da 03 cd 05 00 7c b5  32 cd 04 c3 04 04 5d 00  |......|.2.....].|
00011460  11 15 00 19 11 03 00 22  fe 34 19 22 e0 32 19 22  |.......".4.".2."|
00011470  ba 34 19 22 e0 28 19 19  22 2f 36 19 22 74 36 19  |.4.".(.."/6."t6.|
00011480  22 79 3c 19 0b 01 0c 01  00 ff 01 01 00 22 9d 28  |"y<..........".(|
00011490  e1 3a 0d 01 5f cd 8f 0e  0e 2d d4 05 00 3a 69 01  |.:.._....-...:i.|
000114a0  f5 cd 6d 3a f1 32 69 01  ed 5b 0e 03 13 21 80 00  |..m:.2i..[...!..|
000114b0  46 78 32 35 06 23 3a 5d  00 fe 20 c4 66 3a eb 36  |Fx25.#:].. .f:.6|
000114c0  20 23 36 00 3a 5c 00 b7  cc 5f 38 32 5c 00 32 ad  | #6.:\..._82\.2.|
000114d0  26 3a 6a 01 32 bb 38 b7  fa 6a 04 b7 20 03 3a 5c  |&:j.2.8..j.. .:\|
000114e0  00 32 43 3e cd 3e 34 11  43 3e cd 92 33 32 bb 38  |.2C>.>4.C>..32.8|
000114f0  18 05 3e ff 32 27 32 2a  0c 03 f9 3e ff 32 0a 3c  |..>.2'2*...>.2.<|
00011500  3a 27 32 6f cd 1c 32 3a  35 06 b7 c2 5e 05 3a 1e  |:'2o..2:5...^.:.|
00011510  01 b7 fa 5e 05 a5 c2 5e  05 cd 1f 3b 0d 0d 09 4d  |...^...^...;...M|
00011520  45 4e 55 21 20 33 2e 30  38 20 6f 6e 20 43 50 2f  |ENU! 3.08 on CP/|
00011530  4d a0 cd 5a 0d 3e 22 1f  1f 1f 1f e6 0f c6 30 cd  |M..Z.>".......0.|
00011540  a4 3b 3e 2e cd a4 3b 3a  a9 04 e6 0f c6 30 cd a4  |.;>...;:.....0..|
00011550  3b cd a2 3b cd 8f 0e 38  0d 3e 00 b7 3e 4e cc a4  |;..;...8.>..>N..|
00011560  3b 3e 42 cd a4 3b cd 1f  3b 20 5a 0d 0d 43 6f 70  |;>B..;..; Z..Cop|
00011570  79 72 69 67 68 74 20 28  63 29 20 31 39 38 31 2c  |yright (c) 1981,|
00011580  20 38 32 2c 20 38 33 2c  20 38 34 20 62 0b 01 0d  | 82, 83, 84 b...|
00011590  01 00 d4 01 01 00 79 20  50 41 56 45 4c 20 42 52  |......y PAVEL BR|
000115a0  45 44 45 52 0d 09 41 6c  6c 20 72 69 67 68 74 73  |EDER..All rights|
000115b0  20 72 65 73 65 72 76 65  64 2e 20 30 34 2f 31 38  | reserved. 04/18|
000115c0  2f 38 34 0d 0d 20 20 20  20 46 6f 72 20 54 41 20  |/84..    For TA |
000115d0  41 4c 50 48 41 54 52 4f  4e 49 43 20 50 43 20 66  |ALPHATRONIC PC f|
000115e0  72 6f 6d 20 43 4f 4d 50  55 54 49 4e 47 21 1b 55  |rom COMPUTING!.U|
000115f0  34 30 0d 8d 2a 0c 03 f9  3a 35 06 b7 20 0f 3a 92  |40..*...:5.. .:.|
00011600  01 b7 f2 77 05 3e 20 32  bd 3b c3 71 23 2a 0c 03  |...w.> 2.;.q#*..|
00011610  f9 cd 54 0d 3a 0d 01 32  f3 36 3e 00 b7 28 0a 32  |..T.:..2.6>..(.2|
00011620  5c 00 3a 16 01 3d cc 1c  32 3a 16 01 3d 20 04 2f  |\.:..=..2:..= ./|
00011630  32 27 32 3a 8d 06 fe ff  28 0b f6 80 32 86 0f 32  |2'2:....(...2..2|
00011640  d3 11 cd 43 35 3a 25 09  b7 3a d3 11 c4 43 35 1e  |...C5:%..:...C5.|
00011650  ff cd 46 35 f6 80 32 d3  11 32 1e 10 3a 35 06 3c  |..F5..2..2..:5.<|
00011660  ca a0 20 21 5d 00 11 82  3e 06 0b 3e 3f 77 12 23  |.. !]...>..>?w.#|
00011670  13 10 fa 2a 0e 03 22 49  1f 3e ff 32 ff 08 32 bd  |...*.."I.>.2..2.|
00011680  14 3c 32 f0 1f 32 9e 1e  32 28 0c 32 2e 12 32 e1  |.<2..2..2(.2..2.|
00011690  16 32 4b 0a 32 25 0b 01  0e 01 00 a0 01 01 00 09  |.2K.2%..........|
000116a0  32 23 09 32 46 09 32 51  0f 32 85 05 32 93 0f 32  |2#.2F.2Q.2..2..2|
000116b0  1d 18 32 3a 1f 32 99 31  32 12 1c 32 af 1f 32 19  |..2:.2.12..2..2.|
000116c0  11 32 7c 00 67 6f 22 10  1d 22 88 2b 3a 5c 00 32  |.2|.go"..".+:\.2|
000116d0  ad 26 4f 3e 00 b7 28 07  3e ff 32 35 06 18 25 cd  |.&O>..(.>.25..%.|
000116e0  1a 3b af 32 d1 3b 32 bd  3b 79 cd 25 38 3a d3 11  |.;.2.;2.;y.%8:..|
000116f0  e6 7f 4f 3a 1c 01 b1 79  c4 6f 31 3a 07 01 cd a4  |..O:...y.o1:....|
00011700  3b cd a3 38 2a 0e 03 23  e5 cd 77 0d e1 cd 7e 0e  |;..8*..#..w...~.|
00011710  3a d1 3b 3d 32 d1 3b cd  53 31 ca b1 06 fe 5b 28  |:.;=2.;.S1....[(|
00011720  2f cd b8 06 3e 00 b7 e5  c4 1f 32 3e ff fe ff 28  |/...>.....2>...(|
00011730  0b f6 80 32 86 0f 32 d3  11 cd 43 35 e1 af 32 86  |...2..2...C5..2.|
00011740  06 3d 32 8d 06 3a 5c 00  32 ad 26 cd 54 31 20 54  |.=2..:\.2.&.T1 T|
00011750  af 32 35 06 c3 5e 05 af  32 86 06 3d 32 8d 06 e5  |.25..^..2..=2...|
00011760  7e cd c2 3a fe 41 38 04  fe 51 38 06 7e cd a6 3a  |~..:.A8..Q8.~..:|
00011770  38 03 23 18 f7 e1 cd 0f  0f c0 7e cd c2 3a fe 41  |8.#.......~..:.A|
00011780  38 0c d6 40 32 86 06 23  7e cd 0f 0f 28 14 d5 c5  |8..@2..#~...(...|
00011790  cd 11 11 af 32 19 11 7d  eb 5f cd 28 23 c1 d1 0b  |....2..}._.(#...|
000117a0  01 0f 01 00 24 01 01 00  32 8d 06 23 c9 e5 06 00  |....$...2..#....|
000117b0  11 d0 01 af 32 29 07 7e  cd c2 3a eb be 28 09 4f  |....2).~..:..(.O|
000117c0  7e e6 7f cd c2 3a b9 79  eb c2 90 07 fe 20 20 5c  |~....:.y.....  \|
000117d0  3e 00 b7 ca a7 07 3e 00  b7 c2 a7 07 cd 1f 3b 09  |>.....>.......;.|
000117e0  07 70 61 73 73 77 6f 72  64 20 72 65 71 75 69 72  |.password requir|
000117f0  65 64 00 af 32 2f 07 cd  54 31 e5 11 80 01 cd 6b  |ed..2/..T1.....k|
00011800  07 cd 1f 3b 09 07 62 61  64 20 70 61 73 73 77 6f  |...;..bad passwo|
00011810  72 64 00 1a b7 28 0b 0f  0f 0f ee 97 be c0 13 23  |rd...(.........#|
00011820  18 f1 7e fe 20 c0 32 2f  07 c3 5e 05 1a 07 30 03  |..~. .2/..^...0.|
00011830  32 29 07 23 13 c3 0f 07  1a b7 28 0a 13 fe 20 20  |2).#......(...  |
00011840  f7 eb cd 54 31 eb ca b8  0e 04 e1 e5 c3 0b 07 78  |...T1..........x|
00011850  3c 32 59 16 e5 fe 09 20  51 e5 2a 8e 14 22 a4 14  |<2Y.... Q.*.."..|
00011860  25 25 75 22 db 07 23 36  20 e1 cd 54 31 28 3b 23  |%%u"..#6 ..T1(;#|
00011870  7e cd 0f 0f cc 53 31 28  31 fe 20 20 f2 cd 54 31  |~....S1(1.  ..T1|
00011880  28 28 11 00 00 13 01 00  00 13 7e 12 b7 28 14 cd  |((........~..(..|
00011890  0f 0f 20 04 cd 53 31 2b  23 13 0c 18 ed 4e 23 46  |.. ..S1+#....N#F|
000118a0  eb c5 c9 2a db 07 71 09  0b 01 10 01 00 21 01 01  |...*..q......!..|
000118b0  00 23 70 e1 d1 cd 54 31  28 75 fe 3d 20 0b 3a 5c  |.#p...T1(u.= .:\|
000118c0  00 32 93 0f cd 53 31 28  66 cd b8 06 3a d3 11 f5  |.2...S1(f...:...|
000118d0  3a 8d 06 fe ff 28 12 f6  80 32 86 0f 32 d3 11 e5  |:....(...2..2...|
000118e0  cd 43 35 e1 f1 32 8d 06  f5 f1 3a 86 06 b7 28 3f  |.C5..2....:...(?|
000118f0  3a 85 05 b7 20 06 3a 5c  00 32 85 05 3a 86 06 32  |:... .:\.2..:..2|
00011900  5c 00 3a 59 16 fe 19 ca  9c 0e cd 1c 32 cd 54 31  |\.:Y........2.T1|
00011910  28 1d fe 3d 20 19 cd 53  31 3a 5c 00 32 93 0f 28  |(..= ..S1:\.2..(|
00011920  08 23 7e 2b cd 0f 0f 28  a0 3a 85 05 32 5c 00 eb  |.#~+...(.:..2\..|
00011930  21 e5 3d 3a 59 16 be 7e  23 ca f5 07 23 23 3c 20  |!.=:Y..~#...##< |
00011940  f2 eb 3a 59 16 fe 10 20  0b 3a 4b 0a b7 28 05 c6  |..:Y... .:K..(..|
00011950  80 32 4b 0a cd 54 31 c4  0a 23 01 5c 00 c5 c4 cb  |.2K..T1..#.\....|
00011960  22 22 12 31 e1 06 0b 23  7e fe 3f 28 02 10 f8 32  |"".1...#~.?(...2|
00011970  4b 0f 3a 59 16 fe 1d ca  6c 2d fe 1c ca cc 2d fe  |K.:Y....l-....-.|
00011980  2c ca 4f 2e f5 cd 1a 3b  f1 fe 09 28 0e fe 01 28  |,.O....;...(...(|
00011990  15 af 32 25 09 32 23 09  c3 81 09 21 65 00 36 43  |..2%.2#....!e.6C|
000119a0  23 36 4f 23 36 4d cd 22  09 28 ed 7b b7 28 41 3e  |#6O#6M.".(.{.(A>|
000119b0  ff 10 0c 00 2c 0c 00 01  01 00 85 01 01 00 3c 32  |....,.........<2|
000119c0  ff 08 5f 3a 61 01 bb 7b  30 1c 3e ff 32 ff 08 3a  |.._:a..{0.>.2..:|
000119d0  23 09 b7 20 de 3a 59 16  fe 09 ca 80 33 c3 5e 05  |#.. .:Y.....3.^.|
000119e0  3e 00 1e 00 b3 c9 fe 10  38 07 3a 2f 07 b7 7b 28  |>.......8.:/..{(|
000119f0  d9 32 28 0c cd 43 35 3a  ff 08 b7 20 42 3a 23 09  |.2(..C5:... B:#.|
00011a00  b7 28 3c 3e 00 5f 3c 32  46 09 32 5c 00 3a f3 36  |.(<>._<2F.2\.:.6|
00011a10  b7 28 06 3a 60 01 b7 20  23 d5 0e 18 cd 05 00 d1  |.(.:`.. #.......|
00011a20  01 10 00 0d fa 17 09 22  75 09 cd 4c 31 78 04 bb  |......."u..L1x..|
00011a30  20 f1 21 00 00 cd 4c 31  30 c9 18 03 bb 38 da 2a  | .!...L10....8.*|
00011a40  0e 03 22 49 1f 21 00 00  22 3b 11 22 ab 0a cd 1c  |.."I.!..";."....|
00011a50  32 3e 00 b7 c2 39 33 11  5c 00 1a 32 81 3e 3a 4b  |2>...93.\..2.>:K|
00011a60  0f fe 3f 28 5d 3a 59 16  fe 09 20 56 3a 25 09 b7  |..?(]:Y... V:%..|
00011a70  20 50 3a 85 05 b7 20 4a  cd 92 33 20 48 3a 90 01  | P:... J..3 H:..|
00011a80  b7 fa fa 09 32 bd 14 5f  cd 28 23 3a d3 11 b7 28  |....2.._.(#:...(|
00011a90  11 e6 7f bb 28 0c 7b cd  43 35 11 5c 00 cd 95 33  |....(.{.C5.\...3|
00011aa0  20 23 3a 5c 00 5f 3a 91  01 bb 28 0c 32 5c 00 7b  | #:\._:...(.2\.{|
00011ab0  32 85 05 11 5c 00 18 c0  3a d3 11 b7 c4 43 0c 00  |2...\...:....C..|
00011ac0  02 01 00 1b 01 01 00 35  c3 80 33 cd 73 33 cd fe  |.......5..3.s3..|
00011ad0  31 54 5d 21 09 00 19 46  3a 59 16 23 4e fe 13 28  |1T]!...F:Y.#N..(|
00011ae0  20 fe 14 20 06 78 ee ff  47 18 16 41 fe 11 28 f5  | .. .x..G..A..(.|
00011af0  fe 12 28 0d fe 09 28 19  3a 4b 0f fe 3f 20 12 af  |..(...(.:K..? ..|
00011b00  47 38 57 3a 65 01 b7 20  04 79 17 38 4d 78 17 38  |G8W:e.. .y.8Mx.8|
00011b10  49 3e 00 b7 28 1a f5 d5  11 f6 ff 19 e6 0f 5f 16  |I>..(........._.|
00011b20  00 19 d1 f1 7e fa 66 0a  17 38 2f 18 03 17 30 2a  |....~.f..8/...0*|
00011b30  2a 49 1f 06 0b 13 36 00  23 36 00 23 1a 77 23 13  |*I....6.#6.#.w#.|
00011b40  10 fa 22 49 1f eb 2a ab  0a 23 22 ab 0a 29 19 24  |.."I..*..#"..).$|
00011b50  eb 2a 8e 14 cd 54 2d da  3a 31 2a 49 1f 36 ff 23  |.*...T-.:1*I.6.#|
00011b60  36 ff cd 20 34 c2 07 0a  2a 0e 03 23 7e 3c ca 77  |6.. 4...*..#~<.w|
00011b70  33 21 0f 00 23 22 cc 0a  ed 5b 0e 03 2a 49 1f 22  |3!..#"...[..*I."|
00011b80  20 0b 22 59 0b 23 23 01  0d 00 73 23 72 23 eb 09  | ."Y.##...s#r#..|
00011b90  eb e5 21 00 00 2b 22 cc  0a 7d b4 e1 20 ec 2a ab  |..!..+"..}.. .*.|
00011ba0  0a 23 22 46 0b 2b 7d b4  28 04 3a 04 01 b7 ca e2  |.#"F.+}.(.:.....|
00011bb0  0b cd 4c 31 b4 28 f7 7d  f6 01 6f 22 37 0b 23 22  |..L1.(.}..o"7.#"|
00011bc0  49 0b eb 2a 37 0b 7b 0c  00 03 01 00 5f 01 01 00  |I..*7.{....._...|
00011bd0  95 6f 7a 9c 67 22 34 0b  eb 2a 37 0b 19 22 1d 0b  |.oz.g"4..*7.."..|
00011be0  3e 0c cd 58 0b f2 45 0b  ed 5b 34 0b 21 10 00 01  |>..X..E..[4.!...|
00011bf0  e6 3f 29 09 eb 29 09 4e  1a eb 71 12 23 13 4e 1a  |.?)..).N..q.#.N.|
00011c00  eb 71 12 11 0f 00 21 01  00 7b 95 6f 7a 9c 67 fa  |.q....!..{.oz.g.|
00011c10  45 0b b5 20 c0 11 10 00  21 10 00 23 7b 95 7a 9c  |E.. ....!..#{.z.|
00011c20  f2 f8 0a 2a 37 0b 18 92  01 e6 3f 29 09 eb 29 09  |...*7.....?)..).|
00011c30  eb 4e 23 46 eb 5e 23 56  eb 5f 0a fe ff c8 e5 d5  |.N#F.^#V._......|
00011c40  11 0b 00 19 7e d1 e1 17  3e 00 ce 00 57 3a 59 16  |....~...>...W:Y.|
00011c50  fe 33 3a 04 01 20 06 fe  03 38 02 d6 02 fe 01 28  |.3:.. ...8.....(|
00011c60  31 fe 03 28 19 fe 05 30  29 e5 21 0b 00 09 7e e1  |1..(...0).!...~.|
00011c70  17 3e 00 ce 00 92 c0 3a  04 01 fe 02 28 14 e5 c5  |.>.....:....(...|
00011c80  16 0a 7b 92 5f 23 03 15  20 fb cd c2 0b c1 e1 c0  |..{._#.. .......|
00011c90  1e 0a 7e e6 7f 57 0a e6  7f ba 03 23 c0 1d 20 f2  |..~..W.....#.. .|
00011ca0  c9 cd 54 31 cd a6 3a da  b6 3d d6 30 32 04 01 c3  |..T1..:..=.02...|
00011cb0  5e 05 2a 46 0b 29 eb 2a  49 1f 19 22 49 1f cd 22  |^.*F.).*I.."I.."|
00011cc0  09 28 03 cd 1a 3b 3a 59  16 fe 01 28 0c fe 33 28  |.(...;:Y...(..3(|
00011cd0  0c 00 04 01 00 ea 01 01  00 37 3a 4b 0f fe 3f c2  |.........7:K..?.|
00011ce0  15 0f 3a 5c 00 cd 25 38  3a 25 09 b7 20 12 3a d3  |..:\..%8:%.. .:.|
00011cf0  11 e6 7f 20 0d 3a 86 0f  e6 7f 20 04 3a 1c 01 b7  |... .:.... .:...|
00011d00  3e 00 f5 c4 6f 31 cd 23  38 f1 28 05 fe 0a dc a2  |>...o1.#8.(.....|
00011d10  3b 3a 59 16 fe 01 3a 64  01 20 05 b7 f2 47 0c 3c  |;:Y...:d. ...G.<|
00011d20  e6 7f 32 99 31 ed 5b 3b  11 2a ab 0a cd 54 2d da  |..2.1.[;.*...T-.|
00011d30  1b 0f 2a 3b 11 29 eb 2a  20 0b 23 23 19 5e 23 56  |..*;.).* .##.^#V|
00011d40  eb e5 2a 3b 11 23 22 3b  11 e1 3a 59 16 fe 33 28  |..*;.#";..:Y..3(|
00011d50  25 fe 01 20 12 3a 0e 01  b7 28 1b fa 8e 0c cd 1f  |%.. .:...(......|
00011d60  3b 20 20 20 a0 18 0f e5  2a 3b 11 0e 30 cd c0 31  |;   ....*;..0..1|
00011d70  e1 3e 3d cd a4 3b e5 11  0a 00 19 7e 32 c5 0c 23  |.>=..;.....~2..#|
00011d80  3a 70 01 b7 7e 32 d6 0c  e1 28 04 b7 fc 5a 0d b7  |:p..~2...(...Z..|
00011d90  3e 28 fc a4 3b f4 a2 3b  23 23 cd 07 0d 3e 54 b7  |>(..;..;##...>T.|
00011da0  3e 2a fc a4 3b fa e0 0c  3a 70 01 b7 20 02 3e 20  |>*..;...:p.. .> |
00011db0  b7 3e 29 fc a4 3b f4 a2  3b cd 54 0d e5 d5 ed 5b  |.>)..;..;.T....[|
00011dc0  ab 0a 2a 3b 11 cd 54 2d  d1 e1 d2 1b 0f 3a 99 31  |..*;..T-.....:.1|
00011dd0  3d 32 99 31 ca f3 0b 3a  13 0c 00 05 01 00 a3 01  |=2.1...:........|
00011de0  01 00 01 cd a4 3b c3 4c  0c e5 d1 e5 c1 3a 6b 01  |.....;.L.....:k.|
00011df0  e6 07 28 13 e5 d5 5f 16  00 19 7e 17 38 07 2b 7e  |..(..._...~.8.+~|
00011e00  17 3f 30 01 af d1 e1 f5  3e 08 cd 45 0d 3a 59 16  |.?0.....>..E.:Y.|
00011e10  fe 33 20 03 f1 18 0e f1  3e 2e 28 06 3e 3e 30 02  |.3 .....>.(.>>0.|
00011e20  3e 3c cd a4 3b 3e 03 f5  7e 12 02 cd f2 39 23 13  |><..;>..~....9#.|
00011e30  03 f1 3d 20 f2 c9 e5 21  78 01 18 04 e5 21 70 01  |..= ...!x....!p.|
00011e40  c5 46 23 05 fa 73 0d e5  d5 c5 5e 0e 02 cd 05 00  |.F#..s....^.....|
00011e50  c1 d1 e1 18 ed c1 e1 af  c9 5e 1c 23 7e 1d c8 fe  |.........^.#~...|
00011e60  5b 20 f8 22 69 0e cd 53  31 c8 fe 5d c8 01 84 0d  |[ ."i..S1..]....|
00011e70  c5 cd c2 3a fe 2b 28 29  fe 2d 28 1e fe 22 ca 54  |...:.+().-(..".T|
00011e80  0e fe 31 38 47 fe 3a 30  43 e6 0f 47 3a 64 01 b7  |..18G.:0C..G:d..|
00011e90  78 f2 b4 0d f6 80 32 64  01 c9 cd c6 0d 32 4b 0a  |x.....2d.....2K.|
00011ea0  c9 cd c6 0d c6 80 18 f5  23 7e cd c2 3a 0e 09 fe  |........#~..:...|
00011eb0  52 28 17 0c fe 53 28 12  0c fe 58 28 0d fe 31 da  |R(...S(...X(..1.|
00011ec0  b6 3d fe 39 d2 b6 3d e6  0f c9 79 c9 e5 fe 56 21  |.=.9..=...y...V!|
00011ed0  67 01 28 5c fe 52 21 63  01 28 55 fe 53 21 65 01  |g.(\.R!c.(U.S!e.|
00011ee0  28 4e 0c 00 06 01 00 ac  01 01 00 fe 54 21 66 01  |(N..........T!f.|
00011ef0  28 47 fe 50 21 05 01 28  40 fe 55 21 25 09 28 39  |(G.P!..(@.U!%.(9|
00011f00  fe 58 28 5a fe 4d 21 6b  01 28 2e fe 51 21 2e 12  |.X(Z.M!k.(..Q!..|
00011f10  28 2a fe 24 21 f0 02 28  20 fe 46 21 90 01 28 19  |(*.$!..( .F!..(.|
00011f20  fe 5a 21 f0 1f 28 15 fe  2f 28 27 e1 fe 41 d8 fe  |.Z!..(../('..A..|
00011f30  45 d0 e6 0f 3d 32 62 01  c9 7e c6 80 77 e1 c9 23  |E...=2b..~..w..#|
00011f40  7e fe 22 c8 b7 2b c8 23  fe 0e c4 a4 3b cc 1a 3b  |~."..+.#....;..;|
00011f50  18 ed e5 21 00 00 36 20  23 36 00 e1 18 df 32 23  |...!..6 #6....2#|
00011f60  09 3a 5c 00 32 85 05 e1  c9 3a 05 01 b7 c8 e6 7f  |.:\.2....:......|
00011f70  3c 32 d1 3b 3e 20 32 bd  3b c9 3a 9d 0e b7 28 03  |<2.;> 2.;.:...(.|
00011f80  fe 30 d8 b7 c0 37 c9 3e  22 fe 16 38 16 3a 5c 00  |.0...7.>"..8.:\.|
00011f90  21 01 00 cd af 0e c3 5e  05 29 3d 20 fc eb 0e 25  |!......^.)= ...%|
00011fa0  c3 05 00 af 32 35 06 cd  1f 3b 09 07 63 6f 6d 6d  |....25...;..comm|
00011fb0  61 6e 64 73 bd 3a 92 01  b7 fa 5e 05 c2 71 23 cd  |ands.:....^..q#.|
00011fc0  1f 3b 2c 20 66 6f 72 20  6c 69 73 74 20 6f 66 20  |.;, for list of |
00011fd0  63 6f 6d 6d 61 6e 64 73  20 65 6e 74 65 72 3a a0  |commands enter:.|
00011fe0  af 21 d0 01 23 be 20 fc  2b 2b 7e 0c 00 07 01 00  |.!..#. .++~.....|
00011ff0  c2 01 01 00 fe 20 20 fa  23 7e b7 ca 5e 05 cd a4  |.....  .#~..^...|
00012000  3b 18 f5 fe 3a c8 fe 3b  c9 21 01 00 22 3b 11 3a  |;...:..;.!..";.:|
00012010  59 16 fe 33 ca 77 05 fe  01 20 08 cd 22 09 28 57  |Y..3.w... ..".(W|
00012020  c3 f5 08 2a 49 1f 23 22  49 1f ed 5b 3b 11 1b 7a  |...*I.#"I..[;..z|
00012030  b3 20 11 23 36 01 23 36  31 23 36 20 23 77 3e 4d  |. .#6.#61#6 #w>M|
00012040  fe 3f 20 29 3e 72 fe 2a  20 14 2a 49 1f 23 36 02  |.? )>r.* .*I.#6.|
00012050  23 36 31 23 36 2d 23 36  20 23 36 00 18 0f cd 1f  |#61#6-#6 #6.....|
00012060  3b 0d 73 65 6c 65 63 74  3f a0 cd a3 38 cd 7e 0e  |;.select?...8.~.|
00012070  2a 49 1f 23 7e 2b b7 28  4e 3e 80 32 3a 1f 3a 59  |*I.#~+.(N>.2:.:Y|
00012080  16 fe 02 c2 97 10 3e 00  b7 c2 2e 10 cd 1f 3b 0d  |......>.......;.|
00012090  0d 64 65 73 74 69 6e 61  74 69 6f 6e 20 64 72 69  |.destination dri|
000120a0  76 65 20 61 6e 64 2f 6f  72 20 75 73 65 72 20 ba  |ve and/or user .|
000120b0  2a 49 1f e5 16 00 3a 1d  01 5f 19 22 49 1f cd a3  |*I....:.._."I...|
000120c0  38 2a 49 1f 23 7e b7 ca  5e 05 cd 53 31 2b e5 23  |8*I.#~..^..S1+.#|
000120d0  7e cd 0f 0f 28 06 b7 20  f6 2b 36 3a e1 23 3a 8d  |~...(.. .+6:.#:.|
000120e0  06 5f cd b8 06 e1 22 49  1f 3a 8d 06 fe ff 20 08  |._...."I.:.... .|
000120f0  7b fe ff 3a 0c 00 08 01  00 9a 01 01 00 1e 10 28  |{..:...........(|
00012100  05 f6 80 32 3a 1f 3a 86  06 b7 28 0a f5 3a 1e 10  |...2:.:...(..:..|
00012110  32 8d 06 f1 18 15 3a 8d  06 3c 3e 80 32 8d 06 ca  |2.....:..<>.2...|
00012120  5e 05 3a 85 05 b7 20 03  3a 5c 00 32 a5 3e 5f 32  |^.:... .:\.2.>_2|
00012130  a5 3e 5f 21 5c 00 56 73  d5 cd 1c 32 d1 3a 94 09  |.>_!\.Vs...2.:..|
00012140  b7 c2 39 33 72 7a bb 20  68 3a 2e 12 b7 20 62 3a  |..93rz. h:... b:|
00012150  d3 11 5f 3a 3a 1f bb 20  1e cd 1f 3b 03 02 63 6f  |.._::.. ...;..co|
00012160  70 79 20 74 6f 20 73 61  6d 65 20 64 72 69 76 e5  |py to same driv.|
00012170  af 32 93 0f c3 8a 0f cd  1f 3b 0d 28 43 29 6f 70  |.2.......;.(C)op|
00012180  79 20 6f 72 20 28 4d 29  6f 76 65 ba cd bc 3a 32  |y or (M)ove...:2|
00012190  9e 1e 18 1d f5 af 32 a5  3e 32 2e 12 f1 fe 04 20  |......2.>2..... |
000121a0  10 cd 1f 3b 0d 07 45 52  41 53 c5 cd 18 1d c2 5e  |...;..ERAS.....^|
000121b0  05 cd 1a 3b cd 7e 0e 3a  59 16 fe 02 20 03 32 bd  |...;.~.:Y... .2.|
000121c0  3b 3a a5 3e b7 20 03 3a  81 3e f5 cd e4 34 2a 49  |;:.>. .:.>...4*I|
000121d0  1f 23 23 22 e9 10 af 6f  67 32 48 11 22 53 11 22  |.##"...og2H."S."|
000121e0  94 11 22 89 11 21 48 40  cd 54 31 22 e9 10 ca b8  |.."..!H@.T1"....|
000121f0  11 11 00 00 eb 1a d6 30  a7 fa 29 11 fe 0c 00 09  |.......0..).....|
00012200  01 00 1b 01 01 00 0a 3f  38 14 13 29 e5 29 29 c1  |.......?8..).)).|
00012210  09 4f 06 00 09 18 e7 3e  ff 32 19 11 18 dc 3e ff  |.O.....>.2....>.|
00012220  3c c8 eb 23 7e b7 ca b8  11 fe 20 20 f6 18 c2 3a  |<..#~.....  ...:|
00012230  19 11 3c c8 3a 3a 1f b7  fa 36 11 c0 eb 1b e5 d5  |..<.::...6......|
00012240  21 0f 00 cd 54 2d d1 e1  22 e9 10 38 d6 3e 00 fe  |!...T-.."..8.>..|
00012250  2d 20 09 13 ed 53 94 11  11 0c 00 13 cd 54 31 7e  |- ...S.......T1~|
00012260  32 48 11 fe 2d 20 10 cd  53 31 22 e9 10 20 08 e5  |2H..- ..S1".. ..|
00012270  2a 3b 11 22 94 11 e1 ed  53 53 11 13 6b 62 29 eb  |*;."....SS..kb).|
00012280  2a 20 0b 19 5e 23 56 eb  23 7e 2b b6 20 0b 11 01  |* ..^#V.#~+. ...|
00012290  00 13 ed 53 89 11 73 23  72 21 00 00 7d b4 ca e8  |...S..s#r!..}...|
000122a0  10 eb 2a 53 11 23 22 53  11 e5 cd 54 2d e1 5d 54  |..*S.#"S...T-.]T|
000122b0  38 c9 2b 22 53 11 ed 62  22 94 11 c3 e8 10 3a 3a  |8.+"S..b".....::|
000122c0  1f b7 fa c0 11 c0 21 00  00 22 71 1b 2c 22 3b 11  |......!.."q.,";.|
000122d0  2a 20 0b 23 23 22 49 1f  3e 80 b7 c4 43 35 2a 0e  |* .##"I.>...C5*.|
000122e0  03 cd 1a 3b 01 0d 00 18  01 09 23 7e 56 3c ca 5e  |...;......#~V<.^|
000122f0  05 2b 5e e5 2a 3b 11 e5  cd 54 2d 7c b5 d1 e1 20  |.+^.*;...T-|... |
00012300  e8 23 77 2b 77 13 0c 00  0a 01 00 dc 01 01 00 ed  |.#w+w...........|
00012310  53 3b 11 3a a5 3e b7 28  08 cd 20 38 3e 3d cd a4  |S;.:.>.(.. 8>=..|
00012320  3b 3a 5c 00 cd 20 38 11  82 3e 01 a6 3e 23 23 cd  |;:\.. 8..>..>##.|
00012330  0b 0d 2e 18 af 02 12 03  13 2d 20 f9 3e 00 b7 28  |.........- .>..(|
00012340  74 21 a6 3e 06 0b 36 3f  23 10 fb cd 1f 3b 09 6e  |t!.>..6?#....;.n|
00012350  65 77 20 6e 61 6d 65 ba  cd a3 38 2a 49 1f 23 cd  |ew name...8*I.#.|
00012360  53 31 28 21 cd 0a 23 20  16 cd 1f 3b 07 20 69 6c  |S1(!..# ...;. il|
00012370  6c 65 67 61 6c 20 6e 61  6d 65 0d 09 89 18 cc 01  |legal name......|
00012380  a5 3e cd cb 22 cd 1f 3b  0d 20 20 20 20 a0 11 82  |.>.."..;.    ...|
00012390  3e 21 a6 3e 06 0b 7e fe  3f 20 01 1a cd a4 3b 4f  |>!.>..~.? ....;O|
000123a0  1a b7 79 f2 99 12 f6 80  77 13 23 78 fe 04 3e 2e  |..y.....w.#x..>.|
000123b0  cc a4 3b 10 e1 21 ae 3e  11 6f 3e 06 03 cd 66 3a  |..;..!.>.o>...f:|
000123c0  3a 59 16 fe 03 28 0a 3a  63 01 b7 c4 18 1d c2 d2  |:Y...(.:c.......|
000123d0  11 3a 59 16 fe 09 20 2c  f5 3a 5c 00 32 81 3e 3a  |.:Y... ,.:\.2.>:|
000123e0  bd 14 b7 fa e2 12 cd 43  35 3a d3 11 e6 7f 32 bd  |.......C5:....2.|
000123f0  14 3a ff 08 b7 fa f4 12  cd 43 35 3a 86 0f e6 7f  |.:.......C5:....|
00012400  32 bd 14 f1 11 81 3e fe  17 ca b5 1a fe 0b c4 0c  |2.....>.........|
00012410  00 0b 01 00 94 01 01 00  58 34 3a a5 3e b7 c2 94  |........X4:.>...|
00012420  1d 67 6f 32 99 31 22 47  20 21 f0 00 22 11 1f cd  |.go2.1"G !.."...|
00012430  3e 34 11 81 3e 21 8a 3e  3a 59 16 4f fe 04 ca 8b  |>4..>!.>:Y.O....|
00012440  1b fe 0c ca e6 14 fe 0b  ca 9b 1c fe 03 ca be 1b  |................|
00012450  fe 10 ca 70 1d fe 13 ca  86 1d fe 14 ca 8a 1d 23  |...p...........#|
00012460  fe 12 ca 86 1d fe 11 ca  8a 1d fe 09 c2 d8 14 d5  |................|
00012470  3a bd 14 fe ff 20 07 3a  8d 06 fe ff 28 0a f6 80  |:.... .:....(...|
00012480  32 d3 11 e6 7f 32 bd 14  cd 1a 3b cd 9b 1c d1 cd  |2....2....;.....|
00012490  55 35 ed 5b a2 3e 2a db  07 24 d5 e5 eb 21 76 14  |U5.[.>*..$...!v.|
000124a0  3a ad 26 32 c9 14 06 5d  cd 66 3a e1 d1 e5 d5 25  |:.&2...].f:....%|
000124b0  25 0e 80 cd 3c 1d d1 cd  54 2d da 3a 31 af 32 12  |%...<...T-.:1.2.|
000124c0  1c e1 25 b6 c4 53 31 28  13 23 7e 2b cd 0f 0f 20  |..%..S1(.#~+... |
000124d0  0b 7e cd c2 3a d6 40 32  cc 13 23 23 3a dc 07 3c  |.~..:.@2..##:..<|
000124e0  47 0e 80 3e 00 02 cd cb  22 af 1e 05 02 03 1d 20  |G..>...."...... |
000124f0  fb cd 53 31 0b 23 7e 2b  28 0e cd 0f 0f 20 09 7e  |..S1.#~+(.... .~|
00012500  cd c2 3a d6 40 02 23 23  cd cb 22 af 1e 05 02 03  |..:.@.##..".....|
00012510  1d 20 fb 21 81 3e 11 5c  0c 00 0c 01 00 24 01 01  |. .!.>.\.....$..|
00012520  00 00 cd 64 3a 21 43 3e  11 a5 3e d5 cd 64 3a d1  |...d:!C>..>..d:.|
00012530  3a f0 02 b7 fa 5b 14 20  03 3a ad 26 12 d5 1e ff  |:....[. .:.&....|
00012540  cd 46 35 32 53 14 3a bd  14 fe ff c4 43 35 d1 cd  |.F52S.:.....C5..|
00012550  92 33 20 28 cd 28 34 21  f0 02 7e f5 54 5d 06 ff  |.3 (.(4!..~.T]..|
00012560  23 7e 04 b7 20 fa 78 32  f0 02 cd 41 34 cd 2a 38  |#~.. .x2...A4.*8|
00012570  cd 73 34 3e 00 cd 43 35  f1 32 f0 02 11 5c 00 cd  |.s4>..C5.2...\..|
00012580  58 34 2a db 07 24 24 f9  21 00 00 e5 2a db 07 24  |X4*..$$.!...*..$|
00012590  11 00 01 cd ea 20 e9 d5  0e 1a cd 05 00 11 5c 00  |..... ........\.|
000125a0  0e 14 cd 05 00 d1 21 80  00 19 eb b7 28 e9 21 00  |......!.....(.!.|
000125b0  cc 2e 00 25 25 7e 11 80  00 12 3c 47 23 13 7e 12  |...%%~....<G#.~.|
000125c0  10 fa af 12 21 00 00 2e  80 25 11 5c 00 06 24 7e  |....!....%.\..$~|
000125d0  12 23 13 10 fa 11 80 00  0e 1a cd 05 00 3e ff fe  |.#...........>..|
000125e0  80 30 06 5f 0e 20 cd 05  00 1e 00 1d 0e 0e cd 05  |.0._. ..........|
000125f0  00 c3 00 01 3a 78 3e b7  c9 cd 1f 3b 0d 8d 2a 11  |....:x>....;..*.|
00012600  1f 7d e6 0f 32 94 16 3a  59 16 b7 f2 f2 14 e6 7f  |.}..2..:Y.......|
00012610  c3 88 15 11 81 3e cd 93  34 b7 c2 3f 1b 3a 59 16  |.....>..4..?.:Y.|
00012620  fe 0c 00 0d 01 00 22 01  01 00 05 28 02 fe 0c 28  |......"....(...(|
00012630  76 3a 0c 01 b7 28 70 3a  a1 3e 3d 6f 26 00 3a 75  |v:...(p:.>=o&.:u|
00012640  3e 3c 4f cd 3c 1d 7b 32  17 35 3a 76 3e 4f 3a 8d  |><O.<.{2.5:v>O:.|
00012650  3e a1 4f 45 21 91 3e 28  09 3e 10 b7 1f 0d 20 fb  |>.OE!.>(.>.... .|
00012660  80 47 05 fa 45 15 23 cd  d3 14 28 f6 23 18 f3 7e  |.G..E.#...(.#..~|
00012670  5e 32 b4 36 cd d3 14 57  28 02 23 56 7a 32 b5 36  |^2.6...W(.#Vz2.6|
00012680  cd 0d 35 cd 79 28 cd 1f  3b 0d 0d 8d cd 29 2b cd  |..5.y(..;....)+.|
00012690  a2 3b 21 81 3e 7e cd 20  38 23 cd 07 0d cd a2 3b  |.;!.>~. 8#.....;|
000126a0  7e cd 89 31 cd 1a 3b 21  80 00 3a 59 16 fe 0c ca  |~..1..;!..:Y....|
000126b0  e7 16 f5 fe 06 28 06 fe  07 28 02 fe 08 cc f8 15  |.....(...(......|
000126c0  f1 fe 06 ca 2f 16 fe 07  ca 2f 16 fe 08 28 0c fe  |..../..../...(..|
000126d0  05 ca a2 16 3e 06 32 59  16 18 d7 7e cd c0 22 38  |....>.2Y...~.."8|
000126e0  71 cd b0 16 cd d4 15 3a  59 16 e6 7f fe 06 20 eb  |q......:Y..... .|
000126f0  7d e6 0f 28 61 3a 18 01  3d cc a2 3b 18 dd 3a 59  |}..(a:..=..;..:Y|
00012700  16 e6 7f fe 06 c8 3a 18  01 3d 28 12 cd a2 3b 3a  |......:..=(...;:|
00012710  59 16 e6 7f fe 07 20 06  7d e6 03 cc a2 3b 7d e6  |Y..... .}....;}.|
00012720  0f c0 cd 1a 3b 3a 59 16  b7 f2 0c 00 0e 01 00 ab  |....;:Y.........|
00012730  01 01 00 07 16 22 b4 2e  18 0d e5 2a 11 1f d5 11  |.....".....*....|
00012740  10 00 19 d1 22 11 1f cd  8e 31 af 32 99 31 cd 23  |...."....1.2.1.#|
00012750  38 cd a2 3b 3a 59 16 b7  f8 e1 c9 3e 2e 18 8b cd  |8..;:Y.....>....|
00012760  f8 15 7e e5 cd 89 31 e1  3a 59 16 e6 7f fe 06 28  |..~...1.:Y.....(|
00012770  08 cd b3 16 cd d4 15 18  e9 3a 18 01 3d 28 0b 3c  |.........:..=(.<|
00012780  cc a2 3b 7d 3c e6 03 cc  a2 3b 23 3e 1c b7 f2 77  |..;}<....;#>...w|
00012790  16 1b 7a b3 20 14 d5 7d  e6 0f 28 13 7d ee 10 e6  |..z. ..}..(.}...|
000127a0  0f 2f e6 0f 3c 5f 19 d1  18 05 7d e6 0f 20 b3 3a  |./..<_....}.. .:|
000127b0  18 01 3d 20 09 cd 1f 3b  0d 2d 2d 2d 2d ba cd a2  |..= ...;.----...|
000127c0  3b d5 11 f0 ff 19 1e 00  af 57 32 94 16 19 d1 c3  |;........W2.....|
000127d0  b1 15 cd b0 16 7e fe 1a  20 f8 3a 59 16 b7 f2 d2  |.....~.. .:Y....|
000127e0  11 18 1b cd a4 3b 23 3a  59 16 b7 f2 ce 16 e5 2a  |.....;#:Y......*|
000127f0  47 20 2b 22 47 20 7c b5  eb e1 c0 22 b4 2e c3 5e  |G +"G |...."...^|
00012800  05 3a e1 16 b7 20 08 3a  06 01 fe 0d ca 34 1b 7d  |.:... .:.....4.}|
00012810  b7 c0 e1 3e 00 b7 c0 c3  e6 14 7e 32 99 31 e5 2a  |...>......~2.1.*|
00012820  47 20 7c e6 80 f5 29 3a  99 31 85 6f f1 28 08 7c  |G |...):.1.o.(.||
00012830  ee a0 67 0c 00 0f 01 00  f7 01 01 00 7d ee 97 6f  |..g.........}..o|
00012840  22 47 20 e1 3a 59 16 b7  c8 cd 6d 3a cd b3 16 18  |"G .:Y....m:....|
00012850  d2 cd 54 31 cd c2 3a 32  aa 17 cd 1c 32 cd 1f 3b  |..T1..:2....2..;|
00012860  03 05 63 68 65 63 6b 73  75 6d 20 26 20 74 65 73  |..checksum & tes|
00012870  74 8d 3e 80 32 af 1f 3d  32 1d 18 cd 32 28 eb 36  |t.>.2..=2...2(.6|
00012880  ff 23 22 2a 18 11 5c 00  06 0b 3a 0a 01 13 12 10  |.#"*..\...:.....|
00012890  fc 06 15 af 32 bd 3b 13  12 10 fc 11 5c 00 cd 95  |....2.;.....\...|
000128a0  33 28 20 cd fe 31 3a c5  0c b7 f2 81 17 3a 65 00  |3( ..1:......:e.|
000128b0  e6 7f 32 65 00 11 5c 00  0e 1e cd 4b 35 11 5c 00  |..2e..\....K5.\.|
000128c0  cd 3a 34 3a 0a 01 ee 80  32 65 00 32 66 00 af 32  |.:4:....2e.2f..2|
000128d0  68 00 cd 32 28 af 32 59  16 67 6f 22 47 20 22 11  |h..2(.2Y.go"G ".|
000128e0  1f 3c 32 1d 18 3e 00 fe  53 20 07 22 71 28 23 22  |.<2..>..S ."q(#"|
000128f0  77 28 cd 3b 2d 38 61 cd  70 28 3e ff 32 99 31 3a  |w(.;-8a.p(>.2.1:|
00012900  0c 01 b7 28 19 3e 2a f4  a4 3b f2 e2 17 cd 29 2b  |...(.>*..;....)+|
00012910  3e 0d cd a4 3b 3a 04 3c  b7 3e 0a c4 a4 3b cd ef  |>...;:.<.>...;..|
00012920  35 cd 8f 0e 30 0d 2a 96  28 7c b5 28 1d 7e 3c 23  |5...0.*.(|.(.~<#|
00012930  be 20 17 3a 75 3e 3c 47  cd 3a 27 28 0c 00 10 01  |. .:u><G.:'(....|
00012940  00 5a 01 01 00 05 cb 18  3d 20 fb 05 c5 cd fc 2a  |.Z......= .....*|
00012950  c1 10 f9 cd 6d 3a 21 80  00 cd e7 16 cd fc 2a 30  |....m:!.......*0|
00012960  9a 3e 00 b7 f2 da 18 af  32 1d 18 32 87 18 21 00  |.>......2..2..!.|
00012970  00 22 6c 18 cd d3 14 3e  08 20 01 87 32 8d 18 2a  |."l....>. ..2..*|
00012980  6c 18 7e 23 b6 ca da 18  11 20 00 2a 0e 03 7e fe  |l.~#..... .*..~.|
00012990  e5 28 07 3c ca 3a 38 19  18 f4 eb d5 af 12 13 21  |.(.<.:8........!|
000129a0  5d 00 06 1f cd 66 3a d1  21 10 00 19 22 98 18 eb  |]....f:.!..."...|
000129b0  21 00 00 4e 23 cd d3 14  28 03 46 23 78 b1 28 37  |!..N#...(.F#x.(7|
000129c0  cd d3 14 79 12 13 28 03  78 12 13 3e 00 3c 32 87  |...y..(.x..>.<2.|
000129d0  18 fe 00 20 de 22 6c 18  3a 76 3e 4f 21 00 00 2b  |... ."l.:v>O!..+|
000129e0  2b 2b 2b 3a 68 00 81 77  3c 32 68 00 23 23 23 36  |+++:h..w<2h.###6|
000129f0  80 af 32 87 18 18 88 3a  87 18 4f 3a 75 3e 3c 47  |..2....:..O:u><G|
00012a00  0d 28 03 80 18 fa fe 81  38 02 e6 7f 2a 98 18 2b  |.(......8...*..+|
00012a10  77 2b 2b 2b 3a 68 00 38  05 4f 3a 76 3e 89 77 2a  |w+++:h.8.O:v>.w*|
00012a20  11 1f 7d b4 28 21 af 32  af 1f cd 1f 3b 0d 73 61  |..}.(!.2....;.sa|
00012a30  76 e5 cd 18 1d 20 10 3e  01 32 af 1f cd 32 28 3e  |v.... .>.2...2(>|
00012a40  ff 32 27 32 cd 10 0c 01  bb 0c 01 01 01 00 59 01  |.2'2..........Y.|
00012a50  01 00 1c 32 cd 1f 3b 0d  0d 05 63 68 65 63 6b 73  |...2..;...checks|
00012a60  75 6d 20 a0 2a 47 20 cd  8e 31 af 32 99 31 2a 11  |um .*G ..1.2.1*.|
00012a70  1f cd f8 30 cd 1f 3b 0d  62 61 64 20 62 6c 6f 63  |...0..;.bad bloc|
00012a80  6b 73 20 20 20 a0 cd b2  31 3a af 1f b7 28 52 cd  |ks   ...1:...(R.|
00012a90  1f 3b 0d 0d 04 a0 06 08  3a 0a 01 cd a4 3b 10 f8  |.;......:....;..|
00012aa0  f5 3e 2e cd a4 3b f1 cd  a4 3b cd a4 3b cd a4 3b  |.>...;...;..;..;|
00012ab0  cd 1f 3b 20 68 61 73 20  74 68 65 20 62 61 64 20  |..; has the bad |
00012ac0  62 6c 6f 63 6b 73 2e 20  46 69 6c 65 20 69 73 20  |blocks. File is |
00012ad0  73 65 74 20 74 6f 20 53  59 53 20 26 20 52 2f 4f  |set to SYS & R/O|
00012ae0  ae cd 1f 3b 0d 0d 73 68  6f 77 20 62 61 64 20 04  |...;..show bad .|
00012af0  f3 cd 18 1d c2 3c 1a cd  1f 3b 0d 0d 75 73 65 72  |.....<...;..user|
00012b00  09 04 09 20 65 78 74 8d  2a 49 1f 7e fe e5 28 4d  |... ext.*I.~..(M|
00012b10  3c 28 7b 01 10 00 09 eb  2a 2a 18 3a 8d 18 32 f1  |<({.....**.:..2.|
00012b20  19 4e cd d3 14 28 04 23  46 78 2b b1 28 2f 1a 13  |.N...(.#Fx+.(/..|
00012b30  b9 20 09 cd d3 14 28 31  1a b8 28 2d cd d3 14 28  |. ....(1..(-...(|
00012b40  01 13 3e 00 3d 32 f1 19  20 d7 23 cd d3 14 28 01  |..>.=2.. .#...(.|
00012b50  23 e5 0c 01 02 01 00 52  01 01 00 2a 49 1f 11 10  |#......R...*I...|
00012b60  00 19 eb e1 18 be 2a 49  1f 11 20 00 19 22 49 1f  |......*I.. .."I.|
00012b70  18 9f cd a2 3b 2a 49 1f  7e e5 cd 73 31 cd a2 3b  |....;*I.~..s1..;|
00012b80  e1 e5 23 cd 07 0d cd a2  3b e1 11 0c 00 19 7e cd  |..#.....;.....~.|
00012b90  89 31 cd 1a 3b 18 cf cd  1f 3b 0d 72 65 70 61 69  |.1..;....;.repai|
00012ba0  f2 cd 18 1d c2 5e 05 3e  34 32 59 16 3a 75 3e 3c  |.....^.>42Y.:u><|
00012bb0  6f 26 00 54 22 47 20 2a  2a 18 5e cd d3 14 28 02  |o&.T"G **.^...(.|
00012bc0  23 56 cd f2 30 cd 05 35  cd 70 28 cd ef 35 2a 47  |#V..0..5.p(..5*G|
00012bd0  20 2b 22 47 20 7d b4 28  05 cd fc 2a 18 ea 2a 2a  | +"G }.(...*..**|
00012be0  18 23 cd d3 14 28 01 23  22 2a 18 18 bf 21 80 00  |.#...(.#"*...!..|
00012bf0  cd d1 35 cd 1a 3b cd 29  2b 0e 02 cd 6a 36 b7 cc  |..5..;.)+...j6..|
00012c00  f6 35 b7 c8 cd 1f 3b 20  02 72 65 70 61 69 f2 c9  |.5....; .repai..|
00012c10  3e 3f 32 8d 3e 32 8f 3e  cd 95 33 cd fe 31 11 0c  |>?2.>2.>..3..1..|
00012c20  00 19 cd a2 3b 4e 23 23  5e 3a 75 3e 3c e5 6f 26  |....;N##^:u><.o&|
00012c30  00 54 44 c5 cd 04 38 c1  09 cd 8e 31 e1 cd 1f 3b  |.TD...8....1...;|
00012c40  3d a0 23 cd d3 14 06 08  20 02 06 10 23 cd d3 14  |=.#..... ...#...|
00012c50  28 11 5e 23 56 7b b2 28  18 e5 c5 0c 01 03 01 00  |(.^#V{.(........|
00012c60  74 01 01 00 eb cd 8e 31  c1 e1 18 09 7e b7 28 0a  |t......1....~.(.|
00012c70  e5 cd 89 31 e1 cd a2 3b  10 db cd 20 34 ca d2 11  |...1...;... 4...|
00012c80  f5 cd 1a 3b 06 0e 3a 63  01 b7 28 02 06 19 3e 20  |...;..:c..(...> |
00012c90  cd a4 3b 10 fb f1 18 8c  2a 0c 03 f9 af 32 d8 16  |..;.....*....2..|
00012ca0  cd 7e 0e 3a 59 16 fe 0c  28 08 cd 1f 3b 0d 8d c3  |.~.:Y...(...;...|
00012cb0  d2 11 cd 1f 3b 03 63 68  65 63 6b 73 75 6d 3a a0  |....;.checksum:.|
00012cc0  2a 47 20 e5 cd 8e 31 cd  1f 3b 20 20 74 6f 74 61  |*G ...1..;  tota|
00012cd0  6c 3a a0 d1 21 00 00 19  22 71 1b e5 cd 8e 31 cd  |l:..!..."q....1.|
00012ce0  1f 3b 20 20 64 65 63 3a  a0 e1 cd b2 31 18 c0 7e  |.;  dec:....1..~|
00012cf0  b7 fa 60 33 cd 3a 34 18  b6 3a 12 1c b7 c2 87 1e  |..`3.:4..:......|
00012d00  cd 8d 1e 18 0f cd 1f 3b  49 6c 6c 65 67 61 6c 20  |.......;Illegal |
00012d10  6e 61 6d e5 cd 1a 3b 21  81 3e 7e 23 cd 20 38 cd  |nam...;!.>~#. 8.|
00012d20  07 0d 3a 8a 3e b7 fa 60  33 cd 1f 3b 20 3d a0 3a  |..:.>..`3..; =.:|
00012d30  12 1c b7 21 00 00 fa 08  1c cd 1f 3b 6e 65 77 20  |...!.......;new |
00012d40  6e 61 6d 65 ba cd a3 38  2a 49 1f 23 7e b7 ca d2  |name...8*I.#~...|
00012d50  11 cd 1a 3b cd 53 31 cd  0a 23 32 12 1c 20 0d cd  |...;.S1..#2.. ..|
00012d60  0f 0f 20 a1 0c 01 04 01  00 68 01 01 00 cd 53 31  |.. ......h....S1|
00012d70  cd 0a 23 28 99 22 d0 1b  01 a5 3e cd cb 22 3e 00  |..#(."....>..">.|
00012d80  fe 3a 20 07 f6 80 32 12  1c 18 95 b7 fa 33 1c 21  |.: ...2......3.!|
00012d90  81 3e 7e 23 cd 20 38 cd  07 0d cd 1f 3b 20 3d a0  |.>~#. 8.....; =.|
00012da0  21 82 3e 11 92 3e 06 0b  d5 c5 cd 66 3a 21 a6 3e  |!.>..>.....f:!.>|
00012db0  c1 d1 7e fe 3f 28 0a 4f  1a b7 79 f2 53 1c f6 80  |..~.?(.O..y.S...|
00012dc0  12 1a cd a4 3b 23 13 78  fe 04 3e 2e cc a4 3b 10  |....;#.x..>...;.|
00012dd0  e1 11 91 3e 1a 32 77 1c  3a 81 3e 12 af 32 9d 3e  |...>.2w.:.>..2.>|
00012de0  cd 95 33 3e 00 12 c2 95  1b 3a 63 01 b7 28 10 cd  |..3>.....:c..(..|
00012df0  1f 3b 20 20 72 65 6e 61  6d e5 cd 18 1d 20 06 11  |.;  renam.... ..|
00012e00  81 3e cd 54 34 c3 d2 11  11 81 3e cd 55 35 3e 3f  |.>.T4.....>.U5>?|
00012e10  32 8d 3e 32 8d 3e 0e 23  cd 4b 35 3a 59 16 fe 0b  |2.>2.>.#.K5:Y...|
00012e20  c0 cd 1f 3b 20 ad 2a a2  3e e5 cd b2 31 cd 1f 3b  |...; .*.>...1..;|
00012e30  20 81 e1 0e 08 cd 3c 1d  7b b7 28 01 23 cd 3a 27  | .....<.{.(.#.:'|
00012e40  17 4f c5 cd 3c 1d c1 7b  b7 28 01 23 59 16 00 cd  |.O..<..{.(.#Y...|
00012e50  04 38 e5 11 08 00 cd 04  38 ed 5b a2 3e cd 54 2d  |.8......8.[.>.T-|
00012e60  cd b2 31 cd 1f 3b 20 65  6d 70 74 f9 d1 0c 01 05  |..1..; empt.....|
00012e70  01 00 73 01 01 00 d5 2a  10 1d 19 22 10 1d e1 cd  |..s....*..."....|
00012e80  ef 27 cd a2 3b 21 00 00  cd ef 27 c3 d2 11 cd 7e  |.'..;!....'....~|
00012e90  0e cd 1f 3b 20 28 59 2f  4e 29 20 bf cd bc 3a fe  |...; (Y/N) ...:.|
00012ea0  4e 20 05 cd 1f 3b 6f a0  fe 59 c0 cd 1f 3b 65 f3  |N ...;o..Y...;e.|
00012eb0  af c9 11 00 00 42 79 b7  c8 3d c8 e5 ed 42 38 05  |.....By..=...B8.|
00012ec0  13 e3 e1 18 f6 e1 eb c9  cd 1f 3b 89 06 0b 23 cb  |..........;...#.|
00012ed0  7e 3e 2d 28 02 3e 49 cd  a4 3b 78 fe 04 3e 2e cc  |~>-(.>I..;x..>..|
00012ee0  a4 3b 10 ea 18 21 21 81  3e 3a 4b 0a b7 28 d9 f5  |.;...!!.>:K..(..|
00012ef0  d5 e6 0f 5f 16 00 19 d1  f1 fa 8a 1d cb fe 18 02  |..._............|
00012f00  cb be 0e 1e cd 4b 35 c3  d2 11 3a d3 11 b7 3a 3a  |.....K5...:...::|
00012f10  1f c4 43 35 11 a5 3e cd  95 33 ca 9d 1e cd fe 31  |..C5..>..3.....1|
00012f20  3a c5 0c b7 fa 60 33 3a  62 01 b7 28 36 fe 02 c2  |:....`3:b..(6...|
00012f30  83 1e cd 1f 3b 20 04 20  65 78 69 73 74 73 2c 20  |....; . exists, |
00012f40  28 42 29 61 63 6b 75 70  2c 20 28 4f 29 76 65 72  |(B)ackup, (O)ver|
00012f50  77 72 69 74 65 2c 20 28  53 29 6b 69 70 ba cd bc  |write, (S)kip...|
00012f60  3a fe 4f ca 9a 1e fe 53  28 9d fe 42 20 99 21 a6  |:.O....S(..B .!.|
00012f70  3e 11 b6 3e 06 08 0c 01  06 01 00 4a 01 01 00 cd  |>..>.......J....|
00012f80  66 3a 3e 42 12 13 3e 41  12 13 3e 4b 12 11 b5 3e  |f:>B..>A..>K...>|
00012f90  1a 32 72 1e 3a a5 3e 12  cd 92 33 28 53 d5 cd fe  |.2r.:.>...3(S...|
00012fa0  31 d1 3a c5 0c b7 f2 41  1e 3a 62 01 fe 02 cc 1a  |1.:....A.:b.....|
00012fb0  3b cd 1f 3b 20 6f 6c 64  20 2e 42 41 cb c3 60 33  |;..; old .BA..`3|
00012fc0  3a 6e 01 b7 28 24 3a 62  01 fe 02 cc 1a 3b cd 1f  |:n..($:b.....;..|
00012fd0  3b 20 6f 76 65 72 77 72  69 74 65 20 6f 6c 64 20  |; overwrite old |
00012fe0  2e 42 41 cb cd 18 1d c2  d2 11 11 b5 3e cd 3a 34  |.BA.........>.:4|
00012ff0  3e 00 12 cd 51 34 21 b6  3e 06 0b 36 00 23 10 fb  |>...Q4!.>..6.#..|
00013000  18 1a 3d ca f8 1d cd 8d  1e c3 d2 11 cd 1f 3b 03  |..=...........;.|
00013010  04 20 65 78 69 73 74 f3  c9 cd 37 34 3e 00 fe 4d  |. exist...74>..M|
00013020  ca 56 20 3e 24 11 ae 3e  12 13 12 13 12 11 a5 3e  |.V >$..>.......>|
00013030  cd 92 33 28 28 d5 cd fe  31 d1 3a c5 0c b7 f2 de  |..3((...1.:.....|
00013040  1e 3a 62 01 fe 02 cc 1a  3b cd 1f 3b 20 6f 6c 64  |.:b.....;..; old|
00013050  20 74 65 6d 70 20 2e 24  24 a4 c3 60 33 cd 37 34  | temp .$$..`3.74|
00013060  cd 28 34 3a 67 01 b7 11  a5 3e 0e 24 c4 05 00 af  |.(4:g....>.$....|
00013070  32 af 1f 67 6f 22 11 1f  22 47 20 3a d3 11 b7 0c  |2..go".."G :....|
00013080  01 07 01 00 6b 01 01 00  c4 43 35 3a 5c 00 cd e4  |....k....C5:\...|
00013090  34 cd 6d 3a ed 5b 49 1f  21 80 1f 19 e5 eb cd 41  |4.m:.[I.!......A|
000130a0  34 e1 3a 8f 14 3d bc 28  18 11 81 3e cd 93 34 b7  |4.:..=.(...>..4.|
000130b0  20 0c 2a 11 1f 11 80 00  19 22 11 1f 18 d3 32 af  | .*......"....2.|
000130c0  1f 3e 00 b7 c4 43 35 3a  a5 3e cd e4 34 cd 6d 3a  |.>...C5:.>..4.m:|
000130d0  11 23 3f 2a 47 20 3a 12  1f bc 20 04 3a 11 1f bd  |.#?*G :... .:...|
000130e0  c2 41 20 3a 67 01 b7 28  4d ed 53 47 20 2a 11 1f  |.A :g..(M.SG *..|
000130f0  19 22 11 1f cd 3e 34 cd  6d 3a 11 a5 3e 0e 21 cd  |."...>4.m:..>.!.|
00013100  4b 35 b7 20 31 2a 47 20  11 80 00 1a be c2 2f 20  |K5. 1*G ....../ |
00013110  13 23 7b b7 20 f5 22 47  20 e5 2a c6 3e 23 22 c6  |.#{. ."G .*.>#".|
00013120  3e e1 3a 12 1f bc 20 cf  3a 11 1f bd 20 c9 11 a5  |>.:... .:... ...|
00013130  3e 0e 21 cd 4b 35 3e 00  b7 ca f0 1e 3a 3a 1f b7  |>.!.K5>.....::..|
00013140  fc 43 35 cd 73 34 21 a6  3e 11 b6 3e 06 08 cd 66  |.C5.s4!.>..>...f|
00013150  3a 21 6f 3e 06 03 cd 66  3a 3a 6b 01 b7 28 0e fa  |:!o>...f::k..(..|
00013160  e5 1f e6 0f 21 b6 3e 5f  16 00 19 cb fe cd 51 34  |....!.>_......Q4|
00013170  3a d3 11 b7 c4 43 35 3e  00 b7 20 14 3a 6b 01 b7  |:....C5>.. .:k..|
00013180  ca d2 11 fa d2 11 11 81  0c 01 08 01 00 dd 01 01  |................|
00013190  00 3e 6f 26 00 19 c3 86  1d 11 81 3e 3a 8a 3e b7  |.>o&.......>:.>.|
000131a0  fa 18 20 cd 3a 34 c3 d2  11 cd 1f 3b 03 02 64 65  |.. .:4.....;..de|
000131b0  6c 65 74 65 20 73 6f 75  72 63 65 20 84 c3 60 33  |lete source ..`3|
000131c0  cd 1f 3b 07 03 76 65 72  69 66 79 20 65 72 72 6f  |..;..verify erro|
000131d0  72 00 19 eb cd 41 34 21  3d 00 11 80 00 19 22 47  |r....A4!=....."G|
000131e0  20 cd 2a 38 c3 45 1f 3a  d3 11 cd 43 35 3e 3f 32  | .*8.E.:...C5>?2|
000131f0  8d 3e 32 8f 3e 11 81 3e  cd 95 33 ca d2 11 cd fe  |.>2.>..>..3.....|
00013200  31 3a 3a 1f e6 7f 77 cd  31 36 3e ff 32 27 32 18  |1::...w.16>.2'2.|
00013210  e4 af 32 35 06 3a 6d 01  b7 20 24 3c 32 5c 00 32  |..25.:m.. $<2\.2|
00013220  27 32 cd 1c 32 3a 86 06  b7 28 03 32 85 05 cd ea  |'2..2:...(.2....|
00013230  20 3a 6d 01 b7 20 08 cd  b6 20 0e 00 c3 05 00 cd  | :m.. ... ......|
00013240  b6 20 2a 10 01 f9 c9 0e  0b cd 05 00 b7 c8 0e 01  |. *.............|
00013250  18 ea 11 c7 20 c3 d8 20  43 50 2f 4d 20 32 2e 78  |.... .. CP/M 2.x|
00013260  20 6f 6e 6c 79 24 11 e0  20 0e 09 cd 05 00 c3 a0  | only$.. .......|
00013270  20 5a 2d 38 30 20 6f 6e  6c 79 24 3a 00 00 4f 3a  | Z-80 only$:..O:|
00013280  17 01 b9 20 05 3e c3 32  00 00 3a d3 11 e6 7f 17  |... .>.2..:.....|
00013290  17 0c 01 09 01 00 13 01  01 00 17 17 4f 3a 85 05  |............O:..|
000132a0  b7 20 03 3a ad 26 3d b1  32 04 00 c9 11 40 01 18  |. .:.&=.2....@..|
000132b0  0d 11 48 01 18 08 11 50  01 18 03 11 58 01 eb 18  |..H....P....X...|
000132c0  2c cd 5f 21 22 11 1f 2a  8e 14 e3 21 00 00 e5 2a  |,._!"..*...!...*|
000132d0  11 1f e5 eb e5 11 81 00  06 00 7e b7 28 06 12 23  |..........~.(..#|
000132e0  13 04 20 f6 78 32 80 00  e1 c9 cd 5f 21 22 11 1f  |.. .x2....._!"..|
000132f0  2a 0c 03 f9 21 6a 04 18  d5 cd ab 3d 11 00 00 eb  |*...!j.....=....|
00013300  1a cd c2 3a fe 2c c8 fe  20 c8 d6 30 38 0b c6 e9  |...:.,.. ..08...|
00013310  38 07 c6 06 f2 82 21 c6  07 da b6 3d c6 0a b7 4f  |8.....!....=...O|
00013320  06 00 29 29 29 29 09 13  18 d6 cd 5f 21 af 32 c8  |..))))....._!.2.|
00013330  21 32 d1 3b e5 cd 1f 3b  0d 61 64 64 72 3a 48 65  |!2.;...;.addr:He|
00013340  78 20 44 65 63 20 20 42  69 6e 61 72 79 20 41 73  |x Dec  Binary As|
00013350  63 69 69 20 45 6e 74 65  f2 e1 cd 1a 3b e5 cd 8e  |cii Ente....;...|
00013360  31 3e 00 b7 f4 23 38 f2  d4 21 cd 1f 3b ad cd a2  |1>...#8..!..;...|
00013370  3b e1 e5 7e 47 cd 89 31  cd a2 3b 78 cd 7c 31 cd  |;..~G..1..;x.|1.|
00013380  a2 3b 78 cd 5e 31 cd a2  3b 78 b7 3e 20 f2 f8 21  |.;x.^1..;x.> ..!|
00013390  3e 2d cd a4 3b 78 e6 7f  fe 20 0c 01 0a 01 00 6d  |>-..;x... .....m|
000133a0  01 01 00 38 04 fe 7f 38  07 cd ea 39 c6 40 18 05  |...8...8...9.@..|
000133b0  f5 cd a2 3b f1 cd a4 3b  cd 1f 3b 20 20 bc 3a 68  |...;...;..;  .:h|
000133c0  01 cd a4 3b cd 1f 3b be  cd a3 38 2a 49 1f 23 cd  |...;..;...8*I.#.|
000133d0  53 31 20 06 e1 cd 96 22  18 89 47 3a 08 01 b8 20  |S1 ...."..G:... |
000133e0  24 23 7e cd c2 3a fe 42  28 12 fe 44 28 0e fe 41  |$#~..:.B(..D(..A|
000133f0  28 0a fe 2e ca 5e 05 fe  48 c2 b6 3d 32 68 01 cd  |(....^..H..=2h..|
00013400  53 31 ca bf 21 22 e9 10  3a 68 01 fe 41 28 33 fe  |S1..!"..:h..A(3.|
00013410  42 28 32 fe 44 28 44 cd  5f 21 7c b7 20 db 7d e1  |B(2.D(D._!|. .}.|
00013420  77 cd 96 22 eb 2a e9 10  7e 23 fe 20 20 fa cd 54  |w..".*..~#.  ..T|
00013430  31 eb ca c0 21 e5 eb 18  a1 23 3a c8 21 b7 f0 2b  |1...!....#:.!..+|
00013440  2b c9 6e 18 d9 01 00 08  7e fe 30 28 06 fe 31 c2  |+.n.....~.0(..1.|
00013450  b6 3d 37 cb 11 23 10 f0  69 18 c3 cd 11 11 cd b2  |.=7..#..i.......|
00013460  3d 18 bb fe 5f 28 05 fe  20 d8 fe 7f 3f c9 03 7e  |=..._(.. ...?..~|
00013470  fe 2a 20 07 23 7e fe 2a  28 01 2b 32 51 0f 1e 08  |.* .#~.*(.+2Q...|
00013480  cd e3 22 23 1e 03 7e fe  2a 28 30 fe 2e 28 1a cd  |.."#..~.*(0..(..|
00013490  0a 23 28 14 57 3a 6c 01  b7 7a cc c2 3a 02 1d 03  |.#(.W:l..z..:...|
000134a0  23 20 e3 0c 01 0b 01 00  6a 01 01 00 7e fe 2e 28  |# ......j...~..(|
000134b0  01 2b 3e 20 18 17 fe 20  c8 fe 5b c8 fe 5d c8 fe  |.+> ... ..[..]..|
000134c0  3a c8 b7 c9 23 7e fe 2e  28 01 2b 3e 3f 1c 1d c8  |:...#~..(.+>?...|
000134d0  02 03 18 fa 3a 61 01 bb  38 05 7b fe 10 38 08 3a  |....:a..8.{..8.:|
000134e0  2f 07 b7 7b ca 34 07 cd  8f 0e 7b 38 04 fe 10 18  |/..{.4....{8....|
000134f0  02 fe 20 d2 b6 3d c9 3a  86 06 b7 28 03 32 91 01  |.. ..=.:...(.2..|
00013500  3a 8d 06 fe ff 28 13 3a  d3 11 e6 7f 5f 3a 90 01  |:....(.:...._:..|
00013510  c6 80 7b 30 02 f6 80 32  90 01 c3 5e 05 cd 1a 3b  |..{0...2...^...;|
00013520  cd 7a 23 c3 77 05 cd 54  31 cd c2 3a 32 c7 23 cd  |.z#.w..T1..:2.#.|
00013530  1a 3b 2a 0e 03 22 49 1f  21 00 00 22 3b 11 22 ab  |.;*.."I.!..";.".|
00013540  0a 11 cf 01 2a 49 1f 01  0b 00 13 1a b7 ca 2a 24  |....*I........*$|
00013550  fe 20 ca 9e 23 d5 1a 13  b7 f2 b6 23 f5 78 f6 01  |. ..#......#.x..|
00013560  47 f1 e6 7f fe 7f 28 20  fe 20 28 12 38 04 fe 61  |G.....( . (.8..a|
00013570  38 e4 3e 53 fe 3f 20 10  78 ee 80 47 18 d8 78 1f  |8.>S.? .x..G..x.|
00013580  30 0f 3a 2f 07 b7 20 09  f1 1a fe 20 28 b6 13 18  |0.:/.. .... (...|
00013590  f8 d1 36 00 23 36 00 23  1a fe 20 28 09 1a e6 7f  |..6.#6.#.. (....|
000135a0  77 23 13 0d 18 f2 0d fa  03 24 36 20 0c 01 0c 01  |w#.......$6 ....|
000135b0  00 f2 01 01 00 23 18 f7  78 b7 28 16 2b 2b 78 1f  |.....#..x.(.++x.|
000135c0  30 06 2b 7e ee 80 77 23  78 17 30 04 7e ee 80 77  |0.+~..w#x.0.~..w|
000135d0  23 23 22 49 1f 2a ab 0a  23 22 ab 0a c3 98 23 36  |##"I.*..#"....#6|
000135e0  ff 23 36 ff 3e 33 32 59  16 c3 a1 0a cd 1a 3b 3a  |.#6.>32Y......;:|
000135f0  62 01 c6 41 cd a4 3b cd  1f 3b 09 69 66 20 04 20  |b..A..;..;.if . |
00013600  65 78 69 73 74 73 20 41  2d 6f 76 65 72 6c 61 79  |exists A-overlay|
00013610  2c 20 42 2d 62 61 63 6b  20 75 70 2c 20 43 2d 61  |, B-back up, C-a|
00013620  73 6b 2c 20 44 2d 73 6b  69 70 8d 3a 64 01 f5 c6  |sk, D-skip.:d...|
00013630  30 cd a4 3b cd 1f 3b 09  63 6f 6c 75 6d 6e f3 f1  |0..;..;.column..|
00013640  17 30 0d cd 1f 3b 20 2b  31 20 69 6e 20 44 49 d2  |.0...; +1 in DI.|
00013650  cd 1f 3b 0d d0 3a 05 01  ed 44 cd 10 27 cd 1f 3b  |..;..:...D..'..;|
00013660  09 70 61 67 69 6e 67 0d  d2 3a 63 01 cd 10 27 cd  |.paging..:c...'.|
00013670  1f 3b 09 72 65 71 75 65  73 74 20 59 2f 4e 20 6f  |.;.request Y/N o|
00013680  6e 20 63 75 72 72 65 6e  74 20 04 09 28 51 2d 72  |n current ..(Q-r|
00013690  65 71 75 65 73 74 20 6e  65 77 20 6e 61 6d 65 29  |equest new name)|
000136a0  0d d6 3a 67 01 cd 10 27  cd 1f 3b 09 72 65 61 64  |..:g...'..;.read|
000136b0  20 61 66 74 65 0c 01 0d  01 00 70 01 01 00 72 20  | afte.....p...r |
000136c0  77 72 69 74 65 09 09 28  5a 2d 64 65 6c 65 74 65  |write..(Z-delete|
000136d0  20 73 6f 75 72 63 65 20  04 29 0d d3 3a 65 01 cd  | source .)..:e..|
000136e0  10 27 cd 1f 3b 09 73 68  6f 77 20 73 79 73 74 65  |.'..;.show syste|
000136f0  6d 20 04 73 0d d4 3a 66  01 cd 10 27 cd 1f 3b 09  |m .s..:f...'..;.|
00013700  73 74 6f 70 20 69 66 20  05 69 73 20 66 75 6c 6c  |stop if .is full|
00013710  0d cd 3a 6b 01 b7 28 01  2f cd 10 27 cd 1f 3b 09  |..:k..(./..'..;.|
00013720  6d 61 72 6b 20 63 6f 70  69 65 64 20 66 69 6c 65  |mark copied file|
00013730  73 0d 58 09 6c 69 73 74  20 64 72 69 76 65 73 20  |s.X.list drives |
00013740  18 41 ad 3a 60 01 5f 3a  f3 36 57 a3 7b 20 02 3e  |.A.:`._:.6W.{ .>|
00013750  10 cd 25 38 7a a3 20 0e  cd 1f 3b 20 69 66 20 6f  |..%8z. ...; if o|
00013760  6e 20 6c 69 6e e5 cd 1f  3b 0d 55 09 6c 69 73 74  |n lin...;.U.list|
00013770  20 75 73 65 72 73 20 20  18 30 ad 3a 61 01 cd 6f  | users  .0.:a..o|
00013780  31 cd 1f 3b 0d c6 3a 90  01 2f cd 10 27 cd 1f 3b  |1..;..:../..'..;|
00013790  09 73 65 61 72 63 68 20  64 72 69 76 65 a0 3a 91  |.search drive.:.|
000137a0  01 cd 20 38 cd 1f 3b 20  61 6e 64 20 75 73 65 72  |.. 8..; and user|
000137b0  a0 3a 90 01 e6 7f cd 6f  31 cd 1f 3b 20 74 0c 01  |.:.....o1..; t..|
000137c0  0e 01 00 59 01 01 00 6f  20 72 75 6e 20 66 69 6c  |...Y...o run fil|
000137d0  65 0d a4 3a f0 02 2f cd  10 27 cd 1f 3b 09 73 75  |e..:../..'..;.su|
000137e0  62 6d 69 74 a0 21 f0 02  7e b7 f2 28 26 e6 7f 20  |bmit.!..~..(&.. |
000137f0  03 3a ad 26 cd 20 38 cd  1f 3b 24 24 24 2e 53 55  |.:.&. 8..;$$$.SU|
00013800  42 83 23 7e b7 28 05 cd  a4 3b 18 f6 cd 1f 3b 0d  |B.#~.(...;....;.|
00013810  4d 45 4e 55 21 89 21 00  01 cd 8e 31 cd 1f 3b 48  |MENU!.!....1..;H|
00013820  83 3a 1d 01 6f 26 00 29  eb 13 2a 0e 03 19 e5 cd  |.:..o&.)..*.....|
00013830  8e 31 cd 1f 3b 48 0d 54  50 41 89 e1 7d b7 11 80  |.1..;H.TPA..}...|
00013840  00 6a 19 f2 80 26 19 e5  cd 8e 31 cd 1f 3b 48 83  |.j...&....1..;H.|
00013850  2a 8e 14 2b e5 cd 8e 31  cd 1f 3b 48 a0 e1 23 d1  |*..+...1..;H..#.|
00013860  cd 54 2d 06 07 cd 4c 31  10 fb cd b2 31 cd 1f 3b  |.T-...L1....1..;|
00013870  20 01 00 3e 01 32 85 05  0e 1d cd 05 00 e5 0e 18  | ..>.2..........|
00013880  cd 05 00 eb e1 01 10 00  0d fa 5e 05 78 fe 08 20  |..........^.x.. |
00013890  02 6c 5a 04 7b 1f 5f 30  3a e6 7f f5 c5 d5 78 32  |.lZ.{._0:.....x2|
000138a0  5c 00 cd 1c 32 cd 1a 3b  d1 c1 78 cd 20 38 cd 1f  |\...2..;..x. 8..|
000138b0  3b 18 20 52 af 7d 1f 6f  3e 57 30 02 3e 4f cd a4  |;. R.}.o>W0.>O..|
000138c0  3b cd a2 3b e5 d5 c5 0c  01 0f 01 00 ea 01 01 00  |;..;............|
000138d0  cd 29 27 cd 42 27 c1 d1  e1 f1 18 b5 cb 1d 18 b1  |.)'.B'..........|
000138e0  b7 21 46 46 f2 1a 27 21  4e 20 22 24 27 cd 1f 3b  |.!FF..'!N "$'..;|
000138f0  20 28 18 4f 46 46 17 a9  c9 2a 77 3e 23 cd 3a 27  | (.OFF...*w>#.:'|
00013900  28 04 29 3d 18 fa 22 47  20 c9 3a 74 3e d6 03 c0  |(.)=.."G .:t>...|
00013910  37 c9 cd 8f 0e 38 26 11  6f 3e cd 41 34 0e 2e 3a  |7....8&.o>.A4..:|
00013920  5c 00 3d 5f cd 05 00 cd  29 27 2a 47 20 22 11 1f  |\.=_....)'*G "..|
00013930  2a 6f 3e 0e 08 cd 3c 1d  22 11 1f 18 3d 21 00 00  |*o>...<."...=!..|
00013940  22 11 1f 2a 77 3e 23 eb  0e 1b d5 cd 05 00 d1 06  |"..*w>#.........|
00013950  08 7e 07 38 09 e5 2a 11  1f 23 22 11 1f e1 f5 1b  |.~.8..*..#".....|
00013960  7a b3 28 06 f1 10 eb 23  18 e5 f1 cd 3a 27 28 0a  |z.(....#....:'(.|
00013970  2a 11 1f 29 22 11 1f 3d  18 f4 cd 1f 3b 55 73 65  |*..)"..=....;Use|
00013980  64 ba ed 5b 11 1f 2a 47  20 cd 54 2d e5 2a 79 3e  |d..[..*G .T-.*y>|
00013990  23 0e 20 cd 3c 1d eb e1  cd 54 2d cd ef 27 cd 1f  |#. .<....T-..'..|
000139a0  3b 2c 20 46 72 65 65 ba  2a 11 1f cd ef 27 cd 1f  |;, Free.*....'..|
000139b0  3b 2c 20 43 61 70 61 63  69 74 79 ba 2a 47 20 cd  |;, Capacity.*G .|
000139c0  b2 31 cd 1f 3b cb c9 cd  54 31 28 06 01 81 3e cd  |.1..;...T1(...>.|
000139d0  0c 01 10 01 00 3e 01 01  00 cb 22 cd 1f 3b 03 64  |.....>...."..;.d|
000139e0  65 6c 65 74 65 64 20 04  73 09 09 3c 47 72 6f 75  |eleted .s..<Grou|
000139f0  70 20 43 6f 6e 66 6c 69  63 74 3e 0d 8d 11 5c 00  |p Conflict>...\.|
00013a00  cd 95 33 cd 1c 32 3e 02  32 5f 36 2a 7f 3e 22 71  |..3..2>.2_6*.>"q|
00013a10  28 21 01 00 22 77 28 2a  79 3e 23 cd 4c 31 cd 4c  |(!.."w(*y>#.L1.L|
00013a20  31 44 4d 2a 49 1f eb c5  d5 42 4b 3a 8f 14 3d 3d  |1DM*I....BK:..==|
00013a30  ba da 3a 31 cd 41 34 cd  70 28 3a af 1f 3d 20 7d  |..:1.A4.p(:..= }|
00013a40  3d 32 27 32 cd 31 36 18  77 11 02 00 cd a5 34 11  |=2'2.16.w.....4.|
00013a50  01 00 e5 d5 2a 7f 3e eb  22 77 28 2a 71 28 cd 54  |....*.>."w(*q(.T|
00013a60  2d c1 60 69 30 08 3e 01  b7 20 14 2b 18 11 21 00  |-.`i0.>.. .+..!.|
00013a70  00 eb 0b 3e 10 cd 30 da  3a 73 3e b7 20 01 67 22  |...>..0.:s>. .g"|
00013a80  9c 32 44 4d cd 8f 0e 38  28 3e 00 b7 28 23 3a 75  |.2DM...8(>..(#:u|
00013a90  3e 3c 4f cd 3a 27 ca c5  28 cb 19 3d 20 fb 2a 77  |><O.:'..(..= .*w|
00013aa0  28 2b cd 3c 1d 3a 8e 28  85 44 4f 7b 32 f7 35 18  |(+.<.:.(.DO{2.5.|
00013ab0  05 3e ff 32 f7 35 3e 0b  cd 21 da e1 c9 cd ef 35  |.>.2.5>..!.....5|
00013ac0  cd fc 2a d1 c1 21 80 00  19 eb 0b 78 b1 c2 4e 28  |..*..!.....x..N(|
00013ad0  d5 cd 3e 34 d1 3a af 1f  b7 10 0d 00 a5 0d 00 01  |..>4.:..........|
00013ae0  01 00 30 01 01 00 c0 ed  4b 79 3e 2a 49 1f 11 20  |..0.....Ky>*I.. |
00013af0  00 7e fe e5 23 c2 ee 2a  23 be 28 01 a6 2b 2b ca  |.~..#..*#.(..++.|
00013b00  ee 2a 23 c5 d5 e5 11 82  3e 06 0b eb 7e fe 3f 28  |.*#.....>...~.?(|
00013b10  07 1a e6 7f be c2 eb 2a  13 23 10 f0 e1 d1 c1 3a  |.......*.#.....:|
00013b20  5c 00 cd 20 38 5d 54 c5  d5 e5 cd 07 0d d1 d5 1b  |\.. 8]T.........|
00013b30  d5 1a 32 af 1f 3a 5c 00  cd e4 34 12 d5 21 0c 00  |..2..:\...4..!..|
00013b40  19 7e 32 c5 0c 36 00 23  23 7e 32 70 29 36 00 d1  |.~2..6.##~2p)6..|
00013b50  e5 cd 95 33 e1 36 00 2b  2b 3a c5 0c 77 3a af 1f  |...3.6.++:..w:..|
00013b60  d1 12 28 19 cd 1f 3b 03  02 72 65 63 6f 76 65 72  |..(...;..recover|
00013b70  2c 20 04 20 65 78 69 73  74 f3 c3 e8 2a 3a 76 3e  |, . exist...*:v>|
00013b80  4f 3a c5 0c b9 28 29 81  b9 28 25 cd 1f 3b 03 02  |O:...()..(%..;..|
00013b90  72 65 63 6f 76 65 72 2c  20 04 20 77 69 74 68 20  |recover, . with |
00013ba0  69 6c 6c 65 67 61 6c 20  65 78 74 65 6e f4 18 ca  |illegal exten...|
00013bb0  cd 1f 3b 03 72 65 63 6f  76 65 f2 cd 18 1d 20 ba  |..;.recove.... .|
00013bc0  32 85 2a e1 d1 c1 c5 d5  e5 2b 22 47 20 3a d3 11  |2.*......+"G :..|
00013bd0  e6 7f 77 e5 11 09 00 19  cb fe 23 23 23 7e 32 c5  |..w.......###~2.|
00013be0  0c 23 23 7e 32 70 0d 00  02 01 00 20 01 01 00 29  |.##~2p..... ...)|
00013bf0  23 e5 d5 c5 cd 8f 0e 30  68 e5 0e 1b cd 05 00 d1  |#......0h.......|
00013c00  13 cd d3 14 3e 08 20 01  87 32 1e 2a 3e 00 3d 32  |....>. ..2.*>.=2|
00013c10  1e 2a fa 72 2a 1a 4f cd  d3 14 47 28 03 13 1a 47  |.*.r*.O...G(...G|
00013c20  13 78 b1 28 3c e5 d5 69  60 22 5f 2a 0e 08 cd 3c  |.x.(<..i`"_*...<|
00013c30  1d 4d 44 7b d1 e1 e5 09  4f 3e 80 0d fa 53 2a 0f  |.MD{....O>...S*.|
00013c40  18 f9 b6 be 77 e1 20 c4  e5 d5 cd a2 3b 21 00 00  |....w. .....;!..|
00013c50  cd d3 14 28 05 cd 8e 31  18 03 cd 89 31 d1 e1 18  |...(...1....1...|
00013c60  ab c1 d1 e1 7e fe 80 e1  20 5d 11 20 00 19 0b 78  |....~... ]. ...x|
00013c70  b1 20 10 3e 00 b7 20 4f  2f 32 85 2a ed 4b 79 3e  |. .>.. O/2.*.Ky>|
00013c80  2a 49 1f 7e fe e5 20 e2  22 11 1f eb 2a 47 20 c5  |*I.~.. ."...*G .|
00013c90  0e 0b 23 13 1a be 28 05  f6 80 be 20 23 0d 20 f2  |..#...(.... #. .|
00013ca0  23 23 23 3a 70 29 96 fa  d7 2a 20 09 2b 2b 3a c5  |###:p)...* .++:.|
00013cb0  0c 96 fa d7 2a 2a 11 1f  79 32 85 2a c1 c3 e7 29  |....**..y2.*...)|
00013cc0  c1 2a 11 1f 18 a4 c1 3e  01 32 af 1f cd 32 28 3e  |.*.....>.2...2(>|
00013cd0  80 32 af 1f cd 32 28 cd  1a 3b e1 d1 c1 2b 11 20  |.2...2(..;...+. |
00013ce0  00 19 0b 78 b1 c2 0b 29  c3 5e 05 e5 d5 ed 5b 0d  |...x...).^....[.|
00013cf0  00 03 01 00 7a 01 01 00  77 28 13 2a 72 3e cd 54  |....z...w(.*r>.T|
00013d00  2d eb 30 17 ed 5b 71 28  13 2a a7 34 cd 54 2d 30  |-.0..[q(.*.4.T-0|
00013d10  03 11 00 00 ed 53 71 28  21 01 00 22 77 28 d1 e1  |.....Sq(!.."w(..|
00013d20  c9 e5 cd d7 37 cd 1f 3b  47 bd ed 5b 7f 3e 2a 71  |....7..;G..[.>*q|
00013d30  28 cd 54 2d 38 11 2a b4  36 cd 8e 31 cd 23 38 3a  |(.T-8.*.6..1.#8:|
00013d40  17 35 cd 89 31 18 0a cd  1f 3b 2d 2d 2d 2d 3a 2d  |.5..1....;----:-|
00013d50  ad cd 1f 3b 20 54 bd 4f  2a 71 28 cd ba 31 cd 1f  |...; T.O*q(..1..|
00013d60  3b 20 53 bd 2a 77 28 cd  c0 31 cd 1f 3b 20 50 53  |; S.*w(..1..; PS|
00013d70  bd 2a 9c 32 cd c0 31 cd  1f 3b 20 52 65 63 a3 21  |.*.2..1..; Rec.!|
00013d80  00 00 23 22 88 2b cd b2  31 e1 c9 3a 59 16 fe 20  |..#".+..1..:Y.. |
00013d90  3e 1e 28 02 3e 1f 32 59  16 cd 1c 32 cd 5f 21 cd  |>.(.>.2Y...2._!.|
00013da0  b2 3d eb e5 2a 77 3e cd  54 2d cd 05 35 21 01 00  |.=..*w>.T-..5!..|
00013db0  22 47 20 18 28 cd 1c 32  cd ab 3d cd 11 11 cd b2  |"G .(..2..=.....|
00013dc0  3d 22 71 28 21 01 00 22  47 20 eb cd ac 3d cd 11  |="q(!.."G ...=..|
00013dd0  11 cd b2 3d d5 22 77 28  7d b4 ca 58 2d e1 cd 53  |...=."w(}..X-..S|
00013de0  31 28 5a 3a 59 16 fe 1e  20 36 7e cd c2 3a fe 58  |1(Z:Y... 6~..:.X|
00013df0  20 2e 3e 06 32 e1 16 23  0d 00 04 01 00 57 01 01  | .>.2..#.....W..|
00013e00  00 7e cd c2 3a fe 20 28  11 fe 41 20 04 3e 08 18  |.~..:. (..A .>..|
00013e10  06 fe 48 20 05 3e 07 32  e1 16 e5 21 80 00 22 11  |..H .>.2...!..".|
00013e20  1f e1 cd 53 31 20 11 18  23 cd 5f 21 cd b2 3d 22  |...S1 ..#._!..="|
00013e30  11 1f eb cd 53 31 28 14  cd 11 11 cd b2 3d 22 47  |....S1(......="G|
00013e40  20 cd f8 30 18 06 21 80  00 22 11 1f 2a 47 20 3a  | ..0..!.."..*G :|
00013e50  19 01 3d fe ff 20 04 3a  74 3e 3c 5f 4f 16 00 cd  |..=.. .:t><_O...|
00013e60  54 2d 3e 03 de 01 32 5f  36 79 32 2f 2d ed 5b 11  |T->...2_6y2/-.[.|
00013e70  1f cd 41 34 cd 3b 2d 38  17 cd 70 28 2a 47 20 2b  |..A4.;-8..p(*G +|
00013e80  7d b4 28 0c 3a e1 16 b7  20 06 3a 0c 01 b7 28 20  |}.(.:... .:...( |
00013e90  cd 1a 3b cd 29 2b cd 1f  3b 20 41 74 ba 2a 11 1f  |..;.)+..; At.*..|
00013ea0  e5 cd 8e 31 cd 1f 3b ad  e1 11 7f 00 19 cd 8e 31  |...1..;........1|
00013eb0  cd 3b 2d da 58 2d 3a 59  16 b7 ca 58 2d fe 1e f5  |.;-.X-:Y...X-...|
00013ec0  cc ef 35 f1 c4 31 36 3a  59 16 f5 2a 11 1f e5 21  |..5..16:Y..*...!|
00013ed0  70 00 22 11 1f 21 80 00  7d e6 0f 32 94 16 3a e1  |p."..!..}..2..:.|
00013ee0  16 32 59 16 b7 28 18 f5  3a 0c 01 b7 f5 c4 1a 3b  |.2Y..(..:......;|
00013ef0  cd 80 15 f1 28 05 cd 1f  3b 0d 8d f1 ed 62 e3 e1  |....(...;....b..|
00013f00  22 0d 00 05 01 00 e1 01  01 00 11 1f f1 32 59 16  |"............2Y.|
00013f10  2a 11 1f 11 80 00 19 22  11 1f 2a 47 20 2b 22 47  |*......"..*G +"G|
00013f20  20 cd f8 30 cd fc 2a 30  0f af 32 59 16 67 3a 8e  | ..0..*0..2Y.g:.|
00013f30  28 6f 22 9c 32 c3 8f 2c  3e 00 3d 32 2f 2d b7 ca  |(o".2..,>.=2/-..|
00013f40  4b 2c c3 6c 2c ed 5b 71  28 2a a7 34 cd 54 2d d8  |K,.l,.[q(*.4.T-.|
00013f50  7d b4 ed 5b 77 28 2a 72  3e 20 03 21 40 00 af ed  |}..[w(*r> .!@...|
00013f60  52 c9 cd 1f 3b 07 03 4f  75 74 20 6f 66 20 05 62  |R...;..Out of .b|
00013f70  6f 75 6e 64 73 00 cd fc  30 2a 11 1f e5 cd cf 2d  |ounds...0*.....-|
00013f80  cd ab 2d cd 1f 3b 20 4c  61 73 74 20 41 64 64 72  |..-..; Last Addr|
00013f90  65 73 73 ba 2a 11 1f d1  7c ba 20 04 7d bb 28 01  |ess.*...|. .}.(.|
00013fa0  2b cd 8e 31 cd 1f 3b 48  a0 2a a2 3e cd b2 31 cd  |+..1..;H.*.>..1.|
00013fb0  1f 3b 20 01 00 11 5c 00  cd 58 34 ed 5b 11 1f cd  |.; ...\..X4.[...|
00013fc0  41 34 11 5c 00 cd 93 34  3d c8 2a 11 1f 11 80 00  |A4.\...4=.*.....|
00013fd0  19 22 11 1f 18 e5 cd fc  30 21 5c 00 11 a5 3e d5  |."......0!\...>.|
00013fe0  cd 64 3a e1 e5 11 81 3e  cd 64 3a d1 cd 95 33 20  |.d:....>.d:...3 |
00013ff0  0a 3a 59 16 fe 1c c2 61  34 18 2c d5 cd fe 31 d1  |.:Y....a4.,...1.|
00014000  cd 9b 1c 3a 59 16 fe 1c  c0 3a 0d 00 06 01 00 ed  |...:Y....:......|
00014010  01 01 00 c5 0c b7 f2 0b  2e cd 66 33 18 41 2a 47  |..........f3.A*G|
00014020  20 23 7d b4 20 07 2a a2  3e 23 22 47 20 cd 37 34  | #}. .*.>#"G .74|
00014030  2a 47 20 23 7d b4 ca b6  3d cd 28 34 2a 47 20 2b  |*G #}...=.(4*G +|
00014040  22 47 20 7d b4 28 15 ed  5b 11 1f d5 cd 41 34 e1  |"G }.(..[....A4.|
00014050  11 80 00 19 22 11 1f cd  2a 38 18 e0 cd 73 34 c3  |...."...*8...s4.|
00014060  5e 05 cd fc 30 ed 53 47  20 2a 0c 03 f9 21 65 04  |^...0.SG *...!e.|
00014070  e5 2a 11 1f e5 cd ab 2d  2a 47 20 c9 cd 09 2f cd  |.*.....-*G .../.|
00014080  f8 30 e5 2a 47 20 78 bc  38 16 20 04 79 bd 38 10  |.0.*G x.8. .y.8.|
00014090  d1 19 e5 60 69 19 d5 54  5d c1 e1 03 ed b8 18 08  |...`i..T].......|
000140a0  d1 13 d5 59 50 c1 ed b0  c3 5e 05 cd 54 31 28 13  |...YP....^..T1(.|
000140b0  fe 2c 20 1f cd 53 31 28  0a cd 5f 21 2b eb 2a b4  |., ..S1(.._!+.*.|
000140c0  2e 18 50 11 70 00 21 00  00 7d e6 0f 2f e6 0f 83  |..P.p.!..}../...|
000140d0  5f 18 40 cd 5f 21 22 47  20 eb fe 2c 28 14 d5 cd  |_.@._!"G ..,(...|
000140e0  54 31 d1 28 09 fe 2c 28  09 cd 13 2f 18 21 ed 62  |T1.(..,(.../.!.b|
000140f0  18 1d cd 53 31 28 06 cd  5f 21 2b 18 12 21 70 00  |...S1(.._!+..!p.|
00014100  3a 47 20 e6 0f 2f e6 0f  85 6f 18 03 cd 09 2f eb  |:G ../...o..../.|
00014110  2a 47 20 0d 00 07 01 00  3c 01 01 00 22 11 1f 13  |*G .....<..."...|
00014120  ed 53 47 20 c9 cd 5f 21  22 47 20 eb cd ac 3d cd  |.SG .._!"G ...=.|
00014130  5f 21 22 11 1f eb 3a 59  16 fe 26 28 08 fe 28 28  |_!"...:Y..&(..((|
00014140  04 fe 27 20 06 cd ac 3d  cd 5f 21 e5 c1 2a 11 1f  |..' ...=._!..*..|
00014150  e5 ed 5b 47 20 cd 54 2d  d1 da b6 3d c9 cd 98 2e  |..[G .T-...=....|
00014160  3e 85 18 13 cd 98 2e 3e  88 18 0c cd 98 2e 3e 86  |>......>......>.|
00014170  18 05 cd 98 2e 3e 87 32  59 16 c3 dd 14 cd f9 2e  |.....>.2Y.......|
00014180  af 32 af 1f 2a 0e 03 22  49 1f 60 69 cd ab 3d 3a  |.2..*.."I.`i..=:|
00014190  af 1f b7 f4 54 31 28 60  f2 86 2f 23 7e 2b b7 28  |....T1(`../#~+.(|
000141a0  57 7e 4f fe 22 28 47 06  00 fe 3f 28 18 3a af 1f  |W~O."(G...?(.:..|
000141b0  b7 fa b5 2f cd 5f 21 7c  b7 c2 b6 3d cd b2 3d 4d  |.../._!|...=..=M|
000141c0  eb 06 80 18 0c 06 3f 3a  af 1f b7 fa b5 2f 06 bf  |......?:...../..|
000141d0  23 e5 2a 49 1f 71 24 70  23 70 25 22 49 1f e1 3a  |#.*I.q$p#p%"I..:|
000141e0  af 1f b7 fa d9 2f 7e fe  20 28 a4 23 18 f8 3a af  |...../~. (.#..:.|
000141f0  1f 2f 32 af 1f 23 18 97  ed 5b 0e 03 2a 49 1f 42  |./2..#...[..*I.B|
00014200  4b cd 54 2d eb 2a 11 1f  e5 2a 47 20 2b 22 47 20  |K.T-.*...*G +"G |
00014210  23 d5 7c b5 c4 54 2d da  5e 05 d1 e1 0d 00 08 01  |#.|..T-.^.......|
00014220  00 f4 01 01 00 0a be 28  09 04 0a e6 7f 05 fe 3f  |.......(.......?|
00014230  20 1a e5 d5 c5 23 03 1b  7a b3 28 1b 0a be 28 f5  | ....#..z.(...(.|
00014240  04 0a 05 e6 7f fe 3f 28  ec c1 d1 e1 23 e5 2a 47  |......?(....#.*G|
00014250  20 cd f8 30 e1 18 ba c1  d1 e1 cd 1a 3b cd 8e 31  | ..0........;..1|
00014260  cd 1f 3b 3a a0 e5 d5 c5  04 0a b7 fa 4d 30 cd 1f  |..;:........M0..|
00014270  3b a2 0a b7 7e f2 5d 30  e5 cd 89 31 cd a2 3b e1  |;...~.]0...1..;.|
00014280  18 19 cd c0 22 30 11 f5  cd 1f 3b bc f1 e5 cd 89  |...."0....;.....|
00014290  31 e1 cd 1f 3b be 18 03  cd a4 3b 23 d5 0a 07 e6  |1...;.....;#....|
000142a0  01 5f 03 0a 07 e6 01 ab  28 09 cd 1f 3b a2 0a b7  |._......(...;...|
000142b0  fc a2 3b d1 1b 7a b3 20  b9 0a b7 fa 9d 30 cd 1f  |..;..z. .....0..|
000142c0  3b a2 c1 d1 e1 18 85 cd  09 2f cd f8 30 23 eb 2a  |;......../..0#.*|
000142d0  47 20 0a be 28 25 e5 f5  7e f5 cd 1a 3b cd 8e 31  |G ..(%..~...;..1|
000142e0  cd 1f 3b 3a a0 f1 cd 89  31 cd a2 3b f1 cd 89 31  |..;:....1..;...1|
000142f0  cd 1f 3b 20 ba c5 e1 cd  8e 31 e1 23 03 cd f1 30  |..; .....1.#...0|
00014300  18 d0 cd 09 2f 78 b7 c2  b6 3d eb 13 2a 47 20 71  |..../x...=..*G q|
00014310  23 cd f1 30 18 f9 1b 7a  b3 ca 5e 05 c9 7c b5 18  |#..0...z..^..|..|
00014320  f8 2a 0e 03 23 0d 00 09  01 00 1c 01 01 00 7e fe  |.*..#.........~.|
00014330  20 20 fa cd ac 3d cd 1c  32 21 ff ff 22 47 20 21  |  ...=..2!.."G !|
00014340  35 3f cd ac 3d cd 5f 21  22 11 1f 21 ff ff 22 47  |5?..=._!"..!.."G|
00014350  20 eb cd 53 31 c8 3a 59  16 fe 1c c0 cd 11 11 1a  | ..S1.:Y........|
00014360  fe 20 c0 23 22 47 20 c9  cd 1f 3b 03 6d 65 6d 6f  |. .#"G ...;.memo|
00014370  72 79 20 66 75 6c 6c 03  0d 00 b7 cb 1c cb 1d 7d  |ry full........}|
00014380  c9 23 7e fe 20 28 fa fe  3b c8 b7 c9 c5 06 08 07  |.#~. (..;.......|
00014390  f5 3e 30 ce 00 cd a4 3b  f1 10 f4 c1 c9 0e 01 18  |.>0....;........|
000143a0  02 0e ff e6 7f 6f 26 00  18 4a 0e 30 e5 d5 c5 6f  |.....o&..J.0...o|
000143b0  26 00 cd c0 31 18 26 6f  af 67 18 02 3e ff 32 99  |&...1.&o.g..>.2.|
000143c0  31 e5 d5 c5 0e ff 3e 00  b7 28 0c 11 00 f0 cd d1  |1.....>..(......|
000143d0  31 11 00 ff cd d1 31 11  f0 ff cd c9 31 c3 f9 3a  |1.....1.....1..:|
000143e0  0e 30 11 f0 d8 cd d1 31  11 18 fc cd d1 31 11 9c  |.0.....1.....1..|
000143f0  ff cd d1 31 11 f6 ff cd  d1 31 11 ff ff 0e ff 06  |...1.....1......|
00014400  2f 22 db 31 04 19 38 f9  21 00 00 78 b9 ca a2 3b  |/".1..8.!..x...;|
00014410  0d 28 0c 0e ff fe 3a 38  03 c6 07 47 c3 a4 3b f5  |.(....:8...G..;.|
00014420  d6 30 b9 0e 01 28 03 f1  18 e9 f1 c9 e6 03 0d 00  |.0...(..........|
00014430  0a 01 00 34 01 01 00 87  87 87 87 87 5f 16 00 21  |...4........_..!|
00014440  80 00 19 e5 3e 09 85 6f  7e 32 c5 0c 23 7e 32 d6  |....>..o~2..#~2.|
00014450  0c e1 c9 3a 5c 00 32 5c  00 e5 cd 3e 34 3e 00 b7  |...:\.2\...>4>..|
00014460  28 15 3e 01 32 8e 37 af  32 27 32 5f cd 20 01 11  |(.>.2.7.2'2_. ..|
00014470  8e 37 0e 0d cd 4b 35 3a  5c 00 5f 0e 18 cd 05 00  |.7...K5:\._.....|
00014480  3a 5c 00 5f 01 10 00 0d  fa 68 32 04 cd 4c 31 30  |:\._.....h2..L10|
00014490  f6 78 bb 20 f2 3a 94 09  bb 28 04 1e 01 18 02 1e  |.x. .:...(......|
000144a0  00 3a 5c 00 cd d0 32 28  19 38 1a 5e 23 56 23 ed  |.:\...2(.8.^#V#.|
000144b0  53 96 28 11 08 00 cd 8f  0e 38 02 23 23 19 7e 23  |S.(......8.##.~#|
000144c0  66 6f cd be 34 ed 5b 7f  3e cd a5 34 11 01 00 cd  |fo..4.[.>..4....|
000144d0  79 28 21 01 00 7c b5 32  8e 28 af 32 b1 28 cd 8f  |y(!..|.2.(.2.(..|
000144e0  0e 38 22 3e 16 cd cc 3d  11 00 00 23 23 23 7c b7  |.8">...=...###|.|
000144f0  28 09 3a 75 3e 3c 32 b1  28 b7 1f 21 00 cc 57 cd  |(.:u><2.(..!..W.|
00014500  54 2d 22 8e 14 e1 c9 32  8e 37 3d 4f 3a 16 01 3c  |T-"....2.7=O:..<|
00014510  20 02 cb f9 3e 09 cd 1b  da 3a 23 09 b7 c0 32 94  | ...>....:#...2.|
00014520  09 7c b5 c0 cd 1f 3b 0d  07 44 69 73 6b 20 6c 6f  |.|....;..Disk lo|
00014530  67 20 45 52 52 4f 52 0d  00 0b 01 00 62 01 01 00  |g ERROR.....b...|
00014540  20 6f 6e a0 3a 5c 00 32  94 09 f5 cd 20 38 cd 1f  | on.:\.2.... 8..|
00014550  3b 2c 20 6c 6f 67 67 69  6e 67 20 74 6f 20 64 72  |;, logging to dr|
00014560  69 76 65 20 6f 6e 6c f9  f1 b7 3f c9 3a 23 09 b7  |ive onl...?.:#..|
00014570  28 07 2a 0c 03 f9 c3 3f  09 cd 1f 3b 0d 02 4c 4f  |(.*....?...;..LO|
00014580  c7 cd 1f 3b 20 6f 6e a0  3a 8e 37 b7 20 03 3a 5c  |...; on.:.7. .:\|
00014590  00 cd 20 38 3a ad 26 32  5c 00 cd 1e 39 c3 5e 05  |.. 8:.&2\...9.^.|
000145a0  cd 66 33 c3 d2 11 cd 1f  3b 03 04 20 69 73 20 52  |.f3.....;.. is R|
000145b0  2f cf c9 cd 92 33 c0 cd  22 09 28 04 e1 c3 f5 08  |/....3..".(.....|
000145c0  cd 1f 3b 0d 4e 6f 20 04  73 a0 21 5d 00 cd 07 0d  |..;.No .s.!]....|
000145d0  18 af cd 55 35 0e 11 d5  cd 22 34 d1 f5 1a c6 40  |...U5...."4....@|
000145e0  32 bf 33 1a cd 00 34 30  08 cd b3 33 38 03 f1 18  |2.3...40...38...|
000145f0  e4 f1 c9 3a 6f 01 b7 28  39 cd 1f 3b 0d 05 17 41  |...:o..(9..;...A|
00014600  3a 18 20 69 73 20 52 2f  4f 2c 20 59 3d 52 65 73  |:. is R/O, Y=Res|
00014610  65 74 2c 20 4e 3d 71 75  69 f4 cd 18 1d 28 10 fe  |et, N=qui....(..|
00014620  49 3e ff 32 bb 38 c2 5e  05 cd 1a 3b af 3f c9 cd  |I>.2.8.^...;.?..|
00014630  1a 3b 3e ff 32 27 32 c5  d5 cd 1c 32 d1 c1 af c9  |.;>.2'2....2....|
00014640  0d 00 0c 01 00 bb 01 01  00 d5 c5 e5 f5 0e 1d cd  |................|
00014650  05 00 f1 3d fe 08 38 03  6c d6 08 47 7d 05 fa 1b  |...=..8.l..G}...|
00014660  34 1f 18 f9 1f e1 c1 d1  c9 0e 12 cd 4b 35 fe ff  |4...........K5..|
00014670  c9 11 a5 3e 0e 16 cd 55  35 cd 22 34 c0 c3 3a 38  |...>...U5."4..:8|
00014680  11 a5 3e 0e 13 18 e4 11  80 00 0e 1a d5 ed 53 fe  |..>...........S.|
00014690  35 cd 05 00 c1 3e 0c c3  cc 3d 11 a5 3e 0e 17 18  |5....>...=..>...|
000146a0  ca 0e 0f cd 55 35 cd 22  34 c0 cd 1f 3b 03 04 20  |....U5."4...;.. |
000146b0  6e 6f 74 20 66 6f 75 6e  e4 c3 41 33 11 a5 3e d5  |not foun..A3..>.|
000146c0  cd 3e 34 d1 0e 10 cd 22  34 c0 cd 1f 3b 03 02 63  |.>4...."4...;..c|
000146d0  6c 6f 73 65 20 84 cd 1e  39 c3 47 38 3e fe 32 1d  |lose ...9.G8>.2.|
000146e0  18 0e 14 cd 4b 35 f5 af  32 1d 18 f1 b7 c9 e5 21  |....K5..2......!|
000146f0  27 00 cd 54 2d e1 da 58  2d ed 53 71 28 42 4b e5  |'..T-..X-.Sq(BK.|
00014700  3e 0a cd 1e da e1 c9 11  72 3e 06 0f cd 66 3a 21  |>.......r>...f:!|
00014710  17 35 7e f5 3a 75 3e 77  e5 ed 5b 77 3e cd 0d 35  |.5~.:u>w..[w>..5|
00014720  22 a7 34 ed 53 52 2d e1  f1 77 3a 5c 00 f5 e5 d5  |".4.SR-..w:\....|
00014730  c5 32 8e 37 11 8e 37 cd  27 37 3d 5f 0e 0e cd 05  |.2.7..7.'7=_....|
00014740  00 cd ec 36 3e 08 cd 18  da 0d 00 0d 01 00 01 01  |...6>...........|
00014750  01 00 c1 d1 e1 f1 c9 ed  53 b4 36 af 32 17 35 62  |........S.6.2.5b|
00014760  6b 3a 74 3e 29 3d 20 fc  3e 00 85 6f eb 2a 72 3e  |k:t>)= .>..o.*r>|
00014770  7d 2f 6f 7c 2f 67 23 eb  01 00 00 03 19 38 fc 0b  |}/o|/g#......8..|
00014780  eb 2a 72 3e 19 e5 2a 7f  3e 09 eb e1 23 22 77 28  |.*r>..*.>...#"w(|
00014790  eb 22 71 28 c9 e6 7f 5f  0e 20 c3 05 00 cd 27 37  |."q(..._. ....'7|
000147a0  cd 05 00 cd ec 36 c9 e5  c5 21 0c 00 19 06 17 36  |.....6...!.....6|
000147b0  00 23 10 fb c1 e1 c9 3a  59 16 fe 34 ca 92 1a cd  |.#.....:Y..4....|
000147c0  1f 3b 03 62 61 64 20 73  65 63 74 6f 72 20 6f 6e  |.;.bad sector on|
000147d0  a0 3a 1d 18 b7 ca 48 33  fe fe c2 76 36 3a 1a 01  |.:....H3...v6:..|
000147e0  b7 28 f2 f5 3a 59 16 fe  02 28 05 fe 1d c2 48 33  |.(..:Y...(....H3|
000147f0  3a ad 26 32 85 05 cd 1f  3b 72 65 61 e4 f1 fa bf  |:.&2....;rea....|
00014800  35 cd 1f 3b 2c 20 61 62  6f 72 f4 cd 18 1d ca 5e  |5..;, abor.....^|
00014810  05 ed 5b 49 1f 3a 59 16  fe 02 28 03 11 00 00 2a  |..[I.:Y...(....*|
00014820  11 1f 19 0e 80 3a 1b 01  77 23 0d 20 fb 3a 59 16  |.....:..w#. .:Y.|
00014830  fe 34 c8 cd 1a 3b 21 a1  3e 34 21 7c 00 34 3e 00  |.4...;!.>4!|.4>.|
00014840  c9 e5 cd f6 35 c3 64 36  3e ff 3c ca 2c 36 e5 21  |....5.d6>.<.,6.!|
00014850  80 35 0d 00 0e 01 00 50  01 01 00 e5 ed 5b 8e 14  |.5.....P.....[..|
00014860  cd 41 34 cd 2c 36 d1 f5  cd 41 34 3a f7 35 5f 21  |.A4.,6...A4:.5_!|
00014870  80 00 54 cd 04 38 ed 5b  8e 14 19 ed 5b fe 35 06  |..T..8.[....[.5.|
00014880  80 cd 66 3a f1 e1 c9 3e  0d c3 27 da e5 c5 3a f7  |..f:...>..'...:.|
00014890  35 3c 28 25 2a fe 35 e5  ed 5b 8e 14 cd 41 34 cd  |5<(%*.5..[...A4.|
000148a0  2c 36 3a f7 35 5f 21 80  00 54 cd 04 38 ed 5b 8e  |,6:.5_!..T..8.[.|
000148b0  14 19 eb e1 06 80 cd 66  3a 0e 01 cd 6a 36 c1 b7  |.......f:...j6..|
000148c0  e1 c2 65 35 c9 cd 8f 0e  38 02 e5 e1 3e 0e c3 2a  |..e5....8...>..*|
000148d0  da ed 5b 7f 3e 2a 71 28  cd 54 2d 30 05 3e 02 32  |..[.>*q(.T-0.>.2|
000148e0  1d 18 3a 0c 01 3d cc 1a  3b cd 29 2b 3a 1d 18 b7  |..:..=..;.)+:...|
000148f0  fa ad 36 fe 7f ca b1 37  fe 02 ca bc 37 2a 2a 18  |..6....7....7**.|
00014900  af 77 23 77 3d 32 1d 18  cd 1a 3b cd d7 37 01 00  |.w#w=2....;..7..|
00014910  00 2a 11 1f 23 22 11 1f  2a 2a 18 2b cd d3 14 28  |.*..#"..**.+...(|
00014920  19 23 7e 23 b9 20 03 7e  b8 c8 7e 2b b6 23 20 f1  |.#~#. .~..~+.# .|
00014930  70 23 77 23 77 2b 2b 2b  71 c9 23 7e b9 c8 b7 20  |p#w#w+++q.#~... |
00014940  f9 71 23 77 23 77 c9 f5  cd 8f 0e 30 05 3e ff 3c  |.q#w#w.....0.>.<|
00014950  28 02 f1 c9 f1 22 77 37  e3 22 05 0d 00 0f 01 00  |(...."w7."......|
00014960  50 01 01 00 37 31 1d 3f  21 54 35 e3 d5 f5 11 99  |P...71.?!T5.....|
00014970  cc 2a 06 00 23 23 23 73  23 72 23 11 a5 cc 73 23  |.*..###s#r#...s#|
00014980  72 23 11 ab cc 73 23 72  f1 18 4e f5 cd 8f 0e 30  |r#...s#r..N....0|
00014990  06 3a f3 36 3c 28 02 f1  c9 f1 22 77 37 21 00 00  |.:.6<(...."w7!..|
000149a0  39 22 02 37 d5 f5 1a 32  8e 37 f1 2a 06 00 23 23  |9".7...2.7.*..##|
000149b0  23 5e 23 56 ed 53 0b 37  23 5e 23 56 ed 53 18 37  |#^#V.S.7#^#V.S.7|
000149c0  23 5e 23 56 ed 53 1f 37  11 95 37 72 2b 73 2b 11  |#^#V.S.7..7r+s+.|
000149d0  7a 37 72 2b 73 2b 72 2b  73 d1 21 80 37 c9 cd ec  |z7r+s+r+s.!.7...|
000149e0  36 3a 1d 18 fe fe ca 65  35 b7 c0 3a 5c 00 b7 20  |6:.....e5..:\.. |
000149f0  05 3e 01 32 5c 00 c3 2c  33 cd ec 36 cd 1f 3b 0d  |.>.2\..,3..6..;.|
00014a00  0d 50 72 65 73 73 20 5e  43 2c 20 05 69 73 20 52  |.Press ^C, .is R|
00014a10  2f cf c3 41 33 cd 1f 3b  20 69 6e 20 64 69 72 00  |/..A3..; in dir.|
00014a20  3e 01 32 1d 18 cd 1f 3b  20 6f 6e 20 73 79 73 74  |>.2....; on syst|
00014a30  65 6d 20 74 72 61 63 6b  73 8d c9 ed 5b 7f 3e 2a  |em tracks...[.>*|
00014a40  71 28 cd 54 2d eb 2a 72  3e cd 04 38 eb 2a 77 28  |q(.T-.*r>..8.*w(|
00014a50  2b 19 3a 75 3e 47 7d a0  32 17 35 3a 74 3e 47 cd  |+.:u>G}.2.5:t>G.|
00014a60  4c 31 10 fb 0d 00 10 01  00 aa 01 01 00 22 b4 36  |L1...........".6|
00014a70  c9 c5 d5 eb 4d 44 3e 10  21 00 00 29 f5 79 17 4f  |....MD>.!..).y.O|
00014a80  78 17 47 30 01 19 f1 3d  20 f1 d1 c1 c9 cd 25 38  |x.G0...= .....%8|
00014a90  3e fa c6 40 c3 a4 3b 11  a5 3e 0e 15 cd 4b 35 b7  |>..@..;..>...K5.|
00014aa0  c8 3d 28 2f 3d 28 3b cd  1f 3b 07 03 64 69 72 20  |.=(/=(;..;..dir |
00014ab0  66 75 6c ec cd 4d 38 c3  5e 05 cd 1f 3b 20 6f 6e  |ful..M8.^...; on|
00014ac0  20 64 72 69 76 65 a0 cd  5f 38 18 c1 0e 19 cd 05  | drive.._8......|
00014ad0  00 3c c9 cd 1f 3b 03 02  65 78 74 65 6e 64 20 84  |.<...;..extend .|
00014ae0  18 d2 cd 1f 3b 07 03 05  66 75 6c 6c 20 6f 6e a0  |....;...full on.|
00014af0  3a a5 3e cd 20 38 cd 73  34 cd 37 34 3a 66 01 b7  |:.>. 8.s4.74:f..|
00014b00  20 b5 3a 59 16 fe 1c 28  ae 2a 0c 03 f9 c3 d2 11  | .:Y...(.*......|
00014b10  3a 1d 01 32 0a 3c ed 5b  49 1f 12 f5 e5 c5 d5 d1  |:..2.<.[I.......|
00014b20  d5 af 32 08 3a 13 12 3e  fc b7 fa 3b 39 d5 cd 3e  |..2.:..>...;9..>|
00014b30  34 cd 12 39 11 43 3e d5  cd 58 34 d1 28 66 3a 52  |4..9.C>..X4.(f:R|
00014b40  3e 3d 32 63 3e fa 37 39  cd 93 34 20 57 d1 d5 21  |>=2c>.79..4 W..!|
00014b50  80 00 46 04 cd 66 3a e1  e5 46 23 7e cd a4 3b 10  |..F..f:..F#~..;.|
00014b60  f9 23 36 20 23 af 77 32  0a 3c 21 51 3e 10 0d 01  |.#6 #.w2.<!Q>...|
00014b70  32 0d 01 01 01 00 8b 01  01 00 77 23 35 11 43 3e  |2.........w#5.C>|
00014b80  cd 76 34 28 2c cd 32 39  d1 c3 00 35 1e ff cd 46  |.v4(,.29...5...F|
00014b90  35 32 33 39 3e 80 18 16  21 bb 38 7e b7 f8 2f 77  |5239>...!.8~../w|
00014ba0  cd 3e 34 cd 12 39 11 43  3e cd 3a 34 3e 00 c3 43  |.>4..9.C>.:4>..C|
00014bb0  35 cd 1e 39 d1 13 eb cd  d2 3a fe 10 28 f9 fe 0d  |5..9.....:..(...|
00014bc0  ca 96 39 fe 5f 28 69 fe  7f 28 65 fe 08 28 61 fe  |..9._(i..(e..(a.|
00014bd0  15 ca 32 3a fe 12 ca 3c  3a fe 05 ca 5f 3a fe 18  |..2:...<:..._:..|
00014be0  ca 2d 3a fe 5e 20 14 cd  d2 3a fe 10 28 f9 cd c2  |.-:.^ ...:..(...|
00014bf0  3a fe 21 38 c9 fe 5e 28  02 d6 40 47 3a 09 01 b8  |:.!8..^(..@G:...|
00014c00  20 1b 3a 59 16 fe 1a 20  14 3a c8 21 2f 32 c8 21  | .:Y... .:.!/2.!|
00014c10  36 20 23 f5 af 77 32 0a  3c f1 c3 00 35 eb e1 e5  |6 #..w2.<...5...|
00014c20  7e 23 34 be ca 56 3a eb  70 78 cd f2 39 23 18 87  |~#4..V:.px..9#..|
00014c30  cd bb 39 18 82 eb c1 e1  e5 c5 23 7e d6 01 77 38  |..9.......#~..w8|
00014c40  36 eb 2b 3a 93 01 b7 46  36 20 20 32 3a 08 3a 3c  |6.+:...F6  2:.:<|
00014c50  3c 32 08 3a 78 fe 20 30  1b cd 25 38 3a 08 3a 3c  |<2.:x. 0..%8:.:<|
00014c60  3c 32 08 3a f5 3e 5e cd  a4 3b f1 c9 fe 20 dc ea  |<2.:.>^..;... ..|
00014c70  39 da 25 38 c3 a4 3b 33  33 34 0d 01 02 01 00 e7  |9.%8..;334......|
00014c80  01 01 00 eb c3 3d 39 cd  13 3a 3e 00 b7 c8 06 20  |.....=9..:>.... |
00014c90  3d 32 08 3a 18 f1 78 fe  20 3a 93 01 dc 1f 3a 3a  |=2.:..x. :....::|
00014ca0  93 01 cd a4 3b 3e 20 cd  a4 3b 3a 93 01 c3 a4 3b  |....;> ..;:....;|
00014cb0  cd bb 39 18 fb cd 1a 3b  af 32 08 3a c3 b2 38 d1  |..9....;.2.:..8.|
00014cc0  d5 13 1a 47 cd 1f 3b 23  8d af 32 08 3a b0 28 0f  |...G..;#..2.:.(.|
00014cd0  13 1a cd f2 39 10 f9 18  06 cd 1f 3b 87 35 eb c3  |....9......;.5..|
00014ce0  3d 39 cd 1a 3b 18 f8 06  24 7e 12 23 13 10 fa c9  |=9..;...$~.#....|
00014cf0  e5 cd 73 3a e1 c9 1e ff  0e 06 cd 05 00 b7 28 30  |..s:..........(0|
00014d00  cd cc 3a 32 bd 3b fe 13  28 4b fe 20 20 07 f6 80  |..:2.;..(K.  ...|
00014d10  32 bd 3b e6 7f c5 47 3a  0f 01 b8 78 c1 28 36 cd  |2.;...G:...x.(6.|
00014d20  a6 3a d8 e6 0f 32 69 01  c9 fe 30 d8 fe 3a 3f c9  |.:...2i...0..:?.|
00014d30  f6 01 c9 cd ab 3d cd 9c  3a da b6 3d c3 5e 05 cd  |.....=..:..=.^..|
00014d40  d2 3a cd a4 3b fe 61 d8  fe 7b 3f d8 e6 5f c9 e5  |.:..;.a..{?.._..|
00014d50  d5 c5 c3 df 3a e5 d5 c5  1e ff 0e 06 cd 05 00 b7  |....:...........|
00014d60  28 f6 32 d8 16 fe 03 ca  0e 3b fe 10 28 18 47 3a  |(.2......;..(.G:|
00014d70  0b 01 b8 28 0b 78 fe 0a  20 02 3e 0d c1 d1 e1 c9  |...(.x.. .>.....|
00014d80  cd 7e 0e 0d 01 03 01 00  66 01 01 00 c3 77 05 f5  |.~......f....w..|
00014d90  3a 04 3c 2f 32 04 3c f1  18 eb cd f2 39 cd 7e 0e  |:.</2.<.....9.~.|
00014da0  cd 1e 39 c3 65 04 cd 1f  3b 8d c9 22 75 3b e3 d5  |..9.e...;.."u;..|
00014db0  cd 5a 0d 7e e6 7f ca 5e  05 11 81 3b fe 01 cc 78  |.Z.~...^...;...x|
00014dc0  3b 11 89 3b fe 02 cc 78  3b 11 93 3b fe 03 cc 78  |;..;...x;..;...x|
00014dd0  3b 11 97 3b fe 04 cc 78  3b 11 9c 3b fe 05 cc 78  |;..;...x;..;...x|
00014de0  3b fe 17 cc 5a 0d fe 18  cc 54 0d b7 c4 a4 3b fe  |;...Z....T....;.|
00014df0  0d 3e 0a cc a4 3b cb 7e  23 28 b8 cd 54 0d d1 e3  |.>...;.~#(..T...|
00014e00  21 00 00 c9 1a b7 c8 cd  a4 3b 13 18 f7 73 65 63  |!........;...sec|
00014e10  74 6f 72 73 00 07 63 61  6e 20 6e 6f 74 20 00 20  |tors..can not . |
00014e20  2d 20 00 66 69 6c 65 00  64 69 73 6b 20 00 3e 20  |- .file.disk .> |
00014e30  e5 d5 c5 f5 e6 7f 5f fe  07 20 07 3a 12 01 b7 c2  |......_.. .:....|
00014e40  23 3c 3a 1f 01 bb 20 41  3e 20 57 e6 7f fe 20 20  |#<:... A> W...  |
00014e50  38 7a b7 fa e9 3b 3a 04  3c b7 20 2d 3e 18 3d fa  |8z...;:.<. ->.=.|
00014e60  fd 3b 32 d1 3b 20 22 3a  05 01 b7 f5 e6 7f 32 d1  |.;2.; ":......2.|
00014e70  3b f1 fa fd 3b cd d2 3a  57 fe 0d 3e 20 28 07 7a  |;...;..:W..> (.z|
00014e80  fe 20 20 02 ee 80 32 bd  3b cd 27 3c 0d 01 04 01  |.  ...2.;.'<....|
00014e90  00 03 01 01 00 f1 f5 5f  3e 00 b7 c4 30 3c 3e 00  |......._>...0<>.|
00014ea0  b7 cc 6d 3a 3a 69 01 b7  28 0e 57 5f 62 2e 00 29  |..m::i..(.W_b..)|
00014eb0  2b 7c b5 20 fb 1d 20 f4  f1 c3 f9 3a 3a 49 3c 32  |+|. .. ....::I<2|
00014ec0  31 3c af 18 07 3e 02 32  49 3c 3e ff 32 69 3c 7b  |1<...>.2I<>.2i<{|
00014ed0  f5 fe 09 28 08 fe 0d 20  14 3e ff 18 19 16 03 3e  |...(... .>.....>|
00014ee0  20 cd 57 3c 14 7a fe 08  20 f5 f1 c9 f5 3a 49 3c  | .W<.z.. ....:I<|
00014ef0  3c fe 08 20 01 af 32 49  3c f1 f5 d5 5f 3e 00 b7  |<.. ..2I<..._>..|
00014f00  0e 06 28 1d 3a 94 01 b7  28 15 d9 3e 0f cd 2d da  |..(.:...(..>..-.|
00014f10  d9 b7 20 0b d9 cd 6d 3a  d9 fe 10 20 ed 18 05 0e  |.. ...m:... ....|
00014f20  05 cd 05 00 d1 f1 c9 cd  1c 32 cd 1f 3b 0d 05 63  |.........2..;..c|
00014f30  61 70 61 63 69 74 79 3a  89 cd 29 27 cd ef 27 cd  |apacity:..)'..'.|
00014f40  1f 3b 0d 74 72 61 63 6b  73 3a 09 89 2a a7 34 23  |.;.tracks:..*.4#|
00014f50  cd b2 31 2a 7f 3e e5 cd  b2 31 cd 1f 3b 20 73 79  |..1*.>...1..; sy|
00014f60  73 74 65 6d 0d 01 2f 74  72 61 63 6b 3a 89 2a 72  |stem../track:.*r|
00014f70  3e e5 cd b2 31 2a 52 2d  cd b2 31 cd 1f 3b 20 6c  |>...1*R-..1..; l|
00014f80  61 73 74 09 a8 2a 96 28  7c b5 20 06 cd 1f 3b 4e  |ast..*.(|. ...;N|
00014f90  4f a0 cd 1f 3b 0d 01 05  01 00 a9 01 01 00 64 65  |O...;.........de|
00014fa0  62 6c 6f 63 6b 69 6e 67  29 0d 01 2f 73 79 73 74  |blocking)../syst|
00014fb0  65 6d 3a 89 d1 e1 cd 04  38 cd b2 31 2a 79 3e 23  |em:.....8..1*y>#|
00014fc0  e5 0e 04 cd 3c 1d cd b2  31 cd 1f 3b 20 64 69 72  |....<...1..; dir|
00014fd0  0d 64 69 72 20 65 6e 74  72 69 65 73 3a 89 e1 e5  |.dir entries:...|
00014fe0  cd b2 31 e1 0e 20 cd 3c  1d cd ef 27 cd 1f 3b 0d  |..1.. .<...'..;.|
00014ff0  01 2f 67 72 6f 75 70 3a  89 3a 75 3e 3c 6f 26 00  |./group:.:u><o&.|
00015000  cd b2 31 cd 3a 27 17 6f  26 00 cd ef 27 2a 77 3e  |..1.:'.o&...'*w>|
00015010  3e 30 32 97 31 cd 8e 31  3e ff 32 97 31 cd 1f 3b  |>02.1..1>.2.1..;|
00015020  48 20 67 72 6f 75 70 73  0d 6b 62 79 74 65 73 2f  |H groups.kbytes/|
00015030  65 78 74 65 6e 74 3a 89  21 08 00 3a 76 3e 29 3d  |extent:.!..:v>)=|
00015040  f2 a0 3d cd ef 27 c3 5e  05 2b cd 53 31 c0 18 04  |..=..'.^.+.S1...|
00015050  1a fe 20 c8 cd 1f 3b 07  03 69 6e 76 61 6c 69 64  |.. ...;..invalid|
00015060  20 61 72 67 75 6d 65 6e  74 00 32 67 3e 32 68 3e  | argument.2g>2h>|
00015070  22 6d 3e ed 53 6b 3e ed  43 69 3e 11 67 3e 0e 32  |"m>.Sk>.Ci>.g>.2|
00015080  c3 05 00 33 74 23 18 37  24 0d ac 26 1a 90 21 1b  |...3t#.7$..&..!.|
00015090  b0 3a 1f bd 2b 1e bd 2b  16 92 3c 0f 15 17 0d 01  |.:..+..+..<.....|
000150a0  06 01 00 b2 fb 00 02 00  54 15 f7 27 0a 80 20 2a  |........T..'.. *|
000150b0  27 21 2b 50 21 19 9c 0e  2d 12 21 2e 17 21 2f 1c  |'!+P!...-.!..!/.|
000150c0  21 30 21 21 20 93 2b 21  93 2b 24 56 2f 25 48 2f  |!0!! .+!.+$V/%H/|
000150d0  23 4f 2f 22 41 2f 26 69  2e 27 dd 30 28 a2 30 29  |#O/"A/&i.'.0(.0)|
000150e0  61 2f 31 d1 0b 32 4b 07  0e 4b 23 ff 01 24 24 24  |a/1..2K..K#..$$$|
000150f0  20 20 20 20 20 53 55 42  00 00 80 00 5a 01 07 00  |     SUB....Z...|
00015100  00 00 9e 00 ff 00 00 00  0c 0c 00 3e 0a d9 00 00  |...........>....|
00015110  43 4f 4d 40 00 04 0f 01  97 00 7f 00 c0 00 20 00  |COM@.......... .|
00015120  02 22 e0 32 19 22 ba 34  19 22 e0 28 19 19 22 2f  |.".2.".4.".(.."/|
00015130  36 19 22 74 36 19 22 79  3c 19 22 9d 28 e1 3a 0d  |6."t6."y<.".(.:.|
00015140  01 5f cd 8f 0e 0e 2d d4  05 00 3a 69 01 f5 cd 6d  |._....-...:i...m|
00015150  3a f1 32 69 01 ed 5b 0e  03 13 21 80 00 46 78 32  |:.2i..[...!..Fx2|
00015160  35 06 23 3a 5d 00 fe 20  c4 66 3a eb 36 20 23 36  |5.#:].. .f:.6 #6|
00015170  00 3a 5c 00 b7 cc 5f 38  32 5c 00 32 ad 26 3a 6a  |.:\..._82\.2.&:j|
00015180  01 32 bb 38 b7 fa 6a 04  b7 20 03 3a 5c 00 32 43  |.2.8..j.. .:\.2C|
00015190  3e cd 3e 34 11 43 3e cd  92 33 32 bb 38 18 05 3e  |>.>4.C>..32.8..>|
000151a0  ff 0d 01 07 01 00 cf 01  01 00 32 27 32 2a 0c 03  |..........2'2*..|
000151b0  f9 3e ff 32 0a 3c 3a 27  32 6f cd 1c 32 3a 35 06  |.>.2.<:'2o..2:5.|
000151c0  b7 c2 5e 05 3a 1e 01 b7  fa 5e 05 a5 c2 5e 05 cd  |..^.:....^...^..|
000151d0  1f 3b 0d 0d 09 4d 45 4e  55 21 20 33 2e 30 38 20  |.;...MENU! 3.08 |
000151e0  6f 6e 20 43 50 2f 4d a0  cd 5a 0d 3e 22 1f 1f 1f  |on CP/M..Z.>"...|
000151f0  1f e6 0f c6 30 cd a4 3b  3e 2e cd a4 3b 3a a9 04  |....0..;>...;:..|
00015200  e6 0f c6 30 cd a4 3b cd  a2 3b cd 8f 0e 38 0d 3e  |...0..;..;...8.>|
00015210  00 b7 3e 4e cc a4 3b 3e  42 cd a4 3b cd 1f 3b 20  |..>N..;>B..;..; |
00015220  5a 0d 0d 43 6f 70 79 72  69 67 68 74 20 28 63 29  |Z..Copyright (c)|
00015230  20 31 39 38 31 2c 20 38  32 2c 20 38 33 2c 20 38  | 1981, 82, 83, 8|
00015240  34 20 62 79 20 50 41 56  45 4c 20 42 52 45 44 45  |4 by PAVEL BREDE|
00015250  52 0d 09 41 6c 6c 20 72  69 67 68 74 73 20 72 65  |R..All rights re|
00015260  73 65 72 76 65 64 2e 20  30 34 2f 31 38 2f 38 34  |served. 04/18/84|
00015270  0d 0d 20 20 20 20 46 6f  72 20 54 41 20 41 4c 50  |..    For TA ALP|
00015280  48 41 54 52 4f 4e 49 43  20 50 43 20 66 72 6f 6d  |HATRONIC PC from|
00015290  20 43 4f 4d 50 55 54 49  4e 47 21 1b 55 34 30 0d  | COMPUTING!.U40.|
000152a0  8d 2a 0c 03 f9 3a 35 06  b7 20 0d 01 08 01 00 dd  |.*...:5.. ......|
000152b0  01 01 00 0f 3a 92 01 b7  f2 77 05 3e 20 32 bd 3b  |....:....w.> 2.;|
000152c0  c3 71 23 2a 0c 03 f9 cd  54 0d 3a 0d 01 32 f3 36  |.q#*....T.:..2.6|
000152d0  3e 00 b7 28 0a 32 5c 00  3a 16 01 3d cc 1c 32 3a  |>..(.2\.:..=..2:|
000152e0  16 01 3d 20 04 2f 32 27  32 3a 8d 06 fe ff 28 0b  |..= ./2'2:....(.|
000152f0  f6 80 32 86 0f 32 d3 11  cd 43 35 3a 25 09 b7 3a  |..2..2...C5:%..:|
00015300  d3 11 c4 43 35 1e ff cd  46 35 f6 80 32 d3 11 32  |...C5...F5..2..2|
00015310  1e 10 3a 35 06 3c ca a0  20 21 5d 00 11 82 3e 06  |..:5.<.. !]...>.|
00015320  0b 3e 3f 77 12 23 13 10  fa 2a 0e 03 22 49 1f 3e  |.>?w.#...*.."I.>|
00015330  ff 32 ff 08 32 bd 14 3c  32 f0 1f 32 9e 1e 32 28  |.2..2..<2..2..2(|
00015340  0c 32 2e 12 32 e1 16 32  4b 0a 32 25 09 32 23 09  |.2..2..2K.2%.2#.|
00015350  32 46 09 32 51 0f 32 85  05 32 93 0f 32 1d 18 32  |2F.2Q.2..2..2..2|
00015360  3a 1f 32 99 31 32 12 1c  32 af 1f 32 19 11 32 7c  |:.2.12..2..2..2||
00015370  00 67 6f 22 10 1d 22 88  2b 3a 5c 00 32 ad 26 4f  |.go"..".+:\.2.&O|
00015380  3e 00 b7 28 07 3e ff 32  35 06 18 25 cd 1a 3b af  |>..(.>.25..%..;.|
00015390  32 d1 3b 32 bd 3b 79 cd  25 38 3a d3 11 e6 7f 4f  |2.;2.;y.%8:....O|
000153a0  3a 1c 01 b1 79 c4 6f 31  3a 07 01 cd a4 3b cd a3  |:...y.o1:....;..|
000153b0  38 2a 0e 0d 01 09 01 00  e3 01 01 00 c3 2c 01 43  |8*...........,.C|
000153c0  4f 50 59 52 49 47 48 54  20 28 43 29 20 44 49 47  |OPYRIGHT (C) DIG|
000153d0  49 54 41 4c 20 52 45 53  45 41 52 43 48 2c 20 31  |ITAL RESEARCH, 1|
000153e0  39 38 30 20 20 20 20 20  31 00 08 11 5d 00 1a fe  |980     1...]...|
000153f0  20 ca 91 01 fe 3f ca 91  01 21 00 00 1a 13 fe 20  | ....?...!..... |
00015400  ca 5f 01 b7 ca 5f 01 d6  30 fe 0a d2 72 01 29 e5  |._..._..0...r.).|
00015410  29 29 c1 09 4f 06 00 09  c3 40 01 2b 7c b7 c2 72  |))..O....@.+|..r|
00015420  01 7d fe 50 da 72 01 23  65 2e 00 c3 a1 01 11 7b  |.}.P.r.#e......{|
00015430  01 cd 72 03 c3 00 00 0d  0a 49 6e 76 61 6c 69 64  |..r......Invalid|
00015440  20 4d 65 6d 6f 72 79 20  53 69 7a 65 24 21 00 00  | Memory Size$!..|
00015450  24 ca a1 01 7e 2f 77 be  2f 77 ca 94 01 e5 2a 06  |$...~/w./w....*.|
00015460  00 22 77 03 e1 e5 7c 0f  0f e6 3f c2 b4 01 3e 40  |."w...|...?...>@|
00015470  47 21 8a 03 3e 30 77 23  77 21 8b 03 34 7e fe 3a  |G!..>0w#w!..4~.:|
00015480  da cb 01 36 30 2b 34 05  c2 bd 01 11 7b 03 cd 72  |...60+4.....{..r|
00015490  03 21 01 08 4e 23 46 c5  21 00 09 11 8c 03 78 b1  |.!..N#F.!.....x.|
000154a0  ca 28 02 0b c5 0e 0a e5  1a be c2 16 02 13 23 0d  |.(............#.|
000154b0  ca 1c 02 c3 ec 01 01 af  3d c2 fc 01 0d 01 0a 01  |........=.......|
000154c0  00 d1 01 01 00 21 f3 76  22 77 03 21 74 03 36 cd  |.....!.v"w.!t.6.|
000154d0  11 84 02 21 05 00 19 eb  c3 72 03 e1 23 c1 c3 df  |...!.....r..#...|
000154e0  01 e1 c1 2b 11 8b 03 1a  77 2b 1b 1a 77 01 77 03  |...+....w+..w.w.|
000154f0  0a fe 06 3e 00 c2 56 02  02 c1 e1 c5 78 c6 00 47  |...>..V.....x..G|
00015500  7d 91 6f 7c 98 67 22 79  03 eb 21 00 09 c1 c5 3a  |}.o|.g"y..!....:|
00015510  6d 00 fe 20 ca 5f 02 09  c3 6c 02 21 fb 01 22 04  |m.. ._...l.!..".|
00015520  03 c3 03 03 78 b1 ca 6c  02 0b 7e 12 13 23 c3 5f  |....x..l..~..#._|
00015530  02 c1 e5 2a 79 03 eb 21  00 01 19 3a 6d 00 fe 20  |...*y..!...:m.. |
00015540  ca 81 02 11 00 09 78 b1  ca bd 02 c3 a1 02 0d 0a  |......x.........|
00015550  53 79 6e 63 68 72 6f 6e  69 73 61 74 69 6f 6e 20  |Synchronisation |
00015560  45 72 72 6f 72 24 0b 7b  e6 07 c2 ad 02 e3 7e 23  |Error$.{......~#|
00015570  e3 6f 7d 17 6f d2 b9 02  1a 84 12 c3 b9 02 13 c3  |.o}.o...........|
00015580  81 02 d1 11 00 12 2a 77  03 0e 06 1a be c2 56 02  |......*w......V.|
00015590  23 13 0d c2 c6 02 3a 6d  00 fe 20 ca 6a 03 06 80  |#.....:m.. .j...|
000155a0  21 00 09 7e b7 c2 06 03  23 05 c2 de 02 eb 2a 01  |!..~....#.....*.|
000155b0  08 01 80 ff 09 44 4d 21  00 09 78 b1 ca 06 03 0b  |.....DM!..x.....|
000155c0  1a 77 13 23 c3 0d 01 0b  01 00 f2 a1 00 02 00 97  |.w.#............|
000155d0  f5 02 21 c3 03 03 21 01  08 4e 23 46 21 00 09 09  |..!...!..N#F!...|
000155e0  44 21 5c 03 3e 30 77 23  77 05 ca 2e 03 21 5d 03  |D!\.>0w#w....!].|
000155f0  34 7e fe 3a da 19 03 36  30 2b 34 c3 19 03 2a 8a  |4~.:...60+4...*.|
00015600  03 22 62 03 11 3d 03 cd  72 03 c3 00 00 0d 0a 52  |."b..=..r......R|
00015610  65 61 64 79 20 66 6f 72  20 22 53 59 53 47 45 4e  |eady for "SYSGEN|
00015620  22 20 6f 72 0d 0a 22 53  41 56 45 20 30 30 20 43  |" or.."SAVE 00 C|
00015630  50 4d 30 30 2e 43 4f 4d  22 24 11 00 17 2a 79 03  |PM00.COM"$...*y.|
00015640  19 e9 0e 09 c3 05 00 00  00 00 00 0d 0a 43 6f 6e  |.............Con|
00015650  73 74 72 75 63 74 69 6e  67 20 30 30 6b 20 43 50  |structing 00k CP|
00015660  2f 4d 20 32 2e 32 24 01  34 00 00 00 01 00 0d 01  |/M 2.2$.4.......|
00015670  0c 01 00 00 05 00 01 80  00 00 00 0d 01 0d 01 00  |................|
00015680  00 05 00 01 80 00 00 00  0d 01 0e 01 00 00 05 00  |................|
00015690  01 80 00 00 00 0d 01 0f  01 00 00 05 00 01 80 00  |................|
000156a0  00 00 0d 01 10 01 00 f8  01 01 00 fa 00 21 1d 3e  |.............!.>|
000156b0  fa cd a6 1d c9 11 00 00  0e 03 cd 05 00 c9 11 00  |................|
000156c0  00 0e 01 cd 05 00 c9 21  ab 1e 71 3a ab 1e e6 7f  |.......!..q:....|
000156d0  5f 16 00 0e 02 cd 05 00  c9 0e 0d cd 1c 08 0e 0a  |_...............|
000156e0  cd 1c 08 c9 21 ad 1e 70  2b 71 cd 2e 08 2a ac 1e  |....!..p+q...*..|
000156f0  eb 0e 09 cd 05 00 c9 11  00 00 0e 0c cd 05 00 c9  |................|
00015700  11 00 00 0e 0d cd 05 00  c9 21 af 1e 71 2a af 1e  |.........!..q*..|
00015710  26 00 eb 0e 0e cd 05 00  c9 21 b1 1e 70 2b 71 2a  |&........!..p+q*|
00015720  b0 1e eb 0e 0f cd 05 00  32 ae 1e c9 21 b3 1e 70  |........2...!..p|
00015730  2b 71 2a b2 1e eb 0e 10  cd 05 00 32 ae 1e c9 21  |+q*........2...!|
00015740  b5 1e 70 2b 71 2a b4 1e  eb 0e 11 cd 05 00 32 ae  |..p+q*........2.|
00015750  1e c9 11 00 00 0e 12 cd  05 00 32 ae 1e c9 21 b7  |..........2...!.|
00015760  1e 70 2b 71 2a b6 1e eb  0e 13 cd 05 00 c9 21 b9  |.p+q*.........!.|
00015770  1e 70 2b 71 2a b8 1e eb  0e 14 cd 05 00 c9 21 bb  |.p+q*.........!.|
00015780  1e 70 2b 71 2a ba 1e eb  0e 15 cd 05 00 c9 21 bd  |.p+q*.........!.|
00015790  1e 70 2b 71 2a bc 1e eb  0e 16 cd 05 00 32 ae 1e  |.p+q*........2..|
000157a0  c9 21 bf 1e 70 2b 71 2a  be 1e eb 10 0e 00 3e 0e  |.!..p+q*......>.|
000157b0  00 01 01 00 28 01 01 00  31 ff 5f 21 69 e4 cb 9e  |....(...1._!i...|
000157c0  7e d3 20 e5 cd 5d e4 e1  cb de 7e d3 20 3e 31 32  |~. ..]....~. >12|
000157d0  66 e4 cd 4b e4 21 2b c2  11 00 60 01 cc 00 ed b0  |f..K.!+...`.....|
000157e0  c3 00 60 0e 2a cd 12 e4  21 00 00 22 c9 60 3a cb  |..`.*...!..".`:.|
000157f0  60 4f fe 20 06 00 38 04  0e 1f 91 47 51 1e ff d5  |`O. ..8....GQ...|
00015800  cb f2 7b d3 65 7a d3 65  d1 13 2a c9 60 eb 22 c9  |..{.ez.e..*.`.".|
00015810  60 21 00 00 19 7d d3 64  7c d3 64 3e 44 d3 68 21  |`!...}.d|.d>D.h!|
00015820  b6 60 cd a0 60 cd 97 60  e6 c0 f5 0e 06 cd 97 60  |.`..`..`.......`|
00015830  0d 20 fa f1 20 16 b8 ca  00 16 21 c0 60 cd 87 60  |. .. .....!.`..`|
00015840  3e 01 32 b8 60 32 ba 60  37 48 18 a8 21 77 60 7e  |>.2.`2.`7H..!w`~|
00015850  23 b7 28 0d 4f cd 12 e4  18 f5 07 42 6f 6f 74 20  |#.(.O......Boot |
00015860  00 21 c4 60 cd 87 60 c3  05 60 cd a0 60 21 c7 60  |.!.`..`..`..`!.`|
00015870  cd a0 60 cd 97 60 cd 97  60 c9 db f9 c6 40 30 fa  |..`..`..`....@0.|
00015880  db f8 c9 4e 23 db f9 cb  7f 28 fa 7e d3 f8 23 0d  |...N#....(.~..#.|
00015890  20 f3 db f0 cb 77 20 fa  c9 09 c6 00 00 00 02 01  | ....w .........|
000158a0  10 36 ff 03 0f 00 01 02  07 00 01 08 19 00 1e 3c  |.6.............<|
000158b0  2d 2d 2d 00 00 00 00 00  0e 00 02 01 00 e6 b5 00  |---.............|
000158c0  02 00 08 c3 5c 03 c3 58  03 7f 00 01 08 20 20 00  |....\..X.....  .|
000158d0  26 43 4f 50 59 52 49 47  48 54 20 28 43 29 20 31  |&COPYRIGHT (C) 1|
000158e0  39 37 39 2c 20 44 49 47  49 54 41 4c 20 52 45 53  |979, DIGITAL RES|
000158f0  45 41 52 43 48 20 20 01  25 00 00 00 78 08 00 00  |EARCH  .%...x...|
00015900  00 5f 0e 02 c3 05 00 c5  cd 8c 00 c1 c9 3e 0d cd  |._...........>..|
00015910  92 00 3e 0a c3 92 00 3e  20 c3 92 00 c5 cd 98 00  |..>....> .......|
00015920  e1 7e b7 c8 23 e5 cd 8c  00 e1 c3 ac 00 0e 0d c3  |.~..#...........|
00015930  05 00 5f 0e 0e c3 05 00  cd 05 00 32 ee 07 3c c9  |.._........2..<.|
00015940  0e 0f c3 c3 00 af 32 ed  07 11 cd 07 c3 cb 00 0e  |......2.........|
00015950  10 c3 c3 00 0e 11 c3 c3  00 0e 12 c3 c3 00 11 cd  |................|
00015960  07 c3 df 00 0e 13 c3 05  00 cd 05 00 b7 c9 0e 14  |................|
00015970  c3 f4 00 11 cd 0e 00 03  01 00 66 01 01 00 07 c3  |..........f.....|
00015980  f9 00 0e 15 c3 f4 00 0e  16 c3 c3 00 0e 17 c3 05  |................|
00015990  00 1e ff 0e 20 c3 05 00  cd 13 01 87 87 87 87 21  |.... ..........!|
000159a0  ef 07 b6 32 04 00 c9 3a  ef 07 32 04 00 c9 fe 61  |...2...:..2....a|
000159b0  d8 fe 7b d0 e6 5f c9 3a  ab 07 b7 ca 96 01 3a ef  |..{.._.:......:.|
000159c0  07 b7 3e 00 c4 bd 00 11  ac 07 cd cb 00 ca 96 01  |..>.............|
000159d0  3a bb 07 3d 32 cc 07 11  ac 07 cd f9 00 c2 96 01  |:..=2...........|
000159e0  11 07 00 21 80 00 06 80  cd 42 04 21 ba 07 36 00  |...!.....B.!..6.|
000159f0  23 35 11 ac 07 cd da 00  ca 96 01 3a ef 07 b7 c4  |#5.........:....|
00015a00  bd 00 21 08 00 cd ac 00  cd c2 01 ca a7 01 cd dd  |..!.............|
00015a10  01 c3 82 03 cd dd 01 cd  1a 01 0e 0a 11 06 00 cd  |................|
00015a20  05 00 cd 29 01 21 07 00  46 23 78 b7 ca ba 01 7e  |...).!..F#x....~|
00015a30  cd 30 01 77 05 c3 ab 01  77 21 08 00 22 88 00 c9  |.0.w....w!.."...|
00015a40  0e 0b cd 05 00 b7 c8 0e  01 cd 05 00 b7 c9 0e 19  |................|
00015a50  c3 05 00 11 80 00 0e 1a  c3 05 00 21 ab 07 7e b7  |...........!..~.|
00015a60  c8 36 00 af cd bd 00 11  ac 07 cd ef 00 3a ef 07  |.6...........:..|
00015a70  c3 bd 00 11 28 03 21 00  08 06 06 1a be c2 0e 00  |....(.!.........|
00015a80  04 01 00 6c 01 01 00 cf  03 13 23 05 c2 fd 01 c9  |...l......#.....|
00015a90  cd 98 00 2a 8a 00 7e fe  20 ca 22 02 b7 ca 22 02  |...*..~. ."...".|
00015aa0  e5 cd 8c 00 e1 23 c3 0f  02 3e 3f cd 8c 00 cd 98  |.....#...>?.....|
00015ab0  00 cd dd 01 c3 82 03 1a  b7 c8 fe 20 da 09 02 c8  |........... ....|
00015ac0  fe 3d c8 fe 5f c8 fe 2e  c8 fe 3a c8 fe 3b c8 fe  |.=.._.....:..;..|
00015ad0  3c c8 fe 3e c8 c9 1a b7  c8 fe 20 c0 13 c3 4f 02  |<..>...... ...O.|
00015ae0  85 6f d0 24 c9 3e 00 21  cd 07 cd 59 02 e5 e5 af  |.o.$.>.!...Y....|
00015af0  32 f0 07 2a 88 00 eb cd  4f 02 eb 22 8a 00 eb e1  |2..*....O.."....|
00015b00  1a b7 ca 89 02 de 40 47  13 1a fe 3a ca 90 02 1b  |......@G...:....|
00015b10  3a ef 07 77 c3 96 02 78  32 f0 07 70 13 06 08 cd  |:..w...x2..p....|
00015b20  30 02 ca b9 02 23 fe 2a  c2 a9 02 36 3f c3 ab 02  |0....#.*...6?...|
00015b30  77 13 05 c2 98 02 cd 30  02 ca c0 02 13 c3 af 02  |w......0........|
00015b40  23 36 20 05 c2 b9 02 06  03 fe 2e c2 e9 02 13 cd  |#6 .............|
00015b50  30 02 ca e9 02 23 fe 2a  c2 d9 02 36 3f c3 db 02  |0....#.*...6?...|
00015b60  77 13 05 c2 c8 02 cd 30  02 ca f0 02 13 c3 df 02  |w......0........|
00015b70  23 36 20 05 c2 e9 02 06  03 23 36 00 05 c2 f2 02  |#6 ......#6.....|
00015b80  eb 22 88 00 e1 01 0b 0e  00 05 01 00 03 01 01 00  |."..............|
00015b90  00 23 7e fe 3f c2 09 03  04 0d c2 01 03 78 b7 c9  |.#~.?........x..|
00015ba0  44 49 52 20 45 52 41 20  54 59 50 45 53 41 56 45  |DIR ERA TYPESAVE|
00015bb0  52 45 4e 20 55 53 45 52  00 00 00 00 00 00 21 10  |REN USER......!.|
00015bc0  03 0e 00 79 fe 06 d0 11  ce 07 06 04 1a be c2 4f  |...y...........O|
00015bd0  03 13 23 05 c2 3c 03 1a  fe 20 c2 54 03 79 c9 23  |..#..<... .T.y.#|
00015be0  05 c2 4f 03 0c c3 33 03  af 32 07 00 31 ab 07 c5  |..O...3..2..1...|
00015bf0  79 1f 1f 1f 1f e6 0f 5f  cd 15 01 cd b8 00 32 ab  |y......_......2.|
00015c00  07 c1 79 e6 0f 32 ef 07  cd bd 00 3a 07 00 b7 c2  |..y..2.....:....|
00015c10  98 03 31 ab 07 cd 98 00  cd d0 01 c6 41 cd 8c 00  |..1.........A...|
00015c20  3e 3e cd 8c 00 cd 39 01  11 80 00 cd d8 01 cd d0  |>>....9.........|
00015c30  01 32 ef 07 cd 5e 02 c4  09 02 3a f0 07 b7 c2 a5  |.2...^....:.....|
00015c40  06 cd 2e 03 21 c1 03 5f  16 00 19 19 7e 23 66 6f  |....!.._....~#fo|
00015c50  e9 77 04 1f 05 5d 05 ad  05 10 06 8e 06 a5 06 21  |.w...].........!|
00015c60  f3 76 22 00 00 21 00 00  e9 01 df 03 c3 a7 00 52  |.v"..!.........R|
00015c70  45 41 44 20 45 52 52 4f  52 00 01 f0 03 c3 a7 00  |EAD ERROR.......|
00015c80  4e 4f 20 46 49 4c 45 00  cd 5e 02 3a f0 07 b7 c2  |NO FILE..^.:....|
00015c90  0e 00 06 01 00 19 01 01  00 09 02 21 ce 07 01 0b  |...........!....|
00015ca0  00 7e fe 20 ca 33 04 23  d6 30 fe 0a d2 09 02 57  |.~. .3.#.0.....W|
00015cb0  78 e6 e0 c2 09 02 78 07  07 07 80 da 09 02 80 da  |x.....x.........|
00015cc0  09 02 82 da 09 02 47 0d  c2 08 04 c9 7e fe 20 c2  |......G.....~. .|
00015cd0  09 02 23 0d c2 33 04 78  c9 06 03 7e 12 23 13 05  |..#..3.x...~.#..|
00015ce0  c2 42 04 c9 21 80 00 81  cd 59 02 7e c9 af 32 cd  |.B..!....Y.~..2.|
00015cf0  07 3a f0 07 b7 c8 3d 21  ef 07 be c8 c3 bd 00 3a  |.:....=!.......:|
00015d00  f0 07 b7 c8 3d 21 ef 07  be c8 3a ef 07 c3 bd 00  |....=!....:.....|
00015d10  cd 5e 02 cd 54 04 21 ce  07 7e fe 20 c2 8f 04 06  |.^..T.!..~. ....|
00015d20  0b 36 3f 23 05 c2 88 04  1e 00 d5 cd e9 00 cc ea  |.6?#............|
00015d30  03 ca 1b 05 3a ee 07 0f  0f 0f e6 60 4f 3e 0a cd  |....:......`O>..|
00015d40  4b 04 17 da 0f 05 d1 7b  1c d5 e6 03 f5 c2 cc 04  |K......{........|
00015d50  cd 98 00 c5 cd d0 01 c1  c6 41 cd 92 00 3e 3a cd  |.........A...>:.|
00015d60  92 00 c3 d4 04 cd a2 00  3e 3a cd 92 00 cd a2 00  |........>:......|
00015d70  06 01 78 cd 4b 04 e6 7f  fe 20 c2 f9 04 f1 f5 fe  |..x.K.... ......|
00015d80  03 c2 f7 04 3e 09 cd 4b  04 e6 7f fe 20 ca 0e 05  |....>..K.... ...|
00015d90  3e 20 cd 92 00 04 78 fe  0c 0e 00 07 01 00 84 01  |> ....x.........|
00015da0  01 00 d2 0e 05 fe 09 c2  d9 04 cd a2 00 c3 d9 04  |................|
00015db0  f1 cd c2 01 c2 1b 05 cd  e4 00 c3 98 04 d1 c3 86  |................|
00015dc0  07 cd 5e 02 fe 0b c2 42  05 01 52 05 cd a7 00 cd  |..^....B..R.....|
00015dd0  39 01 21 07 00 35 c2 82  03 23 7e fe 59 c2 82 03  |9.!..5...#~.Y...|
00015de0  23 22 88 00 cd 54 04 11  cd 07 cd ef 00 3c cc ea  |#"...T.......<..|
00015df0  03 c3 86 07 41 4c 4c 20  28 59 2f 4e 29 3f 00 cd  |....ALL (Y/N)?..|
00015e00  5e 02 c2 09 02 cd 54 04  cd d0 00 ca a7 05 cd 98  |^.....T.........|
00015e10  00 21 f1 07 36 ff 21 f1  07 7e fe 80 da 87 05 e5  |.!..6.!..~......|
00015e20  cd fe 00 e1 c2 a0 05 af  77 34 21 80 00 cd 59 02  |........w4!...Y.|
00015e30  7e fe 1a ca 86 07 cd 8c  00 cd c2 01 c2 86 07 c3  |~...............|
00015e40  74 05 3d ca 86 07 cd d9  03 cd 66 04 c3 09 02 cd  |t.=.......f.....|
00015e50  f8 03 f5 cd 5e 02 c2 09  02 cd 54 04 11 cd 07 d5  |....^.....T.....|
00015e60  cd ef 00 d1 cd 09 01 ca  fb 05 af 32 ed 07 f1 6f  |...........2...o|
00015e70  26 00 29 11 00 01 7c b5  ca f1 05 2b e5 21 80 00  |&.)...|....+.!..|
00015e80  19 e5 cd d8 01 11 cd 07  cd 04 01 d1 e1 c2 fb 05  |................|
00015e90  c3 d4 05 11 cd 07 cd da  00 3c c2 01 06 01 07 06  |.........<......|
00015ea0  cd a7 0e 00 08 01 00 fe  01 01 00 00 cd d5 01 c3  |................|
00015eb0  86 07 4e 4f 20 53 50 41  43 45 00 cd 5e 02 c2 09  |..NO SPACE..^...|
00015ec0  02 3a f0 07 f5 cd 54 04  cd e9 00 c2 79 06 21 cd  |.:....T.....y.!.|
00015ed0  07 11 dd 07 06 10 cd 42  04 2a 88 00 eb cd 4f 02  |.......B.*....O.|
00015ee0  fe 3d ca 3f 06 fe 5f c2  73 06 eb 23 22 88 00 cd  |.=.?.._.s..#"...|
00015ef0  5e 02 c2 73 06 f1 47 21  f0 07 7e b7 ca 59 06 b8  |^..s..G!..~..Y..|
00015f00  70 c2 73 06 70 af 32 cd  07 cd e9 00 ca 6d 06 11  |p.s.p.2......m..|
00015f10  cd 07 cd 0e 01 c3 86 07  cd ea 03 c3 86 07 cd 66  |...............f|
00015f20  04 c3 09 02 01 82 06 cd  a7 00 c3 86 07 46 49 4c  |.............FIL|
00015f30  45 20 45 58 49 53 54 53  00 cd f8 03 fe 10 d2 09  |E EXISTS........|
00015f40  02 5f 3a ce 07 fe 20 ca  09 02 cd 15 01 c3 89 07  |._:... .........|
00015f50  cd f5 01 3a ce 07 fe 20  c2 c4 06 3a f0 07 b7 ca  |...:... ...:....|
00015f60  89 07 3d 32 ef 07 cd 29  01 cd bd 00 c3 89 07 11  |..=2...)........|
00015f70  d6 07 1a fe 20 c2 09 02  d5 cd 54 04 d1 21 83 07  |.... .....T..!..|
00015f80  cd 40 04 cd d0 00 ca 6b  07 21 00 01 e5 eb cd d8  |.@.....k.!......|
00015f90  01 11 cd 07 cd f9 00 c2  01 07 e1 11 80 00 19 11  |................|
00015fa0  00 00 7d 93 7c 9a d2 71  07 c3 e1 0e 00 09 01 00  |..}.|..q........|
00015fb0  89 b3 00 02 00 9b 06 e1  3d c2 71 07 cd 66 04 cd  |........=.q..f..|
00015fc0  5e 02 21 f0 07 e5 7e 32  cd 07 3e 10 cd 60 02 e1  |^.!...~2..>..`..|
00015fd0  7e 32 dd 07 af 32 ed 07  11 5c 00 21 cd 07 06 21  |~2...2...\.!...!|
00015fe0  cd 42 04 21 08 00 7e b7  ca 3e 07 fe 20 ca 3e 07  |.B.!..~..>.. .>.|
00015ff0  23 c3 30 07 06 00 11 81  00 7e 12 b7 ca 4f 07 04  |#.0......~...O..|
00016000  23 13 c3 43 07 78 32 80  00 cd 98 00 cd d5 01 cd  |#..C.x2.........|
00016010  1a 01 cd 00 01 31 ab 07  cd 29 01 cd bd 00 c3 82  |.....1...)......|
00016020  03 cd 66 04 c3 09 02 01  7a 07 cd a7 00 c3 86 07  |..f.....z.......|
00016030  42 41 44 20 4c 4f 41 44  00 43 4f 4d cd 66 04 cd  |BAD LOAD.COM.f..|
00016040  5e 02 3a ce 07 d6 20 21  f0 07 b6 c2 09 02 c3 82  |^.:... !........|
00016050  03 01 09 00 00 00 0b 24  24 24 20 20 20 20 20 53  |.......$$$     S|
00016060  55 42 01 24 00 00 0e 00  0a 01 00 40 01 01 00 00  |UB.$.......@....|
00016070  00 00 00 00 00 c3 11 08  99 08 a5 08 ab 08 b1 08  |................|
00016080  eb 22 43 0b eb 7b 32 d6  15 21 00 00 22 45 0b 39  |."C..{2..!.."E.9|
00016090  22 0f 0b 31 41 0b af 32  e0 15 32 de 15 21 74 15  |"..1A..2..2..!t.|
000160a0  e5 79 fe 29 d0 4b 21 47  08 5f 16 00 19 19 5e 23  |.y.).K!G._....^#|
000160b0  56 2a 43 0b eb e9 03 16  c8 0a 90 09 ce 0a 12 16  |V*C.............|
000160c0  0f 16 d4 0a ed 0a f3 0a  f8 0a e1 09 fe 0a 7e 14  |..............~.|
000160d0  83 14 45 14 9c 14 a5 14  ab 14 c8 14 d7 14 e0 14  |..E.............|
000160e0  e6 14 ec 14 f5 14 fe 14  04 15 0a 15 11 15 2c 0d  |..............,.|
000160f0  17 15 1d 15 26 15 2d 15  41 15 47 15 4d 15 0e 14  |....&.-.A.G.M...|
00016100  53 15 04 0b 04 0b 9b 15  21 ca 08 cd e5 08 fe 03  |S.......!.......|
00016110  ca 00 00 c9 21 d5 08 c3  b4 08 21 e1 08 c3 b4 08  |....!.....!.....|
00016120  21 dc 08 cd e5 08 c3 00  00 42 64 6f 73 20 45 72  |!........Bdos Er|
00016130  72 20 4f 6e 20 20 3a 20  24 42 61 64 20 53 65 63  |r On  : $Bad Sec|
00016140  74 6f 72 24 53 65 6c 65  63 74 24 46 69 6c 65 20  |tor$Select$File |
00016150  52 2f 4f 24 e5 cd c9 09  3a 42 0b c6 41 32 c6 08  |R/O$....:B..A2..|
00016160  01 ba 08 cd d3 09 c1 cd  d3 09 21 0e 0b 7e 36 0e  |..........!..~6.|
00016170  00 0b 01 00 07 01 01 00  00 b7 c0 c3 09 16 cd fb  |................|
00016180  08 cd 14 09 d8 f5 4f cd  90 09 f1 c9 fe 0d c8 fe  |......O.........|
00016190  0a c8 fe 09 c8 fe 08 c8  fe 20 c9 3a 0e 0b b7 c2  |......... .:....|
000161a0  45 09 cd 06 16 e6 01 c8  cd 09 16 fe 13 c2 42 09  |E.............B.|
000161b0  cd 09 16 fe 03 ca 00 00  af c9 32 0e 0b 3e 01 c9  |..........2..>..|
000161c0  3a 0a 0b b7 c2 62 09 c5  cd 23 09 c1 c5 cd 0c 16  |:....b...#......|
000161d0  c1 c5 3a 0d 0b b7 c4 0f  16 c1 79 21 0c 0b fe 7f  |..:.......y!....|
000161e0  c8 34 fe 20 d0 35 7e b7  c8 79 fe 08 c2 79 09 35  |.4. .5~..y...y.5|
000161f0  c9 fe 0a c0 36 00 c9 79  cd 14 09 d2 90 09 f5 0e  |....6..y........|
00016200  5e cd 48 09 f1 f6 40 4f  79 fe 09 c2 48 09 0e 20  |^.H...@Oy...H.. |
00016210  cd 48 09 3a 0c 0b e6 07  c2 96 09 c9 cd ac 09 0e  |.H.:............|
00016220  20 cd 0c 16 0e 08 c3 0c  16 0e 23 cd 48 09 cd c9  | .........#.H...|
00016230  09 3a 0c 0b 21 0b 0b be  d0 0e 20 cd 48 09 c3 b9  |.:..!..... .H...|
00016240  09 0e 0d cd 48 09 0e 0a  c3 48 09 0a fe 24 c8 03  |....H....H...$..|
00016250  c5 4f cd 90 09 c1 c3 d3  09 3a 0c 0b 32 0b 0b 2a  |.O.......:..2..*|
00016260  43 0b 4e 23 e5 06 00 c5  e5 cd fb 08 e6 7f e1 c1  |C.N#............|
00016270  fe 0d ca c1 0a fe 0a ca  0e 00 0c 01 00 47 01 01  |.............G..|
00016280  00 c1 0a fe 08 c2 16 0a  78 b7 ca ef 09 05 3a 0c  |........x.....:.|
00016290  0b 32 0a 0b c3 70 0a fe  7f c2 26 0a 78 b7 ca ef  |.2...p....&.x...|
000162a0  09 7e 05 2b c3 a9 0a fe  05 c2 37 0a c5 e5 cd c9  |.~.+......7.....|
000162b0  09 af 32 0b 0b c3 f1 09  fe 10 c2 48 0a e5 21 0d  |..2........H..!.|
000162c0  0b 3e 01 96 77 e1 c3 ef  09 fe 18 c2 5f 0a e1 3a  |.>..w......._..:|
000162d0  0b 0b 21 0c 0b be d2 e1  09 35 cd a4 09 c3 4e 0a  |..!......5....N.|
000162e0  fe 15 c2 6b 0a cd b1 09  e1 c3 e1 09 fe 12 c2 a6  |...k............|
000162f0  0a c5 cd b1 09 c1 e1 e5  c5 78 b7 ca 8a 0a 23 4e  |.........x....#N|
00016300  05 c5 e5 cd 7f 09 e1 c1  c3 78 0a e5 3a 0a 0b b7  |.........x..:...|
00016310  ca f1 09 21 0c 0b 96 32  0a 0b cd a4 09 21 0a 0b  |...!...2.....!..|
00016320  35 c2 99 0a c3 f1 09 23  77 04 c5 e5 4f cd 7f 09  |5......#w...O...|
00016330  e1 c1 7e fe 03 78 c2 bd  0a fe 01 ca 00 00 b9 da  |..~..x..........|
00016340  ef 09 e1 70 0e 0d c3 48  09 cd 06 09 c3 01 0b cd  |...p...H........|
00016350  15 16 c3 01 0b 79 3c ca  e0 0a 3c ca 06 16 c3 0c  |.....y<...<.....|
00016360  16 cd 06 16 b7 ca 91 15  cd 09 16 c3 01 0b 3a 03  |..............:.|
00016370  00 c3 01 0b 21 03 00 71  c9 eb 4d 44 c3 d3 09 cd  |....!..q..MD....|
00016380  23 0e 00 0d 01 00 91 cd  00 02 00 0a 09 32 45 0b  |#............2E.|
00016390  c9 3e 01 c3 01 0b 01 1e  00 00 00 ba 00 21 0b 08  |.>...........!..|
000163a0  5e 23 56 eb e9 0c 0d c8  1a 77 13 23 c3 50 0b 3a  |^#V......w.#.P.:|
000163b0  42 0b 4f cd 1b 16 7c b5  c8 5e 23 56 23 22 b3 15  |B.O...|..^#V#"..|
000163c0  23 23 22 b5 15 23 23 22  b7 15 23 23 eb 22 d0 15  |##"..##"..##."..|
000163d0  21 b9 15 0e 08 cd 4f 0b  2a bb 15 eb 21 c1 15 0e  |!.....O.*...!...|
000163e0  0f cd 4f 0b 2a c6 15 7c  21 dd 15 36 ff b7 ca 9d  |..O.*..|!..6....|
000163f0  0b 36 00 3e ff b7 c9 cd  18 16 af 2a b5 15 77 23  |.6.>.......*..w#|
00016400  77 2a b7 15 77 23 77 c9  cd 27 16 c3 bb 0b cd 2a  |w*..w#w..'.....*|
00016410  16 b7 c8 21 09 08 c3 4a  0b 2a ea 15 0e 02 cd ea  |...!...J.*......|
00016420  0c 22 e5 15 22 ec 15 21  e5 15 4e 23 46 2a b7 15  |.".."..!..N#F*..|
00016430  5e 23 56 2a b5 15 7e 23  66 6f 79 93 78 9a d2 fa  |^#V*..~#foy.x...|
00016440  0b e5 2a c1 15 7b 95 5f  7a 9c 57 e1 2b c3 e4 0b  |..*..{._z.W.+...|
00016450  e5 2a c1 15 19 da 0e 00  0e 01 00 d4 01 01 00 0f  |.*..............|
00016460  0c 79 95 78 9c da 0f 0c  eb e1 23 c3 fa 0b e1 c5  |.y.x......#.....|
00016470  d5 e5 eb 2a ce 15 19 44  4d cd 1e 16 d1 2a b5 15  |...*...DM....*..|
00016480  73 23 72 d1 2a b7 15 73  23 72 c1 79 93 4f 78 9a  |s#r.*..s#r.y.Ox.|
00016490  47 2a d0 15 eb cd 30 16  4d 44 c3 21 16 21 c3 15  |G*....0.MD.!.!..|
000164a0  4e 3a e3 15 b7 1f 0d c2  45 0c 47 3e 08 96 4f 3a  |N:......E.G>..O:|
000164b0  e2 15 0d ca 5c 0c b7 17  c3 53 0c 80 c9 2a 43 0b  |....\....S...*C.|
000164c0  11 10 00 19 09 3a dd 15  b7 ca 71 0c 6e 26 00 c9  |.....:....q.n&..|
000164d0  09 5e 23 56 eb c9 cd 3e  0c 4f 06 00 cd 5e 0c 22  |.^#V...>.O...^."|
000164e0  e5 15 c9 2a e5 15 7d b4  c9 3a c3 15 2a e5 15 29  |...*..}..:..*..)|
000164f0  3d c2 90 0c 22 e7 15 3a  c4 15 4f 3a e3 15 a1 b5  |=..."..:..O:....|
00016500  6f 22 e5 15 c9 2a 43 0b  11 0c 00 19 c9 2a 43 0b  |o"...*C......*C.|
00016510  11 0f 00 19 eb 21 11 00  19 c9 cd ae 0c 7e 32 e3  |.....!.......~2.|
00016520  15 eb 7e 32 e1 15 cd a6  0c 3a c5 15 a6 32 e2 15  |..~2.....:...2..|
00016530  c9 cd ae 0c 3a d5 15 fe  02 c2 de 0c af 4f 3a e3  |....:........O:.|
00016540  15 81 77 eb 3a e1 15 77  c9 0c 0d c8 7c b7 1f 67  |..w.:..w....|..g|
00016550  7d 1f 6f c3 eb 0c 0e 80  2a b9 15 af 86 23 0d 0e  |}.o.....*....#..|
00016560  00 0f 01 00 f5 01 01 00  c2 fd 0c c9 0c 0d c8 29  |...............)|
00016570  c3 05 0d c5 3a 42 0b 4f  21 01 00 cd 04 0d c1 79  |....:B.O!......y|
00016580  b5 6f 78 b4 67 c9 2a ad  15 3a 42 0b 4f cd ea 0c  |.ox.g.*..:B.O...|
00016590  7d e6 01 c9 21 ad 15 4e  23 46 cd 0b 0d 22 ad 15  |}...!..N#F..."..|
000165a0  2a c8 15 23 eb 2a b3 15  73 23 72 c9 cd 5e 0d 11  |*..#.*..s#r..^..|
000165b0  09 00 19 7e 17 d0 21 0f  08 c3 4a 0b cd 1e 0d c8  |...~..!...J.....|
000165c0  21 0d 08 c3 4a 0b 2a b9  15 3a e9 15 85 6f d0 24  |!...J.*..:...o.$|
000165d0  c9 2a 43 0b 11 0e 00 19  7e c9 cd 69 0d 36 00 c9  |.*C.....~..i.6..|
000165e0  cd 69 0d f6 80 77 c9 2a  ea 15 eb 2a b3 15 7b 96  |.i...w.*...*..{.|
000165f0  23 7a 9e c9 cd 7f 0d d8  13 72 2b 73 c9 7b 95 6f  |#z.......r+s.{.o|
00016600  7a 9c 67 c9 0e ff 2a ec  15 eb 2a cc 15 cd 95 0d  |z.g...*...*.....|
00016610  d0 c5 cd f7 0c 2a bd 15  eb 2a ec 15 19 c1 0c ca  |.....*...*......|
00016620  c4 0d be c8 cd 7f 0d d0  cd 2c 0d c9 77 c9 cd 9c  |.........,..w...|
00016630  0d cd e0 0d 0e 01 cd b8  0b c3 da 0d cd e0 0d cd  |................|
00016640  b2 0b 21 b1 15 c3 e3 0d  21 b9 15 4e 23 46 c3 24  |..!.....!..N#F.$|
00016650  16 2a b9 15 eb 2a b1 15  0e 80 c3 4f 0b 21 ea 15  |.*...*.....O.!..|
00016660  7e 23 be c0 3c c9 21 ff  0e 00 10 01 00 3f 01 01  |~#..<.!......?..|
00016670  00 ff 22 ea 15 c9 2a c8  15 eb 2a ea 15 23 22 ea  |.."...*...*..#".|
00016680  15 cd 95 0d d2 19 0e c3  fe 0d 3a ea 15 e6 03 06  |..........:.....|
00016690  05 87 05 c2 20 0e 32 e9  15 b7 c0 c5 cd c3 0b cd  |.... .2.........|
000166a0  d4 0d c1 c3 9e 0d 79 e6  07 3c 5f 57 79 0f 0f 0f  |......y..<_Wy...|
000166b0  e6 1f 4f 78 87 87 87 87  87 b1 4f 78 0f 0f 0f e6  |..Ox......Ox....|
000166c0  1f 47 2a bf 15 09 7e 07  1d c2 56 0e c9 d5 cd 35  |.G*...~...V....5|
000166d0  0e e6 fe c1 b1 0f 15 c2  64 0e 77 c9 cd 5e 0d 11  |........d.w..^..|
000166e0  10 00 19 c5 0e 11 d1 0d  c8 d5 3a dd 15 b7 ca 88  |..........:.....|
000166f0  0e c5 e5 4e 06 00 c3 8e  0e 0d c5 4e 23 46 e5 79  |...N.......N#F.y|
00016700  b0 ca 9d 0e 2a c6 15 7d  91 7c 98 d4 5c 0e e1 23  |....*..}.|..\..#|
00016710  c1 c3 75 0e 2a c6 15 0e  03 cd ea 0c 23 44 4d 2a  |..u.*.......#DM*|
00016720  bf 15 36 00 23 0b 78 b1  c2 b1 0e 2a ca 15 eb 2a  |..6.#.x....*...*|
00016730  bf 15 73 23 72 cd a1 0b  2a b3 15 36 03 23 36 00  |..s#r...*..6.#6.|
00016740  cd fe 0d 0e ff cd 05 0e  cd f5 0d c8 cd 5e 0d 3e  |.............^.>|
00016750  e5 be ca d2 0e 3a 41 0b  be c2 f6 0e 23 7e d6 24  |.....:A.....#~.$|
00016760  c2 f6 0e 3d 32 45 0b 0e  01 cd 6b 0e cd 8c 0d c3  |...=2E....k.....|
00016770  d2 10 0e 01 a9 0e 01 01  01 00 a2 01 01 00 0e 3a  |...............:|
00016780  d4 15 c3 01 0b c5 f5 3a  c5 15 2f 47 79 a0 4f f1  |.......:../Gy.O.|
00016790  a0 91 e6 1f c1 c9 3e ff  32 d4 15 21 d8 15 71 2a  |......>.2..!..q*|
000167a0  43 0b 22 d9 15 cd fe 0d  cd a1 0b 0e 00 cd 05 0e  |C.".............|
000167b0  cd f5 0d ca 94 0f 2a d9  15 eb 1a fe e5 ca 4a 0f  |......*.......J.|
000167c0  d5 cd 7f 0d d1 d2 94 0f  cd 5e 0d 3a d8 15 4f 06  |.........^.:..O.|
000167d0  00 79 b7 ca 83 0f 1a fe  3f ca 7c 0f 78 fe 0d ca  |.y......?.|.x...|
000167e0  7c 0f fe 0c 1a ca 73 0f  96 e6 7f c2 2d 0f c3 7c  ||.....s.....-..||
000167f0  0f c5 4e cd 07 0f c1 c2  2d 0f 13 23 04 0d c3 53  |..N.....-..#...S|
00016800  0f 3a ea 15 e6 03 32 45  0b 21 d4 15 7e 17 d0 af  |.:....2E.!..~...|
00016810  77 c9 cd fe 0d 3e ff c3  01 0b cd 54 0d 0e 0c cd  |w....>.....T....|
00016820  18 0f cd f5 0d c8 cd 44  0d cd 5e 0d 36 e5 0e 00  |.......D..^.6...|
00016830  cd 6b 0e cd c6 0d cd 2d  0f c3 a4 0f 50 59 79 b0  |.k.....-....PYy.|
00016840  ca d1 0f 0b d5 c5 cd 35  0e 1f d2 ec 0f c1 d1 2a  |.......5.......*|
00016850  c6 15 7b 95 7a 9c d2 f4  0f 13 c5 d5 42 4b cd 35  |..{.z.......BK.5|
00016860  0e 1f d2 ec 0f d1 c1 c3  c0 0f 17 3c cd 64 0e e1  |...........<.d..|
00016870  d1 c9 79 b0 c2 c0 0f 21  00 00 c9 0e 00 1e 0e 01  |..y....!........|
00016880  02 01 00 cc 01 01 00 20  d5 06 00 2a 43 0b 09 eb  |....... ...*C...|
00016890  cd 5e 0d c1 cd 4f 0b cd  c3 0b c3 c6 0d cd 54 0d  |.^...O........T.|
000168a0  0e 0c cd 18 0f 2a 43 0b  7e 11 10 00 19 77 cd f5  |.....*C.~....w..|
000168b0  0d c8 cd 44 0d 0e 10 1e  0c cd 01 10 cd 2d 0f c3  |...D.........-..|
000168c0  27 10 0e 0c cd 18 0f cd  f5 0d c8 0e 00 1e 0c cd  |'...............|
000168d0  01 10 cd 2d 0f c3 40 10  0e 0f cd 18 0f cd f5 0d  |...-..@.........|
000168e0  c8 cd a6 0c 7e f5 e5 cd  5e 0d eb 2a 43 0b 0e 20  |....~...^..*C.. |
000168f0  d5 cd 4f 0b cd 78 0d d1  21 0c 00 19 4e 21 0f 00  |..O..x..!...N!..|
00016900  19 46 e1 f1 77 79 be 78  ca 8b 10 3e 00 da 8b 10  |.F..wy.x...>....|
00016910  3e 80 2a 43 0b 11 0f 00  19 77 c9 7e 23 b6 2b c0  |>.*C.....w.~#.+.|
00016920  1a 77 13 23 1a 77 1b 2b  c9 af 32 45 0b 32 ea 15  |.w.#.w.+..2E.2..|
00016930  32 eb 15 cd 1e 0d c0 cd  69 0d e6 80 c0 0e 0f cd  |2.......i.......|
00016940  18 0f cd f5 0d c8 01 10  00 cd 5e 0d 09 eb 2a 43  |..........^...*C|
00016950  0b 09 0e 10 3a dd 15 b7  ca e8 10 7e b7 1a c2 db  |....:......~....|
00016960  10 77 b7 c2 e1 10 7e 12  be c2 1f 11 c3 fd 10 cd  |.w....~.........|
00016970  94 10 eb cd 94 10 eb 1a  be c2 1f 11 13 23 1a be  |.............#..|
00016980  c2 1f 11 0d 13 23 0d 0e  01 03 01 00 df 01 01 00  |.....#..........|
00016990  c2 cd 10 01 ec ff 09 eb  09 1a be da 17 11 77 01  |..............w.|
000169a0  03 00 09 eb 09 7e 12 3e  ff 32 d2 15 c3 10 10 21  |.....~.>.2.....!|
000169b0  45 0b 35 c9 cd 54 0d 2a  43 0b e5 21 ac 15 22 43  |E.5..T.*C..!.."C|
000169c0  0b 0e 01 cd 18 0f cd f5  0d e1 22 43 0b c8 eb 21  |.........."C...!|
000169d0  0f 00 19 0e 11 af 77 23  0d c2 46 11 21 0d 00 19  |......w#..F.!...|
000169e0  77 cd 8c 0d cd fd 0f c3  78 0d af 32 d2 15 cd a2  |w.......x..2....|
000169f0  10 cd f5 0d c8 2a 43 0b  01 0c 00 09 7e 3c e6 1f  |.....*C.....~<..|
00016a00  77 ca 83 11 47 3a c5 15  a0 21 d2 15 a6 ca 8e 11  |w...G:...!......|
00016a10  c3 ac 11 01 02 00 09 34  7e e6 0f ca b6 11 0e 0f  |.......4~.......|
00016a20  cd 18 0f cd f5 0d c2 ac  11 3a d3 15 3c ca b6 11  |.........:..<...|
00016a30  cd 24 11 cd f5 0d ca b6  11 c3 af 11 cd 5a 10 cd  |.$...........Z..|
00016a40  bb 0c af c3 01 0b cd 05  0b c3 78 0d 3e 01 32 d5  |..........x.>.2.|
00016a50  15 3e ff 32 d3 15 cd bb  0c 3a e3 15 21 e1 15 be  |.>.2.....:..!...|
00016a60  da e6 11 fe 80 c2 fb 11  cd 5a 11 af 32 e3 15 3a  |.........Z..2..:|
00016a70  45 0b b7 c2 fb 11 cd 77  0c cd 84 0c ca fb 11 cd  |E......w........|
00016a80  8a 0c cd d1 0b cd b2 0b  c3 d2 0c c3 05 0b 3e 01  |..............>.|
00016a90  0e 01 04 01 00 73 01 01  00 32 d5 15 3e 00 32 d3  |.....s...2..>.2.|
00016aa0  15 cd 54 0d 2a 43 0b cd  47 0d cd bb 0c 3a e3 15  |..T.*C..G....:..|
00016ab0  fe 80 d2 05 0b cd 77 0c  cd 84 0c 0e 00 c2 6e 12  |......w.......n.|
00016ac0  cd 3e 0c 32 d7 15 01 00  00 b7 ca 3b 12 4f 0b cd  |.>.2.......;.O..|
00016ad0  5e 0c 44 4d cd be 0f 7d  b4 c2 48 12 3e 02 c3 01  |^.DM...}..H.>...|
00016ae0  0b 22 e5 15 eb 2a 43 0b  01 10 00 09 3a dd 15 b7  |."...*C.....:...|
00016af0  3a d7 15 ca 64 12 cd 64  0d 73 c3 6c 12 4f 06 00  |:...d..d.s.l.O..|
00016b00  09 09 73 23 72 0e 02 3a  45 0b b7 c0 c5 cd 8a 0c  |..s#r..:E.......|
00016b10  3a d5 15 3d 3d c2 bb 12  c1 c5 79 3d 3d c2 bb 12  |:..==.....y==...|
00016b20  e5 2a b9 15 57 77 23 14  f2 8c 12 cd e0 0d 2a e7  |.*..Ww#.......*.|
00016b30  15 0e 02 22 e5 15 c5 cd  d1 0b c1 cd b8 0b 2a e5  |..."..........*.|
00016b40  15 0e 00 3a c4 15 47 a5  b8 23 c2 9a 12 e1 22 e5  |...:..G..#....".|
00016b50  15 cd da 0d cd d1 0b c1  c5 cd b8 0b c1 3a e3 15  |.............:..|
00016b60  21 e1 15 be da d2 12 77  34 0e 02 0d 0d c2 df 12  |!......w4.......|
00016b70  f5 cd 69 0d e6 7f 77 f1  fe 7f c2 00 13 3a d5 15  |..i...w......:..|
00016b80  fe 01 c2 00 13 cd d2 0c  cd 5a 11 21 45 0b 7e b7  |.........Z.!E.~.|
00016b90  c2 fe 12 3d 32 e3 15 36  00 0e 01 05 01 00 1b 01  |...=2..6........|
00016ba0  01 00 c3 d2 0c af 32 d5  15 c5 2a 43 0b eb 21 21  |......2...*C..!!|
00016bb0  00 19 7e e6 7f f5 7e 17  23 7e 17 e6 1f 4f 7e 1f  |..~...~.#~...O~.|
00016bc0  1f 1f 1f e6 0f 47 f1 23  6e 2c 2d 2e 06 c2 8b 13  |.....G.#n,-.....|
00016bd0  21 20 00 19 77 21 0c 00  19 79 96 c2 47 13 21 0e  |! ..w!...y..G.!.|
00016be0  00 19 78 96 e6 7f ca 7f  13 c5 d5 cd a2 10 d1 c1  |..x.............|
00016bf0  2e 03 3a 45 0b 3c ca 84  13 21 0c 00 19 71 21 0e  |..:E.<...!...q!.|
00016c00  00 19 70 cd 51 10 3a 45  0b 3c c2 7f 13 c1 c5 2e  |..p.Q.:E.<......|
00016c10  04 0c ca 84 13 cd 24 11  2e 05 3a 45 0b 3c ca 84  |......$...:E.<..|
00016c20  13 c1 af c3 01 0b e5 cd  69 0d 36 c0 e1 c1 7d 32  |........i.6...}2|
00016c30  45 0b c3 78 0d 0e ff cd  03 13 cc c1 11 c9 0e 00  |E..x............|
00016c40  cd 03 13 cc 03 12 c9 eb  19 4e 06 00 21 0c 00 19  |.........N..!...|
00016c50  7e 0f e6 80 81 4f 3e 00  88 47 7e 0f e6 0f 80 47  |~....O>..G~....G|
00016c60  21 0e 00 19 7e 87 87 87  87 f5 80 47 f5 e1 7d e1  |!...~......G..}.|
00016c70  b5 e6 01 c9 0e 0c cd 18  0f 2a 43 0b 11 21 00 19  |.........*C..!..|
00016c80  e5 72 23 72 23 72 cd f5  0d ca 0c 14 cd 5e 0d 11  |.r#r#r.......^..|
00016c90  0f 00 cd a5 13 e1 e5 5f  79 96 23 78 9e 23 7b 9e  |......._y.#x.#{.|
00016ca0  da 06 0e 01 06 01 00 34  01 01 00 14 73 2b 70 2b  |.......4....s+p+|
00016cb0  71 cd 2d 0f c3 e4 13 e1  c9 2a 43 0b 11 20 00 cd  |q.-......*C.. ..|
00016cc0  a5 13 21 21 00 19 71 23  70 23 77 c9 2a af 15 3a  |..!!..q#p#w.*..:|
00016cd0  42 0b 4f cd ea 0c e5 eb  cd 59 0b e1 cc 47 0b 7d  |B.O......Y...G.}|
00016ce0  1f d8 2a af 15 4d 44 cd  0b 0d 22 af 15 c3 a3 0e  |..*..MD...".....|
00016cf0  3a d6 15 21 42 0b be c8  77 c3 21 14 3e ff 32 de  |:..!B...w.!.>.2.|
00016d00  15 2a 43 0b 7e e6 1f 3d  32 d6 15 fe 1e d2 75 14  |.*C.~..=2.....u.|
00016d10  3a 42 0b 32 df 15 7e 32  e0 15 e6 e0 77 cd 45 14  |:B.2..~2....w.E.|
00016d20  3a 41 0b 2a 43 0b b6 77  c9 3e 22 c3 01 0b 21 00  |:A.*C..w.>"...!.|
00016d30  00 22 ad 15 22 af 15 af  32 42 0b 21 80 00 22 b1  |.".."...2B.!..".|
00016d40  15 cd da 0d c3 21 14 cd  72 0d cd 51 14 c3 51 10  |.....!..r..Q..Q.|
00016d50  cd 51 14 c3 a2 10 0e 00  eb 7e fe 3f ca c2 14 cd  |.Q.......~.?....|
00016d60  a6 0c 7e fe 3f c4 72 0d  cd 51 14 0e 0f cd 18 0f  |..~.?.r..Q......|
00016d70  c3 e9 0d 2a d9 15 22 43  0b cd 51 14 cd 2d 0f c3  |...*.."C..Q..-..|
00016d80  e9 0d cd 51 14 cd 9c 0f  c3 01 0f cd 51 14 c3 bc  |...Q........Q...|
00016d90  11 cd 51 14 c3 fe 11 cd  72 0d cd 51 14 c3 24 11  |..Q.....r..Q..$.|
00016da0  cd 51 14 cd 16 10 c3 01  0f 2a af 0e 01 07 01 00  |.Q.......*......|
00016db0  72 b9 00 02 00 b2 15 c3  29 15 3a 42 0b c3 01 0b  |r.......).:B....|
00016dc0  eb 22 b1 15 c3 da 0d 2a  bf 15 c3 29 15 2a ad 15  |.".....*...).*..|
00016dd0  c3 29 15 cd 51 14 cd 3b  10 c3 01 0f 2a bb 15 22  |.)..Q..;....*.."|
00016de0  45 0b c9 3a d6 15 fe ff  c2 3b 15 3a 41 0b c3 01  |E..:.....;.:A...|
00016df0  0b e6 1f 32 41 0b c9 cd  51 14 c3 93 13 cd 51 14  |...2A...Q.....Q.|
00016e00  c3 9c 13 cd 51 14 c3 d2  13 2a 43 0b 7d 2f 5f 7c  |....Q....*C.}/_||
00016e10  2f 2a af 15 a4 57 7d a3  5f 2a ad 15 eb 22 af 15  |/*...W}._*..."..|
00016e20  7d a3 6f 7c a2 67 22 ad  15 c9 3a de 15 b7 ca 91  |}.o|.g"...:.....|
00016e30  15 2a 43 0b 36 00 3a e0  15 b7 ca 91 15 77 3a df  |.*C.6.:......w:.|
00016e40  15 32 d6 15 cd 45 14 2a  0f 0b f9 2a 45 0b 7d 44  |.2...E.*...*E.}D|
00016e50  c9 cd 51 14 3e 02 32 d5  15 0e 00 cd 07 13 cc 03  |..Q.>.2.........|
00016e60  12 c9 e5 00 00 00 00 80  01 27 00 00 0e 01 08 01  |.........'......|
00016e70  00 fc fd 00 02 00 54 c3  37 1c c3 a3 16 c3 1a 17  |......T.7.......|
00016e80  c3 28 17 c3 36 17 c3 64  17 c3 53 17 c3 44 17 c3  |.(..6..d..S..D..|
00016e90  b4 17 c3 94 17 c3 bf 17  c3 c4 17 c3 ca 17 c3 dc  |................|
00016ea0  17 c3 ef 17 c3 74 17 c3  d0 17 20 42 6f 6f 74 00  |.....t.... Boot.|
00016eb0  49 6e 73 65 72 74 20 20  50 43 2d 43 50 2f 4d 2d  |Insert  PC-CP/M-|
00016ec0  53 79 73 74 65 6d 20 64  69 73 6b 01 04 00 00 00  |System disk.....|
00016ed0  09 00 b7 1b 85 16 28 1b  78 1b 01 04 00 00 00 08  |......(.x.......|
00016ee0  b7 1b 85 16 48 1b 8d 1b  01 04 00 00 00 83 b7 1b  |....H...........|
00016ef0  94 16 68 1b a2 1b 40 00  04 0f 01 97 00 7f 00 c0  |..h...@.........|
00016f00  00 20 00 02 00 20 00 03  07 00 97 00 3f 00 c0 00  |. ... ......?...|
00016f10  10 00 02 00 31 80 00 cd  4e e4 3a 04 00 fe 0f 28  |....1...N.:....(|
00016f20  1d af 32 18 1b 32 0b 1b  32 1a 1b 32 19 1b 3e c6  |..2..2..2..2..>.|
00016f30  cd fa 18 b7 28 1a 21 33  16 cd 0e 17 18 d6 af 32  |....(.!3.......2|
00016f40  04 00 32 1d 1b 21 39 16  cd 0e 17 cd 28 17 18 d1  |..2..!9.....(...|
00016f50  3e c3 21 03 16 32 00 00  22 01 00 21 06 08 32 05  |>.!..2.."..!..2.|
00016f60  00 22 06 00 af 32 1c 1b  32 1e 1b 01 80 00 cd ca  |."...2..2.......|
00016f70  17 0e 01 09 01 00 22 01  01 00 3a 04 00 4f cd 94  |......"...:..O..|
00016f80  17 7c b5 28 f8 c3 00 00  7e b7 c8 e5 4f cd 36 17  |.|.(....~...O.6.|
00016f90  e1 23 18 f4 3a 03 00 cd  84 17 03 e4 0c e4 15 e4  |.#..:...........|
00016fa0  1e e4 3a 03 00 cd 84 17  06 e4 0f e4 18 e4 21 e4  |..:...........!.|
00016fb0  3a 03 00 cd 84 17 09 e4  12 e4 1b e4 24 e4 3a 03  |:...........$.:.|
00016fc0  00 0f cd 85 17 06 e4 27  e4 2a e4 2d e4 3a 03 00  |.......'.*.-.:..|
00016fd0  0f 0f 0f cd 85 17 09 e4  30 e4 33 e4 36 e4 3a 03  |........0.3.6.:.|
00016fe0  00 07 07 cd 84 17 09 e4  12 e4 39 e4 3c e4 3a 03  |..........9.<.:.|
00016ff0  00 07 07 cd 84 17 3f e4  42 e4 45 e4 48 e4 07 e6  |......?.B.E.H...|
00017000  06 e3 d5 5f 16 00 19 7e  23 66 6f d1 e3 c9 21 00  |..._...~#fo...!.|
00017010  00 79 fe 0f 28 10 fe 02  d0 32 15 1b 6f 29 29 29  |.y..(....2..o)))|
00017020  29 11 55 16 19 c9 2e 02  af 32 15 1b 18 ef 3a 1d  |).U......2....:.|
00017030  1b b7 20 03 32 1c 1b 0e  00 79 32 16 1b c9 79 3d  |.. .2....y2...y=|
00017040  32 17 1b c9 60 69 22 26  1b c9 60 69 23 7a b3 c8  |2...`i"&..`i#z..|
00017050  eb 09 6e 26 00 c9 af 32  1e 1b 3e 01 32 24 1b 32  |..n&...2..>.2$.2|
00017060  23 1b 3e 02 32 25 1b 18  62 af 32 24 1b 79 32 25  |#.>.2%..b.2$.y2%|
00017070  1b fe 02 20 17 3e 10 32  1e 1b 0e 01 0a 01 00 c3  |... .>.2........|
00017080  01 01 00 3a 15 1b 32 1f  1b 3a 16 1b 32 20 1b 3a  |...:..2..:..2 .:|
00017090  17 1b 32 21 1b 3a 1e 1b  b7 28 31 3d 32 1e 1b 3a  |..2!.:...(1=2..:|
000170a0  15 1b 21 1f 1b be 20 24  3a 16 1b 21 20 1b be 20  |..!... $:..! .. |
000170b0  1b 3a 17 1b 21 21 1b be  20 12 34 3e 40 be 20 06  |.:..!!.. .4>@. .|
000170c0  36 00 21 20 1b 34 af 32  23 1b 18 08 af 32 1e 1b  |6.! .4.2#....2..|
000170d0  3c 32 23 1b ed 73 09 1b  31 ff e3 af 32 22 1b 3a  |<2#..s..1...2".:|
000170e0  17 1b b7 1f b7 1f b7 1f  32 1b 1b 21 1c 1b 7e 36  |........2..!..~6|
000170f0  01 b7 28 22 3a 15 1b 21  18 1b be 20 12 3a 16 1b  |..(":..!... .:..|
00017100  21 19 1b be 20 09 3a 1b  1b 21 1a 1b be 28 24 3a  |!... .:..!...($:|
00017110  1d 1b b7 c4 f4 18 3a 15  1b 32 18 1b 3a 16 1b 32  |......:..2..:..2|
00017120  19 1b 3a 1b 1b 32 1a 1b  3a 23 1b b7 c4 f8 18 af  |..:..2..:#......|
00017130  32 1d 1b 3a 17 1b e6 07  6f 26 00 29 29 29 29 29  |2..:....o&.)))))|
00017140  29 29 11 37 1c 19 ed 5b  26 1b 01 80 00 3a 24 1b  |)).7...[&....:$.|
00017150  b7 20 06 3e 01 32 1d 1b  eb ed b0 3a 25 1b fe 01  |. .>.2.....:%...|
00017160  3a 22 1b 20 0d b7 20 0a  af 32 1d 1b cd f4 18 3a  |:". .. ..2.....:|
00017170  22 1b ed 7b 09 1b c9 3e  45 18 02 3e 46 32 0c 1b  |"..{...>E..>F2..|
00017180  3e 0a 32 0e 01 0b 01 00  78 01 01 00 18 1a db f0  |>.2.....x.......|
00017190  cb 7f 3e ff d3 f0 28 0c  21 4a b6 cd 51 e4 21 4a  |..>...(.!J..Q.!J|
000171a0  b6 cd 51 e4 06 03 0e ff  3e 04 cd b4 1a cd d6 1a  |..Q.....>.......|
000171b0  cb 6f 20 0b 0d 20 f1 21  6f 1a cd 19 1a 18 e7 cb  |.o .. .!o.......|
000171c0  77 28 0c 3a 0c 1b fe 45  20 05 21 72 1a 18 eb 3a  |w(.:...E .!r...:|
000171d0  0b 1b 4f 3a 18 1b 3c 47  a1 20 10 78 b1 32 0b 1b  |..O:..<G. .x.2..|
000171e0  3e 07 cd b4 1a cd 8a 1a  c2 f7 19 3e 0f cd b4 1a  |>..........>....|
000171f0  cd 81 1a 3a 19 1b d3 f8  32 02 1b cd 8a 1a c2 f7  |...:....2.......|
00017200  19 c5 21 a0 0f cd 51 e4  c1 3a 1a 1b 07 07 4f e6  |..!...Q..:....O.|
00017210  0f 3c 32 04 1b af cb 61  28 01 3c 32 03 1b 3e 44  |.<2....a(.<2..>D|
00017220  d3 68 3a 0c 1b 4f 11 37  1c 21 ff 43 cb 7f 28 06  |.h:..O.7.!.C..(.|
00017230  11 00 ff 21 ff 55 cb 47  28 02 26 83 7b d3 64 7a  |...!.U.G(.&.{.dz|
00017240  d3 64 7d d3 65 7c d3 65  79 cd b4 1a dd 21 02 1b  |.d}.e|.ey....!..|
00017250  0e 07 cd 81 1a dd 7e 00  d3 f8 dd 23 0d 20 f3 cd  |......~....#. ..|
00017260  cf 1a dd 21 0e 1b 0e 07  cd d6 1a dd 77 00 dd 23  |...!........w..#|
00017270  0d 20 f5 3a 0e 1b e6 c0  20 10 32 22 1b 3e 80 d3  |. .:.... .2".>..|
00017280  f0 af c9 3a 0b 1b 90 32  0b 1b 3a 18 0e 01 0c 01  |...:...2..:.....|
00017290  00 f7 01 01 00 1a 3d 32  18 1a e6 03 cc df 1a c2  |......=2........|
000172a0  02 19 3e 01 32 22 1b af  32 04 00 3c c9 b4 78 b7  |..>.2"..2..<..x.|
000172b0  20 06 e1 32 04 00 18 ea  05 c5 e5 0e 1b cd 36 17  | ..2..........6.|
000172c0  0e 17 cd 36 17 eb 22 0e  1b 21 5e 1a cd 0e 17 e1  |...6.."..!^.....|
000172d0  cd 0e 17 cd 28 17 21 75  1a cd 0e 17 2a 0e 1b 11  |....(.!u....*...|
000172e0  7e 1a 7c c6 20 12 13 7d  c6 20 12 21 7c 1a cd 0e  |~.|. ..}. .!|...|
000172f0  17 c1 c9 1b 59 38 61 07  42 49 4f 53 20 45 72 72  |....Y8a.BIOS Err|
00017300  6f 72 20 00 4e 52 00 57  50 00 1b 59 38 61 1b 4b  |or .NR.WP..Y8a.K|
00017310  00 1b 59 00 00 00 f5 db  f9 cb 7f 28 fa f1 c9 cd  |..Y........(....|
00017320  cf 1a 3e 08 cd 81 1a d3  f8 cd d6 1a fe 80 28 13  |..>...........(.|
00017330  4f cd d6 1a 79 c6 40 38  e9 e6 80 28 01 79 32 0e  |O...y.@8...(.y2.|
00017340  1b 18 df 3a 0e 1b fe 00  c9 cd 81 1a d3 f8 fe 07  |...:............|
00017350  cd 81 1a 28 05 3a 1a 1b  e6 fc 3a 18 1b 28 02 f6  |...(.:....:..(..|
00017360  04 d3 f8 c9 db f0 cb 77  20 fa c9 db f9 c6 40 30  |.......w .....@0|
00017370  fa db f8 c9 af d3 f0 21  28 00 cd 51 e4 3e ff d3  |.......!(..Q.>..|
00017380  f0 3e 03 cd 81 1a d3 f8  3e cf cd 81 1a d3 f8 3e  |.>......>......>|
00017390  1c cd 81 1a d3 0e 01 0d  01 00 c4 13 00 02 00 09  |................|
000173a0  f8 c9 00 00 00 01 10 36  ff 01 7b 00 00 00 01 00  |.......6..{.....|
000173b0  0e 01 0e 01 00 6e d1 00  02 01 1b 00 00 00 ca 00  |.....n..........|
000173c0  31 80 00 af 32 04 00 32  1d 1b 32 c0 1c 3e 95 32  |1...2..2..2..>.2|
000173d0  03 00 21 c1 1c 22 be 1c  2a 04 08 cd c6 1c 21 b5  |..!.."..*.....!.|
000173e0  1c 3a c0 1c 47 3e 05 90  b7 28 04 3d 23 18 f9 11  |.:..G>...(.=#...|
000173f0  c1 1c 78 b7 28 07 05 1a  77 23 13 18 f5 21 7d 1c  |..x.(...w#...!}.|
00017400  cd 0e 17 c3 df 16 20 35  36 4b 20 20 43 50 2f 4d  |...... 56K  CP/M|
00017410  20 32 2e 32 20 2f 20 33  2e 30 20 20 20 61 6c 70  | 2.2 / 3.0   alp|
00017420  68 61 74 72 6f 6e 69 63  20 20 50 43 20 20 20 53  |hatronic  PC   S|
00017430  65 72 69 61 6c 20 6e 75  6d 62 65 72 20 20 30 30  |erial number  00|
00017440  30 30 30 20 0d 0a 00 ca  00 00 00 00 00 00 00 c5  |000 ............|
00017450  d5 e5 01 f6 ff 11 ff ff  09 13 da cf 1c 01 0a 00  |................|
00017460  09 eb 7c b5 c4 c6 1c 7b  c6 30 e5 2a be 1c 77 23  |..|....{.0.*..w#|
00017470  22 be 1c 21 c0 1c 34 e1  e1 d1 c1 c9 42 49 4f 53  |"..!..4.....BIOS|
00017480  20 49 49 20 20 61 6c 70  68 0e 01 0f 01 00 8e 25  | II  alph......%|
00017490  00 02 00 1e 61 74 72 6f  6e 69 63 20 20 50 43 20  |....atronic  PC |
000174a0  20 20 56 20 33 2e 30 20  20 20 31 33 2e 30 33 2e  |  V 3.0   13.03.|
000174b0  38 34 01 71 00 00 0e 01  10 01 00 00 05 00 01 80  |84.q............|
000174c0  00 00 00 10 0f 00 b7 0f  00 01 01 00 00 05 00 01  |................|
000174d0  80 00 00 00 0f 00 02 01  00 87 eb 00 02 01 05 00  |................|
000174e0  00 00 07 00 10 00 00 00  00 40 01 07 00 00 00 02  |.........@......|
000174f0  00 24 01 08 00 00 00 cf  40 04 08 42 20 11 00 00  |.$......@..B ...|
00017500  81 12 42 10 92 00 04 90  84 00 08 10 10 00 11 20  |..B............ |
00017510  92 48 92 48 09 02 49 12  49 24 90 82 40 88 44 80  |.H.H..I.I$..@.D.|
00017520  00 00 01 00 92 49 20 41  12 08 88 42 49 01 00 00  |.....I A...BI...|
00017530  00 00 80 24 12 22 04 01  11 10 24 10 82 48 81 02  |...$."....$..H..|
00017540  24 10 82 48 81 00 88 01  08 00 00 00 00 80 40 82  |$..H..........@.|
00017550  08 11 12 00 24 81 24 49  21 09 04 92 48 92 00 2a  |....$.$I!...H..*|
00017560  aa 09 12 00 09 00 24 48  04 04 08 08 88 40 84 00  |......$H.....@..|
00017570  40 41 20 84 82 12 49 04  02 09 24 00 88 02 44 10  |@A ...I...$...D.|
00017580  92 12 08 10 21 02 10 21  24 49 22 42 49 22 04 49  |....!..!$I"BI".I|
00017590  22 40 01 24 92 42 08 88  04 12 49 12 49 12 48 89  |"@.$.B....I.I.H.|
000175a0  10 00 80 24 84 92 24 92  00 24 89 24 84 88 42 12  |...$..$..$.$..B.|
000175b0  42 10 84 92 49 24 92 40  00 84 42 49 21 22 24 92  |B...I$.@..BI!"$.|
000175c0  08 89 24 04 92 02 04 0f  00 03 01 00 e8 f9 00 02  |..$.............|
000175d0  00 14 84 92 10 84 41 09  08 44 00 82 04 90 49 24  |......A..D....I$|
000175e0  92 40 00 92 11 20 01 06  00 00 00 09 00 aa 88 41  |.@... .........A|
000175f0  12 24 80 40 08 01 05 aa  aa 00 cd 92 01 24 92 00  |.$.@.........$..|
00017600  00 00 00 00 00 90 92 24  04 90 40 00 04 48 21 20  |.......$..@..H! |
00017610  08 22 21 08 84 00 02 00  24 10 04 24 22 10 84 92  |."!.....$..$"...|
00017620  04 84 20 08 92 40 10 08  42 11 24 21 04 21 12 11  |.. ..@..B.$!.!..|
00017630  01 08 91 12 12 21 10 08  08 44 48 92 24 02 01 00  |.....!...DH.$...|
00017640  81 24 90 89 22 48 20 04  90 40 00 00 00 00 00 00  |.$.."H ..@......|
00017650  00 40 00 91 00 42 10 48  48 84 88 20 11 04 09 21  |.@...B.HH.. ...!|
00017660  24 24 90 41 00 22 00 44  40 82 02 08 81 00 08 84  |$$.A.".D@.......|
00017670  88 20 22 10 80 88 00 41  22 09 09 22 08 80 80 04  |. "....A".."....|
00017680  42 48 89 08 41 00 02 10  20 22 04 00 91 02 09 21  |BH..A... ".....!|
00017690  02 00 92 24 90 10 08 20  44 02 00 00 89 09 10 42  |...$... D......B|
000176a0  20 90 92 49 20 91 09 00  11 11 24 90 09 04 88 00  | ..I .....$.....|
000176b0  00 00 10 21 00 84 00 11  01 00 24 08 24 20 80 48  |...!......$.$ .H|
000176c0  82 40 42 44 12 20 44 24  0f 00 04 01 00 e5 ff 00  |.@BD. D$........|
000176d0  02 00 d6 92 10 00 09 12  48 49 20 44 49 01 04 10  |........HI DI...|
000176e0  41 21 10 24 24 02 12 12  24 09 24 08 22 10 20 22  |A!.$$...$.$.". "|
000176f0  10 80 80 02 11 24 84 80  44 09 21 20 24 84 88 22  |.....$..D.! $.."|
00017700  09 00 00 10 84 00 00 04  92 20 24 08 41 10 42 09  |......... $.A.B.|
00017710  22 08 10 20 04 00 12 42  44 84 88 00 10 12 44 91  |".. ...BD.....D.|
00017720  00 11 11 20 04 24 91 24  92 44 90 84 92 21 22 44  |... .$.$.D...!"D|
00017730  92 49 24 21 24 92 12 42  48 10 84 21 22 04 49 10  |.I$!$..BH..!".I.|
00017740  00 82 42 02 20 49 08 89  08 11 24 22 44 02 20 12  |..B. I....$"D. .|
00017750  12 48 44 22 20 00 00 00  04 00 10 02 10 22 00 12  |.HD" ........"..|
00017760  20 24 22 11 01 21 20 90  00 00 00 00 00 02 40 02  | $"..! .......@.|
00017770  48 20 00 80 90 82 00 12  21 10 42 49 20 84 81 09  |H ......!.BI ...|
00017780  22 09 20 20 91 04 92 49  20 12 09 09 24 92 49 24  |".  ...I ...$.I$|
00017790  92 49 24 92 44 92 49 24  91 09 21 12 49 24 04 04  |.I$.D.I$..!.I$..|
000177a0  40 22 24 22 24 91 04 21  20 01 05 00 00 00 20 24  |@"$"$..! ..... $|
000177b0  92 49 24 92 49 20 00 00  00 00 02 a8 02 a8 02 a8  |.I$.I ..........|
000177c0  00 00 00 00 00 12 48 41  20 12 48 10 08 02 41 0f  |......HA .H...A.|
000177d0  00 05 01 00 48 9f 00 02  00 80 02 04 04 01 00 04  |....H...........|
000177e0  00 10 00 20 00 10 00 10  00 10 00 00 00 00 40 40  |... ..........@@|
000177f0  42 08 20 82 00 01 09 08  22 01 24 92 48 12 41 20  |B. .....".$.H.A |
00017800  90 00 42 08 88 12 01 20  12 09 04 82 24 92 49 11  |..B.... ....$.I.|
00017810  20 00 42 08 08 21 00 92  20 08 40 00 00 00 90 04  | .B..!.. .@.....|
00017820  80 40 84 40 10 92 12 42  48 01 00 80 40 88 02 00  |.@.@...BH...@...|
00017830  00 01 10 80 04 42 00 40  80 44 88 48 40 00 00 21  |.....B.@.D.H@..!|
00017840  12 44 92 48 00 90 00 00  00 00 00 08 42 02 00 10  |.D.H........B...|
00017850  82 04 21 00 00 00 00 00  81 02 01 14 00 00 00 08  |..!.............|
00017860  90 12 49 20 00 80 02 48  01 05 00 00 00 04 10 04  |..I ...H........|
00017870  08 48 01 21 00 00 0f 00  06 01 00 00 05 00 01 80  |.H.!............|
00017880  00 00 00 0f 00 07 01 00  00 05 00 01 80 00 00 00  |................|
00017890  0f 00 08 01 00 e5 ff 00  02 00 d6 92 10 00 09 12  |................|
000178a0  48 49 20 44 49 01 04 10  41 21 10 24 24 02 12 12  |HI DI...A!.$$...|
000178b0  24 09 24 08 22 10 20 22  10 80 80 02 11 24 84 80  |$.$.". ".....$..|
000178c0  44 09 21 20 24 84 88 22  09 00 00 10 84 00 00 04  |D.! $.."........|
000178d0  92 20 24 08 41 10 42 09  22 08 10 20 04 00 12 42  |. $.A.B.".. ...B|
000178e0  44 84 88 00 10 12 44 91  00 11 11 20 04 24 91 24  |D.....D.... .$.$|
000178f0  92 44 90 84 92 21 22 44  92 49 24 21 24 92 12 42  |.D...!"D.I$!$..B|
00017900  48 10 84 21 22 04 49 10  00 82 42 02 20 49 08 89  |H..!".I...B. I..|
00017910  08 11 24 22 44 02 20 12  12 48 44 22 20 00 00 00  |..$"D. ..HD" ...|
00017920  04 00 10 02 10 22 00 12  20 24 22 11 01 21 20 90  |.....".. $"..! .|
00017930  00 00 00 00 00 02 40 02  48 20 00 80 90 82 00 12  |......@.H ......|
00017940  21 10 42 49 20 84 81 09  22 09 20 20 91 04 92 49  |!.BI ...".  ...I|
00017950  20 12 09 09 24 92 49 24  92 49 24 92 44 92 49 24  | ...$.I$.I$.D.I$|
00017960  91 09 21 12 49 24 04 04  40 22 24 22 24 91 04 21  |..!.I$..@"$"$..!|
00017970  20 01 05 00 00 00 20 24  92 49 24 92 49 20 00 00  | ..... $.I$.I ..|
00017980  00 00 02 a8 02 a8 02 a8  00 00 00 00 00 12 48 41  |..............HA|
00017990  20 12 48 10 08 02 41 0f  00 09 01 00 65 01 01 00  | .H...A.....e...|
000179a0  00 00 00 18 16 09 3c 2d  2d 50 61 74 63 68 20 53  |......<--Patch S|
000179b0  4b 45 57 20 28 31 2d 39  29 00 00 3a 05 01 fe 0a  |KEW (1-9)..:....|
000179c0  38 02 3e 01 3d 47 07 07  07 07 5f 16 00 21 e2 06  |8.>.=G...._..!..|
000179d0  19 22 19 01 78 c6 31 32  95 04 af 32 e1 06 31 9e  |."..x.12...2..1.|
000179e0  07 cd 45 03 11 f7 04 cd  78 03 11 18 05 cd d6 04  |..E.....x.......|
000179f0  32 5d 05 f5 4f cd 83 03  11 1b 05 cd 78 03 f1 d6  |2]..O.......x...|
00017a00  41 32 76 07 b7 20 0b 11  1f 05 cd 78 03 3e ff 32  |A2v.. .....x.>.2|
00017a10  e1 06 11 42 05 cd 78 03  11 a8 05 cd d6 04 fe 45  |...B..x........E|
00017a20  28 21 fe 41 28 be cd 17  03 cd e9 01 b7 3e 80 d3  |(!.A(........>..|
00017a30  f0 20 27 11 d8 05 cd 78  03 11 26 06 cd d6 04 fe  |. '....x..&.....|
00017a40  4e 28 a1 3a e1 06 b7 28  09 11 2d 06 cd 78 03 cd  |N(.:...(..-..x..|
00017a50  89 03 0e 0c cd 83 03 c3  00 00 11 1b 05 cd 78 03  |..............x.|
00017a60  11 ac 05 cd 78 03 11 1e  06 cd 78 03 11 00 06 cd  |....x.....x.....|
00017a70  78 03 11 29 06 cd d6 04  fe 4e ca 44 01 fe 45 28  |x..).....N.D..E(|
00017a80  c2 11 68 06 cd 78 03 18  9d cd 5f 02 c0 0e 00 c5  |..h..x...._.....|
00017a90  c5 11 70 06 cd 78 03 c1  79 cd 2d 03 0e 20 cd 83  |..p..x..y.-.. ..|
00017aa0  0f 00 0a 01 00 dd 01 01  00 03 c1 06 00 cd 6f 02  |..............o.|
00017ab0  c0 cd 2d 02 cd 48 02 c5  cd d5 02 c1 c0 04 cd 2d  |..-..H.........-|
00017ac0  02 cd 48 02 c5 cd d5 02  c1 c0 cd 5e 02 c0 0c 79  |..H........^...y|
00017ad0  fe 28 20 c4 af c9 2a 19  01 eb 21 9f 07 af 71 23  |.( ...*...!...q#|
00017ae0  70 23 f5 1a 77 23 36 01  f1 23 13 3c fe 10 c8 18  |p#..w#6..#.<....|
00017af0  ed 21 9f 07 11 3f 80 7d  d3 64 7c d3 64 7b d3 65  |.!...?.}.d|.d{.e|
00017b00  7a d3 65 3e 44 d3 68 c9  cd 9b 02 3e 07 cd c1 02  |z.e>D.h....>....|
00017b10  3a 76 07 cd c1 02 18 12  cd 9b 02 3e 0f cd c1 02  |:v.........>....|
00017b20  3a 76 07 cd c1 02 79 cd  c1 02 cd 94 02 3e 08 cd  |:v....y......>..|
00017b30  c1 02 cd cc 02 f5 cd cc  02 f1 e6 c0 c9 db f0 cb  |................|
00017b40  77 20 fa c9 3e 08 cd c1  02 cd cc 02 e6 c0 fe 80  |w ..>...........|
00017b50  28 05 cd cc 02 18 ed 3e  04 cd c1 02 3a 76 07 cd  |(......>....:v..|
00017b60  c1 02 cd cc 02 cb 6f 28  db c9 f5 db f9 cb 7f 28  |......o(.......(|
00017b70  fa f1 d3 f8 c9 db f9 c6  40 30 fa db f8 c9 cd 9b  |........@0......|
00017b80  02 cb 77 28 04 3e 01 b7  c9 3e 4d cd c1 02 c5 3a  |..w(.>...>M....:|
00017b90  76 07 4f 78 b7 28 02 3e  04 81 c1 cd c1 02 c5 0e  |v.Ox.(.>........|
00017ba0  04 21 72 07 7e cd c1 02  23 0f 00 0b 01 00 30 01  |.!r.~...#.....0.|
00017bb0  01 00 0d 20 f8 cd 94 02  cd cc 02 f5 0e 06 cd cc  |... ............|
00017bc0  02 0d 20 fa f1 c1 e6 c0  c9 db f0 cb 7f 3e ff d3  |.. ..........>..|
00017bd0  f0 c8 21 40 9c cd 51 e4  21 40 9c cd 51 e4 c9 06  |..!@..Q.!@..Q...|
00017be0  00 04 d6 0a f2 2f 03 05  c6 0a f5 78 cd 3e 03 f1  |...../.....x.>..|
00017bf0  c6 30 4f cd 83 03 c9 11  9b 03 cd 78 03 11 3a 04  |.0O........x..:.|
00017c00  cd 78 03 cd 6d 03 11 58  04 cd 78 03 cd 6d 03 11  |.x..m..X..x..m..|
00017c10  72 04 cd 78 03 cd 6d 03  11 77 04 cd 78 03 c9 16  |r..x..m..w..x...|
00017c20  30 0e e4 cd 83 03 15 20  f8 c9 1a fe 24 c8 4f cd  |0...... ....$.O.|
00017c30  83 03 13 18 f5 2a 01 00  2e 0c e9 2a 01 00 2e 09  |.....*.....*....|
00017c40  e9 c5 d5 e5 0e 07 cd 83  03 e1 d1 c1 c9 1b 53 31  |..............S1|
00017c50  0c 1b 55 34 30 54 52 49  55 4d 50 48 20 41 44 4c  |..U40TRIUMPH ADL|
00017c60  45 52 1b 59 20 65 61 6c  70 68 61 74 72 6f 6e 69  |ER.Y ealphatroni|
00017c70  63 1b 55 32 30 df 20 20  20 4f 4f 4f 4f 4f 20 4f  |c.U20.   OOOOO O|
00017c80  4f df 0d 0a df 20 20 20  20 47 27 20 5f 3e 23 40  |O....    G' _>#@|
00017c90  df 0d 0a df 20 20 5f 3e  21 20 47 2f 2c 2c 40 df  |....  _>! G/,,@.|
00017ca0  0d 0a df 20 20 23 20 20  22 21 20 20 20 23 df 1b  |...  #  "!   #..|
00017cb0  59 21 0f 00 0c 01 00 de  fb 00 02 00 be 66 df 5f  |Y!...........f._|
00017cc0  4f 4f 30 20 5f 4f 4f df  1b 59 22 66 df 55 35 20  |OO0 _OO..Y"f.U5 |
00017cd0  40 20 40 20 2a 25 df 1b  59 23 66 df 55 37 23 21  |@ @ *%..Y#f.U7#!|
00017ce0  20 40 20 57 34 df 1b 59  25 66 1b 41 df 22 21 20  | @ W4..Y%f.A."! |
00017cf0  20 20 22 23 23 df 24 1b  59 20 30 1b 55 34 30 e0  |  "##.$.Y 0.U40.|
00017d00  1b 42 1b 44 e5 1b 42 1b  44 e8 1b 42 1b 44 e5 1b  |.B.D..B.D..B.D..|
00017d10  42 1b 44 e2 24 e3 1b 41  1b 44 e5 1b 41 1b 44 e9  |B.D.$..A.D..A.D.|
00017d20  1b 41 1b 44 e5 1b 41 1b  44 e1 1b 59 20 31 24 1b  |.A.D..A.D..Y 1$.|
00017d30  59 22 31 24 1b 55 37 30  1b 59 21 35 50 20 43 20  |Y"1$.U70.Y!5P C |
00017d40  46 20 4f 20 52 20 4d 20  20 20 20 20 20 53 6b 65  |F O R M      Ske|
00017d50  77 20 78 20 20 20 20 20  20 56 65 72 73 69 6f 6e  |w x      Version|
00017d60  20 20 31 2e 34 1b 59 23  35 43 6f 70 79 72 69 67  |  1.4.Y#5Copyrig|
00017d70  68 74 20 20 62 79 20 20  54 20 41 01 07 20 20 00  |ht  by  T A..  .|
00017d80  34 31 33 2d 4d 61 72 2d  38 34 24 d5 cd 89 03 fe  |413-Mar-84$.....|
00017d90  61 38 06 fe 7e 30 02 d6  20 d1 62 6b 4f 7e 23 fe  |a8..~0.. .bkO~#.|
00017da0  24 28 04 b9 c8 18 f6 cd  8f 03 18 df 1b 59 26 20  |$(...........Y& |
00017db0  1b 4a 57 68 69 0f 00 0d  01 00 30 eb 00 02 00 37  |.JWhi.....0....7|
00017dc0  63 68 20 64 72 69 76 65  20 20 28 20 41 2e 2e 42  |ch drive  ( A..B|
00017dd0  20 29 20 20 3f 20 20 24  41 42 24 0d 0a 0a 24 52  | )  ?  $AB$...$R|
00017de0  65 6d 6f 76 65 20 20 73  79 73 74 65 6d 20 20 64  |emove  system  d|
00017df0  69 73 6b 20 20 20 21 01  05 20 20 00 37 24 49 6e  |isk   !..  .7$In|
00017e00  73 65 72 74 20 20 6e 65  77 20 20 64 69 73 6b 65  |sert  new  diske|
00017e10  74 74 65 20 20 69 6e 20  20 58 20 20 21 0d 0a 0a  |tte  in  X  !...|
00017e20  43 68 6f 6f 73 65 20 20  66 75 6e 63 74 69 6f 6e  |Choose  function|
00017e30  20 20 20 3a 01 07 20 20  00 49 28 53 29 74 61 72  |   :..  .I(S)tar|
00017e40  74 20 20 20 20 20 20 28  41 29 62 6f 72 74 20 20  |t      (A)bort  |
00017e50  20 20 20 20 28 45 29 6e  64 20 20 24 53 41 45 24  |    (E)nd  $SAE$|
00017e60  46 20 4f 20 52 20 4d 20  41 20 54 20 54 20 49 20  |F O R M A T T I |
00017e70  4e 20 47 20 20 20 45 20  52 20 52 20 4f 20 52 20  |N G   E R R O R |
00017e80  20 20 21 01 04 20 20 00  18 24 0d 0a 0a 43 68 6f  |  !..  ..$...Cho|
00017e90  6f 73 65 20 20 66 75 6e  63 74 69 6f 6e 20 20 20  |ose  function   |
00017ea0  3a 01 08 20 20 00 01 20  0f 00 0e 01 00 b4 01 01  |:..  .. ........|
00017eb0  00 20 20 20 20 20 20 28  4e 29 65 77 20 73 74 61  |.      (N)ew sta|
00017ec0  72 74 20 20 20 20 20 20  28 45 29 6e 64 20 24 28  |rt      (E)nd $(|
00017ed0  52 29 65 74 72 79 24 4e  45 24 52 45 4e 24 0d 0a  |R)etry$NE$REN$..|
00017ee0  0a 49 6e 73 65 72 74 20  73 79 73 74 65 6d 20 64  |.Insert system d|
00017ef0  69 73 6b 20 69 6e 20 41  20 20 61 6e 64 20 70 72  |isk in A  and pr|
00017f00  65 73 73 20 61 6e 79 20  6b 65 79 20 74 6f 20 72  |ess any key to r|
00017f10  65 62 6f 6f 74 20 21 20  24 1b 4c 1b 41 1b 41 1b  |eboot ! $.L.A.A.|
00017f20  4c 1b 59 2a 20 1b 4b 54  72 61 63 6b 20 20 20 24  |L.Y* .KTrack   $|
00017f30  1b 59 2b 3e 4f 70 65 72  61 74 69 6f 6e 20 20 74  |.Y+>Operation  t|
00017f40  65 72 6d 69 6e 61 74 65  64 20 20 63 6f 72 72 65  |erminated  corre|
00017f50  63 74 6c 79 20 20 21 24  45 52 52 4f 52 20 20 21  |ctly  !$ERROR  !|
00017f60  20 20 20 20 20 44 20 69  20 73 20 6b 20 20 20 20  |     D i s k    |
00017f70  77 20 72 20 69 20 74 20  65 20 20 20 20 70 20 72  |w r i t e    p r|
00017f80  20 6f 20 74 20 65 20 63  20 74 20 65 20 64 20 20  | o t e c t e d  |
00017f90  21 24 c8 01 02 03 04 05  06 07 08 09 0a 0b 0c 0d  |!$..............|
00017fa0  0e 0f 10 01 09 02 0a 03  0b 04 0c 05 0d 06 0e 07  |................|
00017fb0  0f 0f 00 0f 01 00 63 01  01 00 08 10 01 07 0c 02  |......c.........|
00017fc0  08 0d 03 09 0e 04 0a 0f  05 0b 10 06 01 05 09 0d  |................|
00017fd0  02 06 0a 0e 03 07 0b 0f  04 08 0c 10 01 0e 0b 08  |................|
00017fe0  05 02 0f 0c 09 06 03 10  0d 0a 07 04 01 09 04 0c  |................|
00017ff0  07 0f 02 0a 05 0d 08 10  03 0b 06 0e 01 08 0f 06  |................|
00018000  0d 04 0b 02 09 10 07 0e  05 0c 03 0a 01 03 05 07  |................|
00018010  09 0b 0d 0f 02 04 06 08  0a 0c 0e 10 01 02 03 04  |................|
00018020  09 0a 0b 0c 05 06 07 08  0d 0e 0f 10 01 10 36 e5  |..............6.|
00018030  3a 20 02 2f e5 21 bb 36  b6 e1 c9 af 32 4c 36 32  |: ./.!.6....2L62|
00018040  72 36 c9 e3 f5 7e 23 32  a3 36 7e 32 a5 36 23 22  |r6...~#2.6~2.6#"|
00018050  a7 36 f1 e1 c3 91 31 f5  7d 32 a3 36 7c 32 a5 36  |.6....1.}2.6|2.6|
00018060  f1 e3 22 a7 36 e1 c3 91  31 e3 f5 7e 23 32 a3 36  |..".6...1..~#2.6|
00018070  7e 23 32 a5 36 22 a7 36  f1 e3 e5 f5 c5 d5 3a a3  |~#2.6".6......:.|
00018080  36 3d fe 14 3e 24 d4 95  26 cd bd 31 c4 d4 31 69  |6=..>$..&..1..1i|
00018090  60 29 11 a2 32 19 5e 23  56 0c 0e 10 01 02 03 04  |`)..2.^#V.......|
000180a0  09 0a 0b 0c 05 06 07 08  0d 0e 0f 10 01 10 36 e5  |..............6.|
000180b0  3a 20 02 2f e5 21 bb 36  b6 e1 0f 00 10 01 00 de  |: ./.!.6........|
000180c0  fb 00 02 00 be 66 df 5f  4f 4f 30 20 5f 4f 4f df  |.....f._OO0 _OO.|
000180d0  1b 59 22 66 df 55 35 20  40 20 40 20 2a 25 df 1b  |.Y"f.U5 @ @ *%..|
000180e0  59 23 66 df 55 37 23 21  20 40 20 57 34 df 1b 59  |Y#f.U7#! @ W4..Y|
000180f0  25 66 1b 41 df 22 21 20  20 20 22 23 23 df 24 1b  |%f.A."!   "##.$.|
00018100  59 20 30 1b 55 34 30 e0  1b 42 1b 44 e5 1b 42 1b  |Y 0.U40..B.D..B.|
00018110  44 e8 1b 42 1b 44 e5 1b  42 1b 44 e2 24 e3 1b 41  |D..B.D..B.D.$..A|
00018120  1b 44 e5 1b 41 1b 44 e9  1b 41 1b 44 e5 1b 41 1b  |.D..A.D..A.D..A.|
00018130  44 e1 1b 59 20 31 24 1b  59 22 31 24 1b 55 37 30  |D..Y 1$.Y"1$.U70|
00018140  1b 59 21 35 50 20 43 20  46 20 4f 20 52 20 4d 20  |.Y!5P C F O R M |
00018150  20 20 20 20 20 53 6b 65  77 20 78 20 20 20 20 20  |     Skew x     |
00018160  20 56 65 72 73 69 6f 6e  20 20 31 2e 34 1b 59 23  | Version  1.4.Y#|
00018170  35 43 6f 70 79 72 69 67  68 74 20 20 62 79 20 20  |5Copyright  by  |
00018180  54 20 41 01 07 20 20 00  34 31 33 2d 4d 61 72 2d  |T A..  .413-Mar-|
00018190  38 34 24 d5 cd 89 03 fe  61 38 06 fe 7e 30 02 d6  |84$.....a8..~0..|
000181a0  20 d1 62 6b 4f 7e 23 fe  24 28 04 b9 c8 18 f6 cd  | .bkO~#.$(......|
000181b0  8f 03 18 df 1b 59 26 20  1b 4a 57 68 69 10 0f 01  |.....Y& .JWhi...|
000181c0  20 0f 01 01 01 00 b7 01  01 00 c3 ce 04 c9 00 00  | ...............|
000181d0  c9 00 00 1a 00 00 00 00  00 00 28 49 4e 50 3a 2f  |..........(INP:/|
000181e0  4f 55 54 3a 53 50 41 43  45 29 28 49 4e 50 3a 2f  |OUT:SPACE)(INP:/|
*
000182c0  4f 55 54 3a 53 50 41 43  45 29 0f 01 02 01 00 d1  |OUT:SPACE)......|
000182d0  01 01 00 20 20 20 43 4f  50 59 52 49 47 48 54 20  |...   COPYRIGHT |
000182e0  28 43 29 20 31 39 37 39  2c 20 44 49 47 49 54 41  |(C) 1979, DIGITA|
000182f0  4c 20 52 45 53 45 41 52  43 48 2c 20 20 50 49 50  |L RESEARCH,  PIP|
00018300  20 56 45 52 53 20 31 2e  35 03 01 06 01 00 24 24  | VERS 1.5.....$$|
00018310  24 20 20 20 20 20 53 55  42 00 00 00 20 3d 2e 3a  |$     SUB... =.:|
00018320  2c 3c 3e 0d 5f 5b 5d 49  4e 50 49 52 44 50 54 52  |,<>._[]INPIRDPTR|
00018330  55 52 31 55 52 32 52 44  52 4f 55 54 4c 50 54 55  |UR1UR2RDROUTLPTU|
00018340  4c 31 50 52 4e 4c 53 54  50 54 50 55 50 31 55 50  |L1PRNLSTPTPUP1UP|
00018350  32 50 55 4e 54 54 59 43  52 54 55 43 31 43 4f 4e  |2PUNTTYCRTUC1CON|
00018360  4e 55 4c 45 4f 46 00 44  49 53 4b 20 52 45 41 44  |NULEOF.DISK READ|
00018370  20 45 52 52 4f 52 24 44  49 53 4b 20 57 52 49 54  | ERROR$DISK WRIT|
00018380  45 20 45 52 52 4f 52 24  56 45 52 49 46 59 20 45  |E ERROR$VERIFY E|
00018390  52 52 4f 52 24 4e 4f 54  20 41 20 43 48 41 52 41  |RROR$NOT A CHARA|
000183a0  43 54 45 52 20 53 49 4e  4b 24 52 45 41 44 45 52  |CTER SINK$READER|
000183b0  20 53 54 4f 50 50 49 4e  47 0d 0a 24 4e 4f 54 20  | STOPPING..$NOT |
000183c0  41 20 43 48 41 52 41 43  54 45 52 20 53 4f 55 52  |A CHARACTER SOUR|
000183d0  43 45 24 0f 01 03 01 00  d4 01 01 00 41 42 4f 52  |CE$.........ABOR|
000183e0  54 45 44 24 42 41 44 20  50 41 52 41 4d 45 54 45  |TED$BAD PARAMETE|
000183f0  52 24 49 4e 56 41 4c 49  44 20 55 53 45 52 20 4e  |R$INVALID USER N|
00018400  55 4d 42 45 52 24 52 45  43 4f 52 44 20 54 4f 4f  |UMBER$RECORD TOO|
00018410  20 4c 4f 4e 47 24 49 4e  56 41 4c 49 44 20 44 49  | LONG$INVALID DI|
00018420  47 49 54 24 45 4e 44 20  4f 46 20 46 49 4c 45 2c  |GIT$END OF FILE,|
00018430  20 43 54 4c 2d 5a 3f 24  43 48 45 43 4b 53 55 4d  | CTL-Z?$CHECKSUM|
00018440  20 45 52 52 4f 52 24 43  4f 52 52 45 43 54 20 45  | ERROR$CORRECT E|
00018450  52 52 4f 52 2c 20 54 59  50 45 20 52 45 54 55 52  |RROR, TYPE RETUR|
00018460  4e 20 4f 52 20 43 54 4c  2d 5a 24 49 4e 56 41 4c  |N OR CTL-Z$INVAL|
00018470  49 44 20 46 4f 52 4d 41  54 24 48 45 58 24 24 24  |ID FORMAT$HEX$$$|
00018480  24 4e 4f 20 44 49 52 45  43 54 4f 52 59 20 53 50  |$NO DIRECTORY SP|
00018490  41 43 45 24 4e 4f 20 46  49 4c 45 24 43 4f 4d 24  |ACE$NO FILE$COM$|
000184a0  53 54 41 52 54 20 4e 4f  54 20 46 4f 55 4e 44 24  |START NOT FOUND$|
000184b0  51 55 49 54 20 4e 4f 54  20 46 4f 55 4e 44 24 43  |QUIT NOT FOUND$C|
000184c0  41 4e 4e 4f 54 20 43 4c  4f 53 45 20 44 45 53 54  |ANNOT CLOSE DEST|
000184d0  49 4e 41 54 49 4f 4e 20  46 49 4c 45 0f 01 04 01  |INATION FILE....|
000184e0  00 b4 01 01 00 24 44 45  53 54 49 4e 41 54 49 4f  |.....$DESTINATIO|
000184f0  4e 20 49 53 20 52 2f 4f  2c 20 44 45 4c 45 54 45  |N IS R/O, DELETE|
00018500  20 28 59 2f 4e 29 3f 24  2a 2a 4e 4f 54 20 44 45  | (Y/N)?$**NOT DE|
00018510  4c 45 54 45 44 2a 2a 24  24 24 24 24 24 24 4e 4f  |LETED**$$$$$$$NO|
00018520  54 20 46 4f 55 4e 44 24  43 4f 50 59 49 4e 47 20  |T FOUND$COPYING |
00018530  2d 24 52 45 51 55 49 52  45 53 20 43 50 2f 4d 20  |-$REQUIRES CP/M |
00018540  32 2e 30 20 4f 52 20 4e  45 57 45 52 20 46 4f 52  |2.0 OR NEWER FOR|
00018550  20 4f 50 45 52 41 54 49  4f 4e 2e 24 55 4e 52 45  | OPERATION.$UNRE|
00018560  43 4f 47 4e 49 5a 45 44  20 44 45 53 54 49 4e 41  |COGNIZED DESTINA|
00018570  54 49 4f 4e 24 43 41 4e  4e 4f 54 20 57 52 49 54  |TION$CANNOT WRIT|
00018580  45 24 49 4e 56 41 4c 49  44 20 50 49 50 20 46 4f  |E$INVALID PIP FO|
00018590  52 4d 41 54 24 43 41 4e  4e 4f 54 20 52 45 41 44  |RMAT$CANNOT READ|
000185a0  24 49 4e 56 41 4c 49 44  20 53 45 50 41 52 41 54  |$INVALID SEPARAT|
000185b0  4f 52 24 31 f2 1d 01 80  00 c5 1e 80 01 cc 1e cd  |OR$1............|
000185c0  18 0a 3a cc 1e d6 00 d6  01 9f 32 a5 1e cd 4c 08  |..:.......2...L.|
000185d0  eb 3e 20 cd 84 1d d2 fd  04 01 4d 04 cd 39 08 cd  |.> .......M..9..|
000185e0  00 00 cd 16 09 0f 01 05  01 00 0d 01 01 00 32 c0  |..............2.|
000185f0  1e 11 00 00 0e 19 cd 05  00 32 fc 1d 31 f2 1d cd  |.........2..1...|
00018600  40 1a 3a c0 1e 32 c1 1e  21 6f 1f 36 00 2b 36 00  |@.:..2..!o.6.+6.|
00018610  2b 36 00 21 a6 1e 36 01  23 36 00 21 f3 1d 36 00  |+6.!..6.#6.!..6.|
00018620  23 36 fe 3a a5 1e 1f d2  47 05 0e 2a cd 1c 08 cd  |#6.:....G..*....|
00018630  6f 09 cd 2e 08 21 4e 1f  36 ff 3a cc 1e fe 00 c2  |o....!N.6.:.....|
00018640  5e 05 2a fc 1d 4d cd 5e  08 cd 00 00 21 4b 1e 36  |^.*..M.^....!K.6|
00018650  00 21 03 1e 36 00 21 a4  1e 36 00 2b 36 00 01 27  |.!..6.!..6.+6..'|
00018660  1e cd 20 12 3a a9 1e fe  03 c2 81 05 c3 24 06 3a  |.. .:........$.:|
00018670  a9 1e fe 04 c2 c3 05 3a  94 1f 3d 32 4b 1e cd 0c  |.......:..=2K...|
00018680  1d 01 06 1e cd 20 12 3a  a9 1e fe 02 ca a4 05 cd  |..... .:........|
00018690  5c 18 3a f5 1d 1f d2 b7  05 01 5c 00 cd ee 1c cd  |\.:.......\.....|
000186a0  78 1b c3 c0 05 01 27 1e  cd ee 1c cd b2 1a c3 db  |x.....'.........|
000186b0  07 3a a9 1e d6 02 c6 ff  9f 21 f5 1d b6 1f d2 d6  |.:.......!......|
000186c0  05 cd 5c 18 cd a2 1c cd  0c 1d 01 06 1e cd 20 12  |..\........... .|
000186d0  3a a9 1e fe 04 c2 05 06  cd 88 1c cd c6 1c 01 27  |:..............'|
000186e0  1e c5 1e 21 01 06 1e cd  18 0a cd df 1c cd 0f 01  |...!............|
000186f0  06 01 00 2d 01 01 00 b2  1a c3 db 07 3a a9 1e fe  |...-........:...|
00018700  02 c2 24 06 cd 11 12 3a  a8 1e fe 0d ca 1b 06 c3  |..$....:........|
00018710  24 06 cd 88 1c cd b2 1a  c3 db 07 21 4e 1f 36 ff  |$..........!N.6.|
00018720  01 27 1e cd 20 12 3a a9  1e d6 02 9f 21 f5 1d b6  |.'.. .:.....!...|
00018730  1f d2 43 06 01 77 04 cd  af 09 21 05 1e 36 00 3a  |..C..w....!..6.:|
00018740  a9 1e fe 02 c2 5e 06 cd  a2 1c cd 63 18 21 a8 1e  |.....^.....c.!..|
00018750  36 ff c3 7b 06 3a a8 1e  d6 13 9f 2f f5 3e 05 21  |6..{.:...../.>.!|
00018760  a8 1e 96 9f 2f c1 48 b1  1f d2 7b 06 01 90 04 cd  |..../.H...{.....|
00018770  af 09 3a a8 1e 3c 32 a3  1e fe 0f c2 8a 06 cd cf  |..:..<2.........|
00018780  15 01 06 1e cd 20 12 3a  a9 1e d6 01 c6 ff 9f f5  |..... .:........|
00018790  3a a8 1e d6 3d c6 ff 9f  c1 48 b1 1f d2 ae 06 01  |:...=....H......|
000187a0  9d 04 cd af 09 21 a7 1f  36 01 3a a7 1f 1f d2 be  |.....!..6.:.....|
000187b0  07 3a c0 1e 32 c1 1e 01  06 1e cd 20 12 21 04 1e  |.:..2...... .!..|
000187c0  36 00 3a a9 1e d6 02 d6  01 9f f5 3a f5 1d 2f c1  |6.:........:../.|
000187d0  48 a1 1f d2 ed 06 cd 88  1c cd be 18 21 a8 1e 36  |H...........!..6|
000187e0  ff c3 13 07 3a a9 1e d6  03 c6 ff 9f f5 3e 0a 21  |....:........>.!|
000187f0  a8 1e 96 9f 2f f5 3e 0f  01 07 01 00 4e 01 01 00  |..../.>.....N...|
00018800  05 96 9f c1 48 a1 c1 48  b1 1f d2 13 07 01 b0 04  |....H..H........|
00018810  cd af 09 3a 5e 1f 21 04  1e b6 77 3a a8 1e 3c 32  |...:^.!...w:..<2|
00018820  a4 1e 3a a8 1e fe 13 c2  30 07 cd cf 15 c3 7d 07  |..:.....0.....}.|
00018830  3a a8 1e fe 14 c2 40 07  0e 1a cd 45 0e c3 7d 07  |:.....@....E..}.|
00018840  3a a8 1e d6 05 9f 21 05  1e a6 1f d2 53 07 21 57  |:.....!.....S.!W|
00018850  1f 36 01 3a a3 1e fe 0a  c2 7a 07 21 5d 1f 36 01  |.6.:.....z.!].6.|
00018860  3a 63 1f fe 00 c2 6d 07  21 63 1f 36 08 3a 5f 1f  |:c....m.!c.6.:_.|
00018870  fe 00 c2 7a 07 21 5f 1f  36 01 cd 6c 1a cd 12 19  |...z.!_.6..l....|
00018880  01 06 1e cd 20 12 3a a9  1e d6 01 c6 ff 9f f5 3a  |.... .:........:|
00018890  a8 1e d6 2c c6 ff 9f f5  3a a8 1e d6 0d c6 ff 9f  |...,....:.......|
000188a0  c1 48 a1 c1 48 b1 1f d2  b0 07 01 bc 04 cd af 09  |.H..H...........|
000188b0  3a a8 1e d6 0d c6 ff 9f  32 a7 1f c3 b3 06 3a a3  |:.......2.....:.|
000188c0  1e fe 0f c2 ce 07 0e 1a  cd 45 0e cd cf 15 3a a3  |.........E....:.|
000188d0  1e fe 00 c2 db 07 0e 00  cd 31 19 3a a5 1e 32 cc  |.........1.:..2.|
000188e0  1e c3 14 05 fb 76 21 f2  1d 71 21 f2 07 e5 2a 38  |.....v!..q!...*8|
000188f0  02 e9 c9 21 fb 07 e5 2a  36 02 e9 3a 09 01 c9 3e  |...!...*6..:...>|
00018900  0f 01 08 01 00 52 01 01  00 fa cd a6 1d 3e fa cd  |.....R.......>..|
00018910  a6 1d c9 11 00 00 0e 03  cd 05 00 c9 11 00 00 0e  |................|
00018920  01 cd 05 00 c9 21 ab 1e  71 3a ab 1e e6 7f 5f 16  |.....!..q:...._.|
00018930  00 0e 02 cd 05 00 c9 0e  0d cd 1c 08 0e 0a cd 1c  |................|
00018940  08 c9 21 ad 1e 70 2b 71  cd 2e 08 2a ac 1e eb 0e  |..!..p+q...*....|
00018950  09 cd 05 00 c9 11 00 00  0e 0c cd 05 00 c9 11 00  |................|
00018960  00 0e 0d cd 05 00 c9 21  af 1e 71 2a af 1e 26 00  |.......!..q*..&.|
00018970  eb 0e 0e cd 05 00 c9 21  b1 1e 70 2b 71 2a b0 1e  |.......!..p+q*..|
00018980  eb 0e 0f cd 05 00 32 ae  1e c9 21 b3 1e 70 2b 71  |......2...!..p+q|
00018990  2a b2 1e eb 0e 10 cd 05  00 32 ae 1e c9 21 b5 1e  |*........2...!..|
000189a0  70 2b 71 2a b4 1e eb 0e  11 cd 05 00 32 ae 1e c9  |p+q*........2...|
000189b0  11 00 00 0e 12 cd 05 00  32 ae 1e c9 21 b7 1e 70  |........2...!..p|
000189c0  2b 71 2a b6 1e eb 0e 13  cd 05 00 c9 21 b9 1e 70  |+q*.........!..p|
000189d0  2b 71 2a b8 1e eb 0e 14  cd 05 00 c9 21 bb 1e 70  |+q*.........!..p|
000189e0  2b 71 2a ba 1e eb 0e 15  cd 05 00 c9 21 bd 1e 70  |+q*.........!..p|
000189f0  2b 71 2a bc 1e eb 0e 16  cd 05 00 32 ae 1e c9 21  |+q*........2...!|
00018a00  bf 1e 70 2b 71 2a be 1e  eb 0f 01 09 01 00 7a 01  |..p+q*........z.|
00018a10  01 00 0e 17 cd 05 00 c9  21 c3 1e 70 2b 71 2a c2  |........!..p+q*.|
00018a20  1e eb 0e 1e cd 05 00 c9  11 ff 00 0e 20 cd 05 00  |............ ...|
00018a30  c9 21 c4 1e 71 2a c4 1e  26 00 eb 0e 20 cd 05 00  |.!..q*..&... ...|
00018a40  c9 2a c0 1e 4d cd 1f 09  c9 2a c1 1e 4d cd 1f 09  |.*..M....*..M...|
00018a50  c9 21 c6 1e 70 2b 71 2a  c5 1e eb 0e 21 cd 05 00  |.!..p+q*....!...|
00018a60  c9 21 c8 1e 70 2b 71 2a  c7 1e eb 0e 22 cd 05 00  |.!..p+q*...."...|
00018a70  c9 21 ca 1e 70 2b 71 2a  c9 1e eb 0e 24 cd 05 00  |.!..p+q*....$...|
00018a80  c9 21 cb 1e 36 80 11 cb  1e 0e 0a cd 05 00 c9 11  |.!..6...........|
00018a90  00 00 0e 0b cd 05 00 c9  21 6b 1f 70 2b 71 2a 6a  |........!k.p+q*j|
00018aa0  1f eb 0e 1a cd 05 00 c9  3e 0c d3 01 3e 08 d3 01  |........>...>...|
00018ab0  db 01 07 07 07 1f da aa  09 c3 9e 09 db 03 e6 7f  |................|
00018ac0  c9 21 71 1f 70 2b 71 cd  2f 09 2a 70 1f 44 4d cd  |.!q.p+q./.*p.DM.|
00018ad0  39 08 0e 3a cd 1c 08 0e  20 cd 1c 08 3a 4d 1f 32  |9..:.... ...:M.2|
00018ae0  72 1f 3a 4e 1f 21 72 1f  be da f8 09 21 cc 1e 3a  |r.:N.!r.....!..:|
00018af0  72 1f be d2 f1 09 2a 72  1f 26 00 01 cd 1e 09 4e  |r.....*r.&.....N|
00018b00  cd 1c 08 21 72 1f 34 c2  d0 09 21 cc 1e 36 00 01  |...!r.4...!..6..|
00018b10  3a 02 0f 01 0a 01 00 10  01 01 00 cd 94 08 3a ae  |:.............:.|
00018b20  1e fe ff ca 11 0a 01 3a  02 cd b3 08 cd 2e 08 c3  |.......:........|
00018b30  0e 05 c9 21 77 1f 73 2b  70 2b 71 2b d1 c1 70 2b  |...!w.s+p+q+..p+|
00018b40  71 d5 3a 77 1f 3d 32 77  1f fe ff ca 4e 0a 2a 73  |q.:w.=2w....N.*s|
00018b50  1f e5 2a 75 1f c1 0a 77  2a 73 1f 23 22 73 1f 2a  |..*u...w*s.#"s.*|
00018b60  75 1f 23 22 75 1f c3 27  0a c9 21 00 00 22 9d 1e  |u.#"u..'..!.."..|
00018b70  2a 03 1e 4d cd 5e 08 cd  37 09 21 78 1f 36 00 3a  |*..M.^..7.!x.6.:|
00018b80  fb 1d 21 78 1f be da be  0a 2a 9d 1e eb 2a 01 1e  |..!x.....*...*..|
00018b90  19 44 4d cd 86 09 01 06  1e cd c3 08 32 79 1f fe  |.DM.........2y..|
00018ba0  00 ca ad 0a 3a 79 1f fe  01 ca 97 0a 01 94 02 cd  |....:y..........|
00018bb0  af 09 2a 9d 1e 22 9f 1e  eb 2a 01 1e 19 36 1a 3a  |..*.."...*...6.:|
00018bc0  fb 1d 32 78 1f c3 b7 0a  11 80 00 2a 9d 1e 19 22  |..2x.......*..."|
00018bd0  9d 1e 21 78 1f 34 c2 64  0a 21 00 00 22 9d 1e cd  |..!x.4.d.!.."...|
00018be0  2f 09 c9 0e 07 21 a1 1e  cd 6a 1d 7d 3d 32 7c 1f  |/....!...j.}=2|.|
00018bf0  fe ff c2 db 0a c9 21 00  00 22 a1 1e 2a 4b 1e 4d  |......!.."..*K.M|
00018c00  cd 5e 08 01 27 1e cd 5f  09 21 7a 1f 36 00 3a 7c  |.^..'.._.!z.6.:||
00018c10  1f 21 7a 1f be da 31 0b  2a a1 1e 0f 01 0b 01 00  |.!z...1.*.......|
00018c20  c9 01 01 00 01 ca 1f 09  22 7d 1f 2a 7d 1f 44 4d  |........"}.*}.DM|
00018c30  cd 86 09 01 27 1e cd d3  08 fe 00 ca 20 0b 01 a4  |....'....... ...|
00018c40  02 cd af 09 11 80 00 2a  a1 1e 19 22 a1 1e 21 7a  |.......*..."..!z|
00018c50  1f 34 c2 f3 0a 3a 65 1f  1f d2 c9 0b 21 00 00 22  |.4...:e.....!.."|
00018c60  a1 1e 01 80 00 cd 86 09  21 7a 1f 36 00 3a 7c 1f  |........!z.6.:|.|
00018c70  21 7a 1f be da c0 0b 01  27 1e cd 3f 09 d6 00 d6  |!z......'..?....|
00018c80  01 9f 32 7f 1f 2a 48 1e  23 22 48 1e 21 7b 1f 36  |..2..*H.#"H.!{.6|
00018c90  00 3a 7b 1f d6 80 9f 21  7f 1f a6 1f d2 a2 0b 2a  |.:{....!.......*|
00018ca0  7b 1f 26 00 01 80 00 09  3a 7b 1f 11 a1 1e e5 cd  |{.&.....:{......|
00018cb0  34 1d 01 ca 1f 09 c1 0a  96 d6 01 9f 32 7f 1f 21  |4...........2..!|
00018cc0  7b 1f 34 c3 6d 0b 11 80  00 2a a1 1e 19 22 a1 1e  |{.4.m....*..."..|
00018cd0  3a 7f 1f 1f da b9 0b 01  b5 02 cd af 09 21 7a 1f  |:............!z.|
00018ce0  34 c2 49 0b 01 27 1e cd  d3 08 32 7f 1f 21 00 00  |4.I..'....2..!..|
00018cf0  22 a1 1e c9 21 80 1f 71  3a 80 1f fe 20 da f4 0b  |"...!..q:... ...|
00018d00  21 f3 1d 34 3e 00 21 53  1f be d2 f4 0b 3a 53 1f  |!..4>.!S.....:S.|
00018d10  21 f3 1d be d2 f4 0b c9  3a 03 00 32 81 1f 2a a3  |!.......:..2..*.|
00018d20  1e 4d 06 00 0f 01 0c 01  00 41 01 01 00 21 dd 0c  |.M.......A...!..|
00018d30  09 09 5e 23 56 eb e9 01  ff 1d 11 a1 1e cd 8e 1d  |..^#V...........|
00018d40  da 19 0c cd c8 0a 2a a1  1e 01 ca 1f 09 3a 80 1f  |......*......:..|
00018d50  77 2a a1 1e 23 22 a1 1e  c3 05 0d c3 3d 0c c3 3d  |w*..#"......=..=|
00018d60  0c c3 3d 0c c3 3d 0c c3  3d 0c 01 c2 02 cd af 09  |..=..=..=.......|
00018d70  c3 05 0d 2a 80 1f 4d cd  e6 07 c3 05 0d 21 03 00  |...*..M......!..|
00018d80  36 80 c3 71 0c c3 05 0d  21 03 00 36 c0 c3 71 0c  |6..q....!..6..q.|
00018d90  c3 05 0d 21 03 00 36 80  c3 71 0c c3 05 0d 2a 80  |...!..6..q....*.|
00018da0  1f 26 00 eb 0e 05 cd 05  00 c3 05 0d 21 03 00 36  |.&..........!..6|
00018db0  10 c3 a0 0c c3 05 0d 21  03 00 36 20 c3 a0 0c c3  |.......!..6 ....|
00018dc0  05 0d 21 03 00 36 30 c3  a0 0c c3 05 0d 2a 80 1f  |..!..60......*..|
00018dd0  26 00 eb 0e 04 cd 05 00  c3 05 0d 21 03 00 36 00  |&..........!..6.|
00018de0  c3 cf 0c c3 05 0d 21 03  00 36 01 c3 cf 0c c3 05  |......!..6......|
00018df0  0d 21 03 00 36 03 c3 cf  0c c3 05 0d 2a 80 1f 26  |.!..6.......*..&|
00018e00  00 eb 0e 02 cd 05 00 c3  05 0d 0a 0c 2e 0c 31 0c  |..............1.|
00018e10  34 0c 37 0c 3a 0c 3d 0c  46 0c 50 0c 5b 0c 66 0c  |4.7.:.=.F.P.[.f.|
00018e20  71 0c 7f 0c 8a 0c 95 0c  a0 0c ae 0c b9 0f 01 0d  |q...............|
00018e30  01 00 e4 01 01 00 0c c4  0c cf 0c 3a 81 1f 32 03  |...........:..2.|
00018e40  00 c9 21 82 1f 71 3a 82  1f fe 09 ca 22 0d 2a 82  |..!..q:.....".*.|
00018e50  1f 4d cd d0 0b c3 6e 0d  3a 63 1f fe 00 c2 34 0d  |.M....n.:c....4.|
00018e60  2a 82 1f 4d cd d0 0b c3  6e 0d 3a f3 1d 32 83 1f  |*..M....n.:..2..|
00018e70  21 63 1f 3a 83 1f be da  51 0d 21 63 1f 3a 83 1f  |!c.:....Q.!c.:..|
00018e80  96 32 83 1f c3 3a 0d 21  83 1f 3a 63 1f 96 77 3e  |.2...:.!..:c..w>|
00018e90  00 21 83 1f be d2 6e 0d  21 83 1f 35 0e 20 cd d0  |.!....n.!..5. ..|
00018ea0  0b c3 59 0d 3a 82 1f fe  0d c2 7b 0d 21 f3 1d 36  |..Y.:.....{.!..6|
00018eb0  00 c9 21 84 1f 71 3a 84  1f d6 00 d6 01 9f 21 6c  |..!..q:.......!l|
00018ec0  1f a6 77 1f d2 99 0d 0e  20 cd 0c 0d c3 a2 0d 3a  |..w..... ......:|
00018ed0  84 1f c6 30 4f cd 0c 0d  c9 21 85 1f 71 3a 85 1f  |...0O....!..q:..|
00018ee0  e6 f8 1f 1f 1f 1f 4f cd  7c 0d 3a 85 1f e6 0f 4f  |......O.|.:....O|
00018ef0  cd 7c 0d c9 21 86 1f 36  01 3a 5d 1f d6 01 d6 01  |.|..!..6.:].....|
00018f00  9f 32 6c 1f 3a 6f 1f 86  27 32 6f 1f 3a 6e 1f ce  |.2l.:o..'2o.:n..|
00018f10  00 27 32 6e 1f 3a 6d 1f  ce 00 27 32 6d 1f 2a 6d  |.'2n.:m...'2m.*m|
00018f20  1f 4d cd a3 0d 2a 6e 1f  4d cd a3 0d 2a 6f 1f 4d  |.M...*n.M...*o.M|
00018f30  cd a3 0d 3a 5d 1f 0f 01  0e 01 00 5c 01 01 00 fe  |...:]......\....|
00018f40  01 c2 12 0e 0e 3a cd 0c  0d 0e 20 cd 0c 0d c3 17  |.....:.... .....|
00018f50  0e 0e 09 cd 0c 0d c9 2a  a1 1e 7d e6 7f 32 89 1f  |.......*..}..2..|
00018f60  11 80 ff cd 44 1d 22 87  1f cd c8 0a 2a 87 1f 01  |....D.".....*...|
00018f70  ca 1f 09 e5 2a 89 1f eb  cd 18 0a 2a 89 1f 26 00  |....*......*..&.|
00018f80  22 a1 1e c9 21 8a 1f 71  3a 55 1f 1f d2 59 0e 3a  |"...!..q:U...Y.:|
00018f90  8a 1f fe 0c c2 59 0e c9  3a a6 1e 1f d2 a9 0e 3a  |.....Y..:......:|
00018fa0  8a 1f fe 0c ca a9 0e 3a  5f 1f 32 8b 1f fe 00 ca  |.......:_.2.....|
00018fb0  98 0e 3a 8b 1f fe 01 c2  80 0e 21 8b 1f 36 3c 3a  |..:.......!..6<:|
00018fc0  f4 1d 3c 32 f4 1d 21 8b  1f be da 98 0e 21 f4 1d  |..<2..!......!..|
00018fd0  36 00 0e 0c cd 0c 0d 3e  00 21 5d 1f be d2 a4 0e  |6......>.!].....|
00018fe0  cd be 0d 21 a6 1e 36 00  3a 51 1f 1f d2 cc 0e 3a  |...!..6.:Q.....:|
00018ff0  8a 1f d6 13 d6 01 9f f5  3a a3 1e d6 00 d6 01 9f  |........:.......|
00019000  c1 48 a1 1f d2 cc 0e cd  18 0e c9 3a 8a 1f fe 0c  |.H.........:....|
00019010  c2 d9 0e 21 f4 1d 36 00  2a 8a 1f 4d cd 0c 0d 3a  |...!..6.*..M...:|
00019020  8a 1f fe 0a c2 ed 0e 21  a6 1e 36 01 c9 21 8c 1f  |.......!..6..!..|
00019030  71 3a 8c 1f d6 61 9f 2f  f5 3e 7a 21 8c 1f 96 0f  |q:...a./.>z!....|
00019040  01 0f 01 00 1d 01 01 00  9f 2f c1 48 a1 1f d2 11  |........./.H....|
00019050  0f 3a 8c 1f e6 5f 32 8c  1f 3a 8c 1f c9 21 8d 1f  |.:..._2..:...!..|
00019060  71 3a 8d 1f d6 41 9f 2f  f5 3e 5a 21 8d 1f 96 9f  |q:...A./.>Z!....|
00019070  2f c1 48 a1 1f d2 38 0f  3a 8d 1f f6 20 32 8d 1f  |/.H...8.:... 2..|
00019080  3a 8d 1f c9 3a a4 1e 3d  4f 3e 05 b9 da 6d 0f 3a  |:...:..=O>...m.:|
00019090  57 1f 21 51 1f b6 f5 cd  7d 09 c1 48 a1 1f d2 6d  |W.!Q....}..H...m|
000190a0  0f cd 13 08 fe 1a c2 64  0f 3e 1a c9 01 d7 02 cd  |.......d.>......|
000190b0  39 08 3e 13 c9 21 90 1f  36 01 3a 03 00 32 8e 1f  |9.>..!..6.:..2..|
000190c0  2a a4 1e 4d 06 00 21 45  10 09 09 5e 23 56 eb e9  |*..M..!E...^#V..|
000190d0  01 fd 1d 11 9d 1e cd 8e  1d da 97 0f cd 4f 0a 2a  |.............O.*|
000190e0  9d 1e eb 2a 01 1e 19 7e  32 8f 1f 2a 9d 1e 23 22  |...*...~2..*..#"|
000190f0  9d 1e c3 6d 10 cd f3 07  32 8f 1f c3 6d 10 cd 96  |...m....2...m...|
00019100  09 32 8f 1f c3 6d 10 21  03 00 36 04 c3 e0 0f c3  |.2...m.!..6.....|
00019110  6d 10 21 03 00 36 08 c3  e0 0f c3 6d 10 21 03 00  |m.!..6.....m.!..|
00019120  36 0c c3 e0 0f c3 6d 10  11 00 00 0e 03 cd 05 00  |6.....m.........|
00019130  e6 7f 32 8f 1f c3 6d 10  c3 08 10 c3 08 10 c3 08  |..2...m.........|
00019140  10 c3 08 10 c3 08 10 c3  0f 01 10 01 00 8f 01 01  |................|
00019150  00 08 10 c3 08 10 c3 08  10 01 e9 02 cd af 09 c3  |................|
00019160  6d 10 21 03 00 36 00 c3  32 10 c3 6d 10 21 03 00  |m.!..6..2..m.!..|
00019170  36 01 c3 32 10 c3 6d 10  21 03 00 36 03 c3 32 10  |6..2..m.!..6..2.|
00019180  c3 6d 10 21 90 1f 36 00  11 00 00 0e 01 cd 05 00  |.m.!..6.........|
00019190  32 8f 1f c3 6d 10 88 0f  ad 0f b6 0f bf 0f ca 0f  |2...m...........|
000191a0  d5 0f e0 0f f0 0f f3 0f  f6 0f f9 0f fc 0f ff 0f  |................|
000191b0  02 10 05 10 08 10 11 10  1c 10 27 10 32 10 3a 8e  |..........'.2.:.|
000191c0  1f 32 03 00 3a 54 1f 1f  d2 92 10 3a a3 1e 32 8e  |.2..:T.....:..2.|
000191d0  1f 21 a3 1e 36 13 2a 8f  1f 4d cd 45 0e 3a 8e 1f  |.!..6.*..M.E.:..|
000191e0  32 a3 1e 3a 90 1f 1f d2  dc 10 3a 04 1e 1f d2 b2  |2..:......:.....|
000191f0  10 3a a7 1e 3c 32 a7 1e  d6 00 d6 01 9f 32 90 1f  |.:..<2.......2..|
00019200  c3 bd 10 3a 8f 1f d6 0a  d6 01 9f 32 90 1f 3a 90  |...:.......2..:.|
00019210  1f 1f d2 dc 10 cd 7d 09  1f d2 dc 10 cd 13 08 fe  |......}.........|
00019220  1a c2 d6 10 3e 1a c9 01  00 03 cd af 09 3a 69 1f  |....>........:i.|
00019230  1f d2 eb 10 3a 8f 1f e6  7f 32 8f 1f 3a 64 1f 1f  |....:....2..:d..|
00019240  d2 fa 10 2a 8f 1f 4d cd  ee 0e c9 3a 5b 1f 1f d2  |...*..M....:[...|
00019250  09 10 10 00 47 10 00 01  01 00 63 01 01 00 11 2a  |....G.....c....*|
00019260  8f 1f 4d cd 15 0f c9 3a  8f 1f c9 3e 00 21 fa 1d  |..M....:...>.!..|
00019270  be d2 28 11 3a fa 1d 3d  32 fa 1d fe 01 c2 25 11  |..(.:..=2.....%.|
00019280  3e 0a c9 3e 1a c9 3e 00  21 f8 1d be d2 46 11 21  |>..>..>.!....F.!|
00019290  f8 1d 35 2b 4e 06 00 21  cd 1e 09 7e 32 91 1f 21  |..5+N..!...~2..!|
000192a0  f7 1d 34 c9 cd 3c 0f 32  91 1f fe 1a c2 54 11 3e  |..4..<.2.....T.>|
000192b0  1a c9 3e 00 21 62 1f be  d2 7d 11 2a 62 1f 4d cd  |..>.!b...}.*b.M.|
000192c0  ad 11 1f d2 7a 11 3a 62  1f 32 f7 1d 21 62 1f 36  |....z.:b.2..!b.6|
000192d0  00 3a f9 1d 3c 32 f8 1d  c3 a9 11 3e 00 21 60 1f  |.:..<2.....>.!`.|
000192e0  be d2 a5 11 2a 60 1f 4d  cd ad 11 1f d2 9e 11 21  |....*`.M.......!|
000192f0  60 1f 36 00 21 fa 1d 36  02 3e 0d c9 3a 91 1f c9  |`.6.!..6.>..:...|
00019300  c3 a9 11 3a 91 1f c9 c3  28 11 c9 21 92 1f 71 3a  |...:....(..!..q:|
00019310  f9 1d 21 92 1f 86 77 4f  06 00 21 cd 1e 09 7e 32  |..!...wO..!...~2|
00019320  93 1f fe 1a c2 d9 11 2a  92 1f 26 00 01 cd 1e 09  |.......*..&.....|
00019330  3a 91 1f 77 3e 01 c9 21  91 1f 3a 93 1f be c2 ea  |:..w>..!..:.....|
00019340  11 21 f9 1d 34 c3 ef 11  21 f9 1d 36 00 3e 00 c9  |.!..4...!..6.>..|
00019350  3a 4e 1f 3c 32 4e 1f 21  cc 1e be da 03 12 10 00  |:N.<2N.!........|
00019360  02 01 00 eb 01 01 00 3e  0d c9 2a 4e 1f 26 00 01  |.......>..*N.&..|
00019370  cd 1e 09 4e cd ee 0e c9  cd f2 11 32 a8 1e fe 20  |...N.......2... |
00019380  c2 1f 12 c3 11 12 c9 21  96 1f 70 2b 71 21 f5 1d  |.......!..p+q!..|
00019390  36 00 21 a9 1e 36 00 2b  36 20 21 aa 1e 36 00 3a  |6.!..6.+6 !..6.:|
000193a0  aa 1e fe 20 d2 53 12 3a  aa 1e fe 0b c2 4d 12 21  |... .S.:.....M.!|
000193b0  a8 1e 36 00 cd 67 14 c3  38 12 cd 11 12 3a 4e 1f  |..6..g..8....:N.|
000193c0  32 4d 1f 2a a8 1e 4d cd  38 14 1f d2 70 12 cd c1  |2M.*..M.8...p...|
000193d0  15 21 a9 1e 36 01 c9 21  94 1f 36 00 21 97 1f 36  |.!..6..!..6.!..6|
000193e0  00 3e 19 21 97 1f be da  95 12 2a 97 1f 26 00 01  |.>.!......*..&..|
000193f0  50 1f 09 36 00 21 97 1f  34 c2 7a 12 21 f6 1d 36  |P..6.!..4.z.!..6|
00019400  00 21 f8 1d 36 00 23 36  00 23 36 00 21 aa 1e 36  |.!..6.#6.#6.!..6|
00019410  00 2a a8 1e 4d cd 38 14  1f da da 12 3a aa 1e fe  |.*..M.8.....:...|
00019420  08 da be 12 c9 3a a8 1e  fe 2a c2 ce 12 0e 08 cd  |.....:...*......|
00019430  87 14 c3 d1 12 cd 67 14  cd f2 11 32 a8 1e c3 aa  |......g....2....|
00019440  12 3a a8 1e fe 3a c2 bf  13 3a 94 1f fe 00 ca eb  |.:...:...:......|
00019450  12 c9 3a aa 1e fe 01 c2  2c 13 0e 01 cd a1 14 d6  |..:.....,.......|
00019460  41 3c 32 94 1f 4f 3e 10  00 03 01 00 d0 01 01 00  |A<2..O>.........|
00019470  1a b9 d2 06 13 c9 cd 11  12 2a a8 1e 4d cd 38 14  |.........*..M.8.|
00019480  1f d2 29 13 3a a8 1e fe  5b c2 1f 13 cd b1 14 21  |..).:...[......!|
00019490  4e 1f 35 21 a9 1e 36 04  c9 c3 b1 13 3a aa 1e fe  |N.5!..6.....:...|
000194a0  03 ca 35 13 c9 21 a1 1f  36 ff 23 36 00 3e 14 21  |..5..!..6.#6.>.!|
000194b0  a2 1f be da b0 13 21 a0  1f 36 00 3a a0 1f 3c 32  |......!..6.:..<2|
000194c0  a0 1f 4f 3e 03 91 9f 2f  f5 3a a0 1f 21 a1 1f 86  |..O>.../.:..!...|
000194d0  4f 06 00 21 54 02 09 e5  2a a0 1f 4d cd a1 14 e1  |O..!T...*..M....|
000194e0  96 d6 01 9f c1 48 a1 1f  d2 7e 13 c3 4b 13 3a a0  |.....H...~..K.:.|
000194f0  1f fe 04 c2 a1 13 21 a9  1e 36 03 cd f2 11 fe 5b  |......!..6.....[|
00019500  c2 96 13 cd b1 14 21 4e  1f 35 3a a2 1f 32 a8 1e  |......!N.5:..2..|
00019510  c9 3a a1 1f c6 03 32 a1  1f 21 a2 1f 34 c2 3d 13  |.:....2..!..4.=.|
00019520  c9 3a a8 1e fe 5b c2 bc  13 cd b1 14 c3 34 14 3a  |.:...[.......4.:|
00019530  aa 1e fe 00 c2 c8 13 c9  21 aa 1e 36 08 3a a8 1e  |........!..6.:..|
00019540  fe 2e c2 02 14 cd f2 11  32 a8 1e 4f cd 38 14 1f  |........2..O.8..|
00019550  da 02 14 3a aa 1e fe 0b  da ec 13 c9 3a a8 1e fe  |...:........:...|
00019560  2a c2 fc 13 0e 0b cd 87  14 c3 ff 13 cd 67 14 c3  |*............g..|
00019570  10 00 04 01 00 11 01 01  00 d5 13 3a a8 1e fe 5b  |...........:...[|
00019580  c2 0d 14 cd b1 14 21 4e  1f 35 21 a9 1e 36 02 3a  |......!N.5!..6.:|
00019590  94 1f fe 00 c2 25 14 3a  fc 1d 3c 32 94 1f 2a 95  |.....%.:..<2..*.|
000195a0  1f 36 00 01 20 00 2a 95  1f 09 36 00 c9 c3 a5 12  |.6.. .*...6.....|
000195b0  c9 21 9a 1f 71 21 9b 1f  36 00 3e 0a 21 9b 1f be  |.!..q!..6.>.!...|
000195c0  da 64 14 2a 9b 1f 26 00  01 49 02 09 3a 9a 1f be  |.d.*..&..I..:...|
000195d0  c2 5d 14 3e 01 c9 21 9b  1f 34 c2 41 14 3e 00 c9  |.].>..!..4.A.>..|
000195e0  3a aa 1e 3c 32 aa 1e 4f  06 00 2a 95 1f 09 3a a8  |:..<2..O..*...:.|
000195f0  1e 77 3a a8 1e fe 3f c2  86 14 21 f5 1d 36 01 c9  |.w:...?...!..6..|
00019600  21 9c 1f 71 21 a8 1e 36  3f 21 9c 1f 3a aa 1e be  |!..q!..6?!..:...|
00019610  d2 a0 14 cd 67 14 c3 90  14 c9 21 9d 1f 71 2a 9d  |....g.....!..q*.|
00019620  1f 26 00 eb 2a 95 1f 19  7e c9 21 f6 1d 36 01 3a  |.&..*...~.!..6.:|
00019630  c0 1e 32 c1 1e cd f2 11  32 a8 1e 3a a8 1e d6 0d  |..2.....2..:....|
00019640  d6 01 9f f5 3a a8 1e d6  5d d6 01 9f c1 48 b1 1f  |....:...]....H..|
00019650  da ba 15 3a a8 1e d6 41  32 9e 1f 4f 3e 19 b9 d2  |...:...A2..O>...|
00019660  03 15 3a a8 1e fe 20 c2  fa 14 cd f2 11 32 a8 1e  |..:... ......2..|
00019670  c3 00 15 01 08 03 cd af  09 10 00 05 01 00 77 01  |..............w.|
00019680  01 00 c3 b7 15 3a a8 1e  d6 53 d6 01 9f f5 3a a8  |.....:...S....:.|
00019690  1e d6 51 d6 01 9f c1 48  b1 1f d2 49 15 3a 4e 1f  |..Q....H...I.:N.|
000196a0  3c 32 9f 1f cd f2 11 32  a8 1e d6 1a d6 01 9f f5  |<2.....2........|
000196b0  3a a8 1e d6 0d d6 01 9f  c1 48 b1 1f da 40 15 c3  |:........H...@..|
000196c0  22 15 cd f2 11 32 a8 1e  c3 8d 15 cd f2 11 32 a8  |"....2........2.|
000196d0  1e d6 30 32 9f 1f 4f 3e  09 b9 d2 63 15 21 9f 1f  |..02..O>...c.!..|
000196e0  36 01 c3 8d 15 cd f2 11  32 a8 1e d6 30 32 99 1f  |6.......2...02..|
000196f0  4f 3e 09 b9 da 8d 15 2a  9f 1f 26 00 cd 4f 1d e5  |O>.....*..&..O..|
00019700  2a 99 1f 26 00 c1 09 eb  21 9f 1f 73 c3 63 15 2a  |*..&....!..s.c.*|
00019710  9e 1f 26 00 01 50 1f 09  3a 9f 1f 77 3a 9e 1f fe  |..&..P..:..w:...|
00019720  06 c2 b7 15 3e 1f 21 9f  1f be d2 b1 15 01 16 03  |....>.!.........|
00019730  cd af 09 3a 9f 1f 32 c1  1e c3 c2 14 cd f2 11 32  |...:..2........2|
00019740  a8 1e c9 3a a8 1e fe 5f  c2 ce 15 21 a8 1e 36 3d  |...:..._...!..6=|
00019750  c9 21 a3 1f 36 00 3e 27  21 a3 1f be da e9 15 0e  |.!..6.>'!.......|
00019760  00 cd 45 0e 21 a3 1f 34  c2 d4 15 c9 21 a9 1f 70  |..E.!..4....!..p|
00019770  2b 71 2a a8 1f e5 1e 03  01 30 1e cd 18 0a c9 21  |+q*......0.....!|
00019780  ad 1f 10 00 06 01 00 0e  01 01 00 72 2b 73 2b 70  |...........r+s+p|
00019790  2b 71 2a ac 1f 7e fe 24  ca 37 16 2a ac 1f 3e 7f  |+q*..~.$.7.*..>.|
000197a0  a6 2a aa 1f f5 3e 7f a6  c1 48 b9 ca 26 16 3e 00  |.*...>...H..&.>.|
000197b0  c9 2a aa 1f 23 22 aa 1f  2a ac 1f 23 22 ac 1f c3  |.*..#"..*..#"...|
000197c0  07 16 3e 01 c9 cd 0d 11  32 a8 1e 3a 04 1e 1f d2  |..>.....2..:....|
000197d0  52 16 01 9d 1e 11 9f 1e  cd 8e 1d 9f c9 3a a8 1e  |R............:..|
000197e0  d6 1a d6 01 9f c9 21 af  1f 36 01 21 9c 1e 36 00  |......!..6.!..6.|
000197f0  cd 3d 17 32 b5 1f fe 3a  ca 99 16 21 9c 1e 36 00  |.=.2...:...!..6.|
00019800  3a b5 1f fe 1a c2 93 16  01 48 03 cd 39 08 cd 13  |:........H..9...|
00019810  08 fe 1a c2 8e 16 3e 01  c9 21 9c 1e 36 00 cd 2d  |......>..!..6..-|
00019820  17 c3 65 16 21 b5 1f 36  00 cd bb 17 32 b4 1f fe  |..e.!..6....2...|
00019830  00 c2 c7 16 cd 3d 17 32  b4 1f fe 1a ca ba 16 cd  |.....=.2........|
00019840  2d 17 c3 a9 16 3a af 1f  1f d2 c4 16 3e 01 c9 3e  |-....:......>..>|
00019850  02 c9 cd c4 17 22 b7 1f  cd bb 17 32 b6 1f 3a b4  |.....".....2..:.|
00019860  1f d6 00 c6 ff 9f 21 af  1f a6 1f d2 f0 16 21 b4  |......!.......!.|
00019870  1f 35 cd bb 17 32 b3 1f  c3 d3 16 cd ac 17 21 b5  |.5...2........!.|
00019880  1f 86 fe 00 ca 02 17 01  5c 03 cd 10 00 07 01 00  |........\.......|
00019890  7b 01 01 00 12 17 cd 2d  17 3a af 1f 1f d2 0f 17  |{......-.:......|
000198a0  3e 00 c9 3e 02 c9 21 b1  1f 70 2b 71 3a af 1f 1f  |>..>..!..p+q:...|
000198b0  d2 2c 17 21 af 1f 36 00  2a b0 1f 44 4d cd 39 08  |.,.!..6.*..DM.9.|
000198c0  c9 3a ae 1f 1f d2 3c 17  21 ae 1f 36 00 cd 18 0e  |.:....<.!..6....|
000198d0  c9 3a af 1f 1f d2 7a 17  cd 0d 11 32 b2 1f fe 13  |.:....z....2....|
000198e0  c2 57 17 21 ae 1f 36 01  c3 44 17 2a 9c 1e 26 00  |.W.!..6..D.*..&.|
000198f0  01 4c 1e 09 3a b2 1f 77  3a 9c 1e 3c 32 9c 1e fe  |.L..:..w:..<2...|
00019900  4f da 76 17 01 2a 03 cd  12 17 3a b2 1f c9 3e 1a  |O.v..*....:...>.|
00019910  c9 cd 3d 17 32 b9 1f d6  30 4f 3e 09 b9 da 92 17  |..=.2...0O>.....|
00019920  3a b9 1f d6 30 c9 3a b9  1f d6 41 4f 3e 05 b9 d2  |:...0.:...AO>...|
00019930  a4 17 01 3a 03 cd 12 17  3a b9 1f d6 41 c6 0a c9  |...:....:...A...|
00019940  cd 7d 17 87 87 87 87 f5  cd 7d 17 c1 48 b1 c9 cd  |.}.......}..H...|
00019950  ac 17 21 b5 1f 86 77 c9  cd bb 17 4f 06 00 60 69  |..!...w....O..`i|
00019960  0e 08 cd 64 1d e5 cd bb  17 e1 cd 56 1d c9 cd 5b  |...d.......V...[|
00019970  16 32 ba 1f 4f 3e 01 b9  da 32 18 3a ba 1f d6 01  |.2..O>...2.:....|
00019980  d6 01 9f 21 58 1f a6 1f  da 1c 18 21 bb 1f 36 01  |...!X......!..6.|
00019990  3a 9c 1e 21 10 00 08 01  00 93 01 01 00 bb 1f be  |:..!............|
000199a0  da 1c 18 3a bb 1f 3d 4f  06 00 21 4c 1e 09 4e cd  |...:..=O..!L..N.|
000199b0  45 0e 21 bb 1f 34 c2 fc  17 0e 0d cd 45 0e 0e 0a  |E.!..4......E...|
000199c0  cd 45 0e 3a ba 1f fe 01  c2 2f 18 c9 c3 da 17 cd  |.E.:...../......|
000199d0  2e 08 2a 9c 1e 26 00 01  4c 1e 09 36 24 01 4c 1e  |..*..&..L..6$.L.|
000199e0  cd 39 08 01 6b 03 cd 39  08 cd 2e 08 cd 13 08 fe  |.9..k..9........|
000199f0  1a c2 58 18 c9 c3 da 17  c9 01 8f 03 cd af 09 c9  |..X.............|
00019a00  2a 4b 1e 4d cd 5e 08 11  9e 03 01 30 1e cd fd 15  |*K.M.^.....0....|
00019a10  32 05 1e 01 30 1e c5 1e  03 01 a4 1f cd 18 0a 3a  |2...0..........:|
00019a20  30 1e e6 7f 32 30 1e 3a  31 1e e6 7f 32 31 1e 01  |0...20.:1...21..|
00019a30  a2 03 cd ea 15 01 27 1e  cd b3 08 01 27 1e cd e3  |......'.....'...|
00019a40  08 3a ae 1e fe ff c2 b2  18 01 a5 03 cd af 09 21  |.:.............!|
00019a50  47 1e 36 00 21 00 00 22  a1 1e c9 21 ff ff 22 9f  |G.6.!.."...!..".|
00019a60  1e cd 37 09 2a 03 1e 4d  cd 5e 08 01 06 1e cd 6e  |..7.*..M.^.....n|
00019a70  08 cd 2f 09 3a 61 1f 2f  f5 3a 10 1e 07 c1 48 a1  |../.:a./.:....H.|
00019a80  1f d2 ec 18 21 ae 1e 36  ff 3a ae 1e fe ff c2 fa  |....!..6.:......|
00019a90  18 01 b8 03 cd af 09 21  26 1e 36 00 11 10 00 09  |.......!&.6.....|
00019aa0  01 00 93 01 01 00 c0 03  01 0f 1e cd fd 15 32 04  |..............2.|
00019ab0  1e 2a fd 1d 22 9d 1e c9  3e 00 21 62 1f be d2 21  |.*.."...>.!b...!|
00019ac0  19 01 c4 03 cd af 09 3e  00 21 60 1f be d2 30 19  |.......>.!`...0.|
00019ad0  01 d4 03 cd af 09 c9 21  bc 1f 71 3a bc 1f 1f d2  |.......!..q:....|
00019ae0  45 19 3a 13 1e 32 34 1e  c3 4a 19 21 34 1e 36 00  |E.:..24..J.!4.6.|
00019af0  2a a1 1e 7d e6 7f fe 00  ca 61 19 21 34 1e 34 0e  |*..}.....a.!4.4.|
00019b00  1a cd 45 0e c3 4a 19 cd  12 19 cd c8 0a 2a 4b 1e  |..E..J.......*K.|
00019b10  4d cd 5e 08 01 27 1e cd  81 08 3a ae 1e fe ff c2  |M.^..'....:.....|
00019b20  82 19 01 e3 03 cd af 09  01 a4 1f cd ea 15 21 33  |..............!3|
00019b30  1e 36 00 01 27 1e cd 6e  08 3a ae 1e fe ff ca e9  |.6..'..n.:......|
00019b40  19 3a 30 1e 07 1f d2 e3  19 3a 66 1f 1f da d5 19  |.:0......:f.....|
00019b50  01 01 04 cd 39 08 cd 13  08 4f cd ee 0e fe 59 ca  |....9....O....Y.|
00019b60  d2 19 01 23 04 cd 39 08  cd 2e 08 01 33 04 cd ea  |...#..9.....3...|
00019b70  15 01 27 1e cd b3 08 c9  cd 2e 08 3a 30 1e e6 7f  |..'........:0...|
00019b80  32 30 1e 01 27 1e cd 06  09 01 27 1e cd b3 08 01  |20..'.....'.....|
00019b90  27 1e c5 1e 10 01 37 1e  cd 18 0a 01 36 04 cd ea  |'.....7.....6...|
00019ba0  15 01 27 1e cd f6 10 00  0a 01 00 74 01 01 00 08  |..'........t....|
00019bb0  c9 0e 07 21 ff 1d cd 6a  1d 3e ff cd 41 1d 2b eb  |...!...j.>..A.+.|
00019bc0  21 fb 1d 73 c9 21 ca 1f  22 01 1e 01 00 40 11 ff  |!..s.!.."....@..|
00019bd0  1d cd 93 1d da 31 1a 21  80 7f 22 ff 1d c3 3c 1a  |.....1.!.."...<.|
00019be0  2a fd 1d eb 2a ff 1d 19  22 ff 1d cd 02 1a c9 01  |*...*...".......|
00019bf0  ca 1f 11 06 00 cd 93 1d  0e 01 e5 cd 6e 1d 01 ca  |............n...|
00019c00  1f 09 22 01 1e 11 00 ff  e1 cd 44 1d 0e 01 cd 6e  |..".......D....n|
00019c10  1d 22 fd 1d 22 ff 1d cd  02 1a c9 3a a4 1e d6 00  |.".."......:....|
00019c20  c6 ff 9f 21 51 1f a6 32  bd 1f 1f d2 82 1a cd 16  |...!Q..2........|
00019c30  1a 3a 58 1f 21 57 1f b6  1f d2 93 1a cd da 17 c3  |.:X.!W..........|
00019c40  a4 1a cd 3a 16 1f da a4  1a 2a a8 1e 4d cd 45 0e  |...:.....*..M.E.|
00019c50  c3 93 1a 3a bd 1f 1f d2  b1 1a cd 18 0e cd 40 1a  |...:..........@.|
00019c60  c9 cd 40 1a 3a 4f 1f 32  4d 1f cd 63 18 cd be 18  |..@.:O.2M..c....|
00019c70  21 be 1f 36 01 23 36 00  3e 19 21 bf 1f be da 29  |!..6.#6.>.!....)|
00019c80  1b 2a bf 1f 26 00 01 50  1f 09 7e fe 00 ca 22 1b  |.*..&..P..~...".|
00019c90  3a bf 1f d6 06 d6 01 9f  f5 3a bf 1f d6 0e d6 01  |:........:......|
00019ca0  9f c1 48 b1 f5 3a bf 1f  d6 11 d6 01 9f c1 48 10  |..H..:........H.|
00019cb0  00 0b 01 00 cb 01 01 00  b1 f5 3a bf 1f d6 15 d6  |..........:.....|
00019cc0  01 9f c1 48 b1 f5 3a bf  1f d6 16 d6 01 9f c1 48  |...H..:........H|
00019cd0  b1 1f da 22 1b 21 be 1f  36 00 21 bf 1f 34 c2 c9  |...".!..6.!..4..|
00019ce0  1a 3a be 1f 1f d2 5f 1b  cd 16 1a cd 6a 1b 1f da  |.:...._.....j...|
00019cf0  59 1b cd 4f 0a cd 6a 1b  1f d2 4d 1b 2a 9f 1e 22  |Y..O..j...M.*.."|
00019d00  a1 1e c3 53 1b 2a ff 1d  22 a1 1e cd c8 0a c3 33  |...S.*.."......3|
00019d10  1b cd 40 1a c3 62 1b cd  6c 1a 2a be 1f 4d cd 31  |..@..b..l.*..M.1|
00019d20  19 c9 01 ff ff 11 9f 1e  cd 93 1d b5 c6 ff 9f c9  |................|
00019d30  21 00 00 22 c0 1f 22 c4  1f cd 37 09 2a 03 1e 4d  |!..".."...7.*..M|
00019d40  cd 5e 08 01 80 00 cd 86  09 01 5c 00 cd 94 08 21  |.^........\....!|
00019d50  00 00 22 c2 1f 3a ae 1e  d6 ff c6 ff 9f 01 c0 1f  |.."..:..........|
00019d60  11 c2 1f f5 cd 8e 1d 9f  c1 48 a1 1f d2 c4 1b 2a  |.........H.....*|
00019d70  c2 1f 23 22 c2 1f cd a7  08 c3 9d 1b cd 2f 09 3a  |..#"........./.:|
00019d80  ae 1e fe ff c2 e5 1b 3e  00 11 c4 1f cd 9b 1d b5  |.......>........|
00019d90  c2 e1 1b 01 39 04 cd af  09 cd 2e 08 c9 2a c2 1f  |....9........*..|
00019da0  23 22 c0 1f 3a ae 1e e6  03 87 87 87 87 87 5f 16  |#"..:........._.|
00019db0  00 21 80 00 19 e5 1e 10  10 00 0c 01 00 62 01 01  |.!...........b..|
00019dc0  00 01 27 1e cd 18 0a 21  27 1e 36 00 21 33 1e 36  |..'....!'.6.!3.6|
00019dd0  00 01 27 1e c5 1e 10 01  06 1e cd 18 0a 3a 31 1e  |..'..........:1.|
00019de0  07 2f 21 61 1f b6 1f d2  45 1c 2a c4 1f 23 22 c4  |./!a....E.*..#".|
00019df0  1f 3e 01 cd 7a 1d b5 c2  3f 1c 01 43 04 cd 39 08  |.>..z...?..C..9.|
00019e00  cd 49 1c cd b2 1a c3 81  1b c9 cd 2e 08 21 c6 1f  |.I...........!..|
00019e10  36 01 3e 0b 21 c6 1f be  da 87 1c 2a c6 1f 26 00  |6.>.!......*..&.|
00019e20  01 27 1e 09 7e 32 c7 1f  fe 20 ca 80 1c 3a c6 1f  |.'..~2... ...:..|
00019e30  fe 09 c2 79 1c 0e 2e cd  1c 08 2a c7 1f 4d cd 1c  |...y......*..M..|
00019e40  08 21 c6 1f 34 c2 51 1c  c9 3e 00 21 94 1f be d2  |.!..4.Q..>.!....|
00019e50  9b 1c 3a 94 1f 3d 32 03  1e c3 a1 1c 3a fc 1d 32  |..:..=2.....:..2|
00019e60  03 1e c9 3a f6 1d 1f d2  ac 1c cd 5c 18 3e 00 21  |...:.......\.>.!|
00019e70  94 1f be d2 bf 1c 3a 94  1f 3d 32 4b 1e c3 c5 1c  |......:..=2K....|
00019e80  3a fc 1d 32 4b 1e c9 21  c0 1e 3a c1 1e be ca d1  |:..2K..!..:.....|
00019e90  1c c9 21 03 1e 3a 4b 1e  be c2 de 1c cd 5c 18 c9  |..!..:K......\..|
00019ea0  cd 11 12 3a a8 1e fe 0d  ca ed 1c cd 5c 18 c9 21  |...:........\..!|
00019eb0  c9 1f 70 2b 71 cd 88 1c  cd df 1c 01 06 1e c5 2a  |..p+q..........*|
00019ec0  c8 10 00 0d 01 00 07 b9  00 02 00 b2 1f 44 4d 1e  |.............DM.|
00019ed0  21 cd 18 0a cd c6 1c c9  01 06 1e cd 20 12 3a a9  |!........... .:.|
00019ee0  1e d6 01 d6 01 9f f5 3a  a8 1e d6 3d d6 01 9f c1  |.......:...=....|
00019ef0  48 a1 1f da 2d 1d cd 5c  18 3a 4e 1f 32 4f 1f c9  |H...-..\.:N.2O..|
00019f00  eb 5f 16 00 eb 1a 85 6f  13 1a 8c 67 c9 5f 16 00  |._.....o...g._..|
00019f10  7b a5 6f 7a a4 67 c9 5e  23 56 eb 29 e5 29 29 c1  |{.oz.g.^#V.).)).|
00019f20  09 c9 5f 16 00 7b b5 6f  7a b4 67 c9 5e 23 56 eb  |.._..{.oz.g.^#V.|
00019f30  29 0d c2 64 1d c9 5e 23  56 eb 7c b7 1f 67 7d 1f  |)..d..^#V.|..g}.|
00019f40  6f 0d c2 6e 1d c9 5f 16  00 7b 95 6f 7a 9c 67 c9  |o..n.._..{.oz.g.|
00019f50  4f 06 00 7b 91 6f 7a 98  67 c9 69 60 4e 23 46 1a  |O..{.oz.g.i`N#F.|
00019f60  91 6f 13 1a 98 67 c9 6f  26 00 1a 95 6f 13 1a 9c  |.o...g.o&...o...|
00019f70  67 c9 06 0c 48 0d c2 a9  1d 3d c2 a8 1d c9 01 27  |g...H....=.....'|
00019f80  00 00 10 00 0e 01 00 74  01 01 00 08 c9 0e 07 21  |.......t.......!|
00019f90  ff 1d cd 6a 1d 3e ff cd  41 1d 2b eb 21 fb 1d 73  |...j.>..A.+.!..s|
00019fa0  c9 21 ca 1f 22 01 1e 01  00 40 11 ff 1d cd 93 1d  |.!.."....@......|
00019fb0  da 31 1a 21 80 7f 22 ff  1d c3 3c 1a 2a fd 1d eb  |.1.!.."...<.*...|
00019fc0  2a ff 1d 19 22 ff 1d cd  02 1a c9 01 ca 1f 11 06  |*..."...........|
00019fd0  00 cd 93 1d 0e 01 e5 cd  6e 1d 01 ca 1f 09 22 01  |........n.....".|
00019fe0  1e 11 00 ff e1 cd 44 1d  0e 01 cd 6e 1d 22 fd 1d  |......D....n."..|
00019ff0  22 ff 1d cd 02 1a c9 3a  a4 1e d6 00 c6 ff 9f 21  |"......:.......!|
0001a000  51 1f a6 32 bd 1f 1f d2  82 1a cd 16 1a 3a 58 1f  |Q..2.........:X.|
0001a010  21 57 1f b6 1f d2 93 1a  cd da 17 c3 a4 1a cd 3a  |!W.............:|
0001a020  16 1f da a4 1a 2a a8 1e  4d cd 45 0e c3 93 1a 3a  |.....*..M.E....:|
0001a030  bd 1f 1f d2 b1 1a cd 18  0e cd 40 1a c9 cd 40 1a  |..........@...@.|
0001a040  3a 4f 1f 32 4d 1f cd 63  18 cd be 18 21 be 1f 36  |:O.2M..c....!..6|
0001a050  01 23 36 00 3e 19 21 bf  1f be da 29 1b 2a bf 1f  |.#6.>.!....).*..|
0001a060  26 00 01 50 1f 09 7e fe  00 ca 22 1b 3a bf 1f d6  |&..P..~...".:...|
0001a070  06 d6 01 9f f5 3a bf 1f  d6 0e d6 01 9f c1 48 b1  |.....:........H.|
0001a080  f5 3a bf 1f d6 11 d6 01  9f c1 48 10 00 0f 01 00  |.:........H.....|
0001a090  cb 01 01 00 b1 f5 3a bf  1f d6 15 d6 01 9f c1 48  |......:........H|
0001a0a0  b1 f5 3a bf 1f d6 16 d6  01 9f c1 48 b1 1f da 22  |..:........H..."|
0001a0b0  1b 21 be 1f 36 00 21 bf  1f 34 c2 c9 1a 3a be 1f  |.!..6.!..4...:..|
0001a0c0  1f d2 5f 1b cd 16 1a cd  6a 1b 1f da 59 1b cd 4f  |.._.....j...Y..O|
0001a0d0  0a cd 6a 1b 1f d2 4d 1b  2a 9f 1e 22 a1 1e c3 53  |..j...M.*.."...S|
0001a0e0  1b 2a ff 1d 22 a1 1e cd  c8 0a c3 33 1b cd 40 1a  |.*.."......3..@.|
0001a0f0  c3 62 1b cd 6c 1a 2a be  1f 4d cd 31 19 c9 01 ff  |.b..l.*..M.1....|
0001a100  ff 11 9f 1e cd 93 1d b5  c6 ff 9f c9 21 00 00 22  |............!.."|
0001a110  c0 1f 22 c4 1f cd 37 09  2a 03 1e 4d cd 5e 08 01  |.."...7.*..M.^..|
0001a120  80 00 cd 86 09 01 5c 00  cd 94 08 21 00 00 22 c2  |......\....!..".|
0001a130  1f 3a ae 1e d6 ff c6 ff  9f 01 c0 1f 11 c2 1f f5  |.:..............|
0001a140  cd 8e 1d 9f c1 48 a1 1f  d2 c4 1b 2a c2 1f 23 22  |.....H.....*..#"|
0001a150  c2 1f cd a7 08 c3 9d 1b  cd 2f 09 3a ae 1e fe ff  |........./.:....|
0001a160  c2 e5 1b 3e 00 11 c4 1f  cd 9b 1d b5 c2 e1 1b 01  |...>............|
0001a170  39 04 cd af 09 cd 2e 08  c9 2a c2 1f 23 22 c0 1f  |9........*..#"..|
0001a180  3a ae 1e e6 03 87 87 87  87 87 5f 16 00 21 80 00  |:........._..!..|
0001a190  19 e5 1e 10 10 00 10 01  00 62 01 01 00 01 27 1e  |.........b....'.|
0001a1a0  cd 18 0a 21 27 1e 36 00  21 33 1e 36 00 01 27 1e  |...!'.6.!3.6..'.|
0001a1b0  c5 1e 10 01 06 1e cd 18  0a 3a 31 1e 07 2f 21 61  |.........:1../!a|
0001a1c0  1f b6 1f d2 45 1c 2a c4  1f 23 22 c4 1f 3e 01 cd  |....E.*..#"..>..|
0001a1d0  7a 1d b5 c2 3f 1c 01 43  04 cd 39 08 cd 49 1c cd  |z...?..C..9..I..|
0001a1e0  b2 1a c3 81 1b c9 cd 2e  08 21 c6 1f 36 01 3e 0b  |.........!..6.>.|
0001a1f0  21 c6 1f be da 87 1c 2a  c6 1f 26 00 01 27 1e 09  |!......*..&..'..|
0001a200  7e 32 c7 1f fe 20 ca 80  1c 3a c6 1f fe 09 c2 79  |~2... ...:.....y|
0001a210  1c 0e 2e cd 1c 08 2a c7  1f 4d cd 1c 08 21 c6 1f  |......*..M...!..|
0001a220  34 c2 51 1c c9 3e 00 21  94 1f be d2 9b 1c 3a 94  |4.Q..>.!......:.|
0001a230  1f 3d 32 03 1e c3 a1 1c  3a fc 1d 32 03 1e c9 3a  |.=2.....:..2...:|
0001a240  f6 1d 1f d2 ac 1c cd 5c  18 3e 00 21 94 1f be d2  |.......\.>.!....|
0001a250  bf 1c 3a 94 1f 3d 32 4b  1e c3 c5 1c 3a fc 1d 32  |..:..=2K....:..2|
0001a260  4b 1e c9 21 c0 1e 3a c1  1e be ca d1 1c c9 21 03  |K..!..:.......!.|
0001a270  1e 3a 4b 1e be c2 de 1c  cd 5c 18 c9 cd 11 12 3a  |.:K......\.....:|
0001a280  a8 1e fe 0d ca ed 1c cd  5c 18 c9 21 c9 1f 70 2b  |........\..!..p+|
0001a290  71 cd 88 1c cd df 1c 01  06 1e c5 2a c8 10 10 01  |q..........*....|
0001a2a0  d0 10 01 01 01 00 25 fd  00 02 00 2a c3 33 04 20  |......%....*.3. |
0001a2b0  20 20 43 6f 70 79 72 69  67 68 74 20 28 63 29 20  |  Copyright (c) |
0001a2c0  31 39 37 39 2c 20 44 69  67 69 74 61 6c 20 52 65  |1979, Digital Re|
0001a2d0  73 65 61 72 63 68 01 06  3f 3f 00 ca 00 00 00 43  |search..??.....C|
0001a2e0  4f 4e 3a 52 44 52 3a 50  55 4e 3a 4c 53 54 3a 44  |ON:RDR:PUN:LST:D|
0001a2f0  45 56 3a 56 41 4c 3a 55  53 52 3a 44 53 4b 3a 54  |EV:VAL:USR:DSK:T|
0001a300  54 59 3a 43 52 54 3a 42  41 54 3a 55 43 31 3a 54  |TY:CRT:BAT:UC1:T|
0001a310  54 59 3a 50 54 52 3a 55  52 31 3a 55 52 32 3a 54  |TY:PTR:UR1:UR2:T|
0001a320  54 59 3a 50 54 50 3a 55  50 31 3a 55 50 32 3a 54  |TY:PTP:UP1:UP2:T|
0001a330  54 59 3a 43 52 54 3a 4c  50 54 3a 55 4c 31 3a 52  |TY:CRT:LPT:UL1:R|
0001a340  2f 4f 00 52 2f 57 00 53  59 53 00 44 49 52 00 52  |/O.R/W.SYS.DIR.R|
0001a350  2f 4f 20 52 2f 57 20 53  59 53 20 44 49 52 20 2a  |/O R/W SYS DIR *|
0001a360  2a 20 41 62 6f 72 74 65  64 20 2a 2a 00 41 63 74  |* Aborted **.Act|
0001a370  69 76 65 20 55 73 65 72  20 3a 00 41 63 74 69 76  |ive User :.Activ|
0001a380  65 20 46 69 6c 65 73 3a  00 20 20 20 20 00 20 44  |e Files:.    . D|
0001a390  72 69 76 65 20 43 68 61  72 61 63 74 65 72 69 73  |rive Characteris|
0001a3a0  74 69 63 73 00 36 10 01  02 01 00 a1 01 01 00 35  |tics.6.........5|
0001a3b0  35 33 36 3a 20 00 31 32  38 20 42 79 74 65 20 52  |536: .128 Byte R|
0001a3c0  65 63 6f 72 64 20 43 61  70 61 63 69 74 79 00 4b  |ecord Capacity.K|
0001a3d0  69 6c 6f 62 79 74 65 20  44 72 69 76 65 20 20 43  |ilobyte Drive  C|
0001a3e0  61 70 61 63 69 74 79 00  33 32 20 20 42 79 74 65  |apacity.32  Byte|
0001a3f0  20 44 69 72 65 63 74 6f  72 79 20 45 6e 74 72 69  | Directory Entri|
0001a400  65 73 00 43 68 65 63 6b  65 64 20 20 44 69 72 65  |es.Checked  Dire|
0001a410  63 74 6f 72 79 20 45 6e  74 72 69 65 73 00 52 65  |ctory Entries.Re|
0001a420  63 6f 72 64 73 2f 20 45  78 74 65 6e 74 00 52 65  |cords/ Extent.Re|
0001a430  63 6f 72 64 73 2f 20 42  6c 6f 63 6b 00 53 65 63  |cords/ Block.Sec|
0001a440  74 6f 72 73 2f 20 54 72  61 63 6b 00 52 65 73 65  |tors/ Track.Rese|
0001a450  72 76 65 64 20 54 72 61  63 6b 73 00 20 69 73 20  |rved Tracks. is |
0001a460  00 54 65 6d 70 20 52 2f  4f 20 44 69 73 6b 3a 20  |.Temp R/O Disk: |
0001a470  64 3a 3d 52 2f 4f 00 53  65 74 20 49 6e 64 69 63  |d:=R/O.Set Indic|
0001a480  61 74 6f 72 3a 20 64 3a  66 69 6c 65 6e 61 6d 65  |ator: d:filename|
0001a490  2e 74 79 70 20 24 52 2f  4f 20 24 52 2f 57 20 24  |.typ $R/O $R/W $|
0001a4a0  53 59 53 20 24 44 49 52  00 44 69 73 6b 20 53 10  |SYS $DIR.Disk S.|
0001a4b0  01 03 01 00 39 01 01 00  74 61 74 75 73 20 20 3a  |....9...tatus  :|
0001a4c0  20 44 53 4b 3a 20 64 3a  44 53 4b 3a 00 55 73 65  | DSK: d:DSK:.Use|
0001a4d0  72 20 53 74 61 74 75 73  20 20 3a 20 55 53 52 3a  |r Status  : USR:|
0001a4e0  00 49 6f 62 79 74 65 20  41 73 73 69 67 6e 3a 00  |.Iobyte Assign:.|
0001a4f0  20 3d 00 42 61 64 20 44  65 6c 69 6d 69 74 65 72  | =.Bad Delimiter|
0001a500  00 49 6e 76 61 6c 69 64  20 41 73 73 69 67 6e 6d  |.Invalid Assignm|
0001a510  65 6e 74 00 42 61 64 20  44 65 6c 69 6d 69 74 65  |ent.Bad Delimite|
0001a520  72 00 3a 20 00 42 79 74  65 73 20 52 65 6d 61 69  |r.: .Bytes Remai|
0001a530  6e 69 6e 67 20 4f 6e 20  00 52 2f 00 2c 20 53 70  |ning On .R/., Sp|
0001a540  61 63 65 3a 20 00 49 6e  76 61 6c 69 64 20 46 69  |ace: .Invalid Fi|
0001a550  6c 65 20 49 6e 64 69 63  61 74 6f 72 00 2a 2a 20  |le Indicator.** |
0001a560  54 6f 6f 20 4d 61 6e 79  20 46 69 6c 65 73 20 2a  |Too Many Files *|
0001a570  2a 00 46 69 6c 65 20 4e  6f 74 20 46 6f 75 6e 64  |*.File Not Found|
0001a580  00 20 53 69 7a 65 20 00  20 52 65 63 73 20 20 42  |. Size . Recs  B|
0001a590  79 74 65 73 20 20 45 78  74 20 41 63 63 00 36 35  |ytes  Ext Acc.65|
0001a5a0  35 33 36 00 20 73 65 74  20 74 6f 20 00 52 2f 4f  |536. set to .R/O|
0001a5b0  20 49 6e 76 61 6c 69 64  10 01 04 01 00 e2 01 01  | Invalid........|
0001a5c0  00 20 44 69 73 6b 20 41  73 73 69 67 6e 6d 65 6e  |. Disk Assignmen|
0001a5d0  74 00 57 72 6f 6e 67 20  43 50 2f 4d 20 56 65 72  |t.Wrong CP/M Ver|
0001a5e0  73 69 6f 6e 20 28 52 65  71 75 69 72 65 73 20 32  |sion (Requires 2|
0001a5f0  2e 30 29 00 21 00 00 39  22 32 15 21 54 15 f9 cd  |.0).!..9"2.!T...|
0001a600  ed 04 fe 20 d2 4f 04 01  11 04 cd d2 04 c3 8b 04  |... .O..........|
0001a610  21 5d 15 36 01 3a 5c 00  d6 00 d6 01 9f f5 3a 5d  |!].6.:\.......:]|
0001a620  00 d6 20 d6 01 9f c1 48  a1 1f d2 72 04 cd 33 0d  |.. ....H...r..3.|
0001a630  c3 8b 04 3a 5c 00 fe 00  ca 80 04 cd 02 14 c3 8b  |...:\...........|
0001a640  04 cd 87 0a 2f 1f d2 8b  04 cd ba 0d 2a 32 15 f9  |..../.......*2..|
0001a650  c9 21 22 15 71 2a 22 15  26 00 eb 0e 02 cd 4c 14  |.!".q*".&.....L.|
0001a660  c9 0e 0d cd 90 04 0e 0a  cd 90 04 c9 0e 20 cd 90  |............. ..|
0001a670  04 c9 21 24 15 70 2b 71  2a 23 15 7e fe 00 ca d1  |..!$.p+q*#.~....|
0001a680  04 2a 23 15 4e cd 90 04  2a 23 15 23 22 23 15 c3  |.*#.N...*#.#"#..|
0001a690  b7 04 c9 21 26 15 70 2b  71 cd a0 04 2a 25 15 44  |...!&.p+q...*%.D|
0001a6a0  4d cd b1 04 c9 11 00 00  0e 0b cd 4f 14 c9 11 00  |M..........O....|
0001a6b0  00 0e 0c cd 4f 14 c9 21  28 15 71 2a 28 15 26 00  |....O..!(.q*(.&.|
0001a6c0  eb 10 01 05 01 00 ab 01  01 00 0e 0e cd 4c 14 c9  |.............L..|
0001a6d0  21 2a 15 70 2b 71 2a 29  15 eb 0e 0f cd 4f 14 32  |!*.p+q*).....O.2|
0001a6e0  27 15 c9 21 2c 15 70 2b  71 2a 2b 15 eb 0e 11 cd  |'..!,.p+q*+.....|
0001a6f0  4f 14 32 27 15 c9 11 00  00 0e 12 cd 4f 14 32 27  |O.2'........O.2'|
0001a700  15 c9 11 00 00 0e 19 cd  4f 14 c9 21 2e 15 70 2b  |........O..!..p+|
0001a710  71 2a 2d 15 eb 0e 1a cd  4c 14 c9 11 00 00 0e 1b  |q*-.....L.......|
0001a720  cd 52 14 c9 11 00 00 0e  18 cd 52 14 c9 11 00 00  |.R........R.....|
0001a730  0e 1c cd 4c 14 c9 11 00  00 0e 1d cd 52 14 c9 11  |...L........R...|
0001a740  5c 00 0e 1e cd 4c 14 c9  11 00 00 0e 1f cd 52 14  |\....L........R.|
0001a750  22 1e 15 c9 11 ff 00 0e  20 cd 4f 14 c9 21 2f 15  |"....... .O..!/.|
0001a760  71 2a 2f 15 26 00 eb 0e  20 cd 4c 14 c9 21 31 15  |q*/.&... .L..!1.|
0001a770  70 2b 71 2a 30 15 eb 0e  23 cd 4c 14 c9 cd 7e 05  |p+q*0...#.L...~.|
0001a780  2a 1e 15 23 23 4e 21 01  00 cd bd 14 11 80 00 cd  |*..##N!.........|
0001a790  9e 14 22 54 15 c9 21 56  15 71 2a 56 15 4d cd f6  |.."T..!V.q*V.M..|
0001a7a0  04 cd b3 05 c9 21 58 15  70 2b 71 0e 03 21 57 15  |.....!X.p+q..!W.|
0001a7b0  cd c3 14 eb 2a 20 15 19  3e 07 11 57 15 e5 cd 72  |....* ..>..W...r|
0001a7c0  14 23 4d e1 cd b2 14 c9  21 5f 10 01 06 01 00 3c  |.#M.....!_.....<|
0001a7d0  01 01 00 15 70 2b 71 21  60 15 36 00 3e 03 21 60  |....p+q!`.6.>.!`|
0001a7e0  15 be da 36 06 2a 60 15  26 00 eb 2a 5e 15 19 e5  |...6.*`.&..*^...|
0001a7f0  2a 60 15 26 00 01 59 15  09 d1 1a be ca 2f 06 3e  |*`.&..Y....../.>|
0001a800  00 c9 21 60 15 34 c2 09  06 3e 01 c9 2a 5d 15 26  |..!`.4...>..*].&|
0001a810  00 01 80 00 09 7e fe 20  c2 4f 06 21 5d 15 34 c3  |.....~. .O.!].4.|
0001a820  39 06 21 61 15 36 00 3a  61 15 fe 04 d2 e6 06 2a  |9.!a.6.:a......*|
0001a830  5d 15 26 00 01 80 00 09  7e 32 62 15 4f 3e 01 b9  |].&.....~2b.O>..|
0001a840  d2 7a 06 2a 62 15 4d cd  eb 06 c3 7f 06 0e 20 cd  |.z.*b.M....... .|
0001a850  eb 06 3e 01 21 62 15 96  9f 2f f5 7e d6 2c d6 01  |..>.!b.../.~.,..|
0001a860  9f c1 48 b1 f5 7e d6 3a  d6 01 9f c1 48 b1 f5 7e  |..H..~.:....H..~|
0001a870  d6 2a d6 01 9f c1 48 b1  f5 7e d6 2e d6 01 9f c1  |.*....H..~......|
0001a880  48 b1 f5 7e d6 3e d6 01  9f c1 48 b1 f5 7e d6 3c  |H..~.>....H..~.<|
0001a890  d6 01 9f c1 48 b1 f5 7e  d6 3d d6 01 9f c1 48 b1  |....H..~.=....H.|
0001a8a0  1f d2 df 06 2a 5d 15 26  00 01 80 00 09 36 01 c3  |....*].&.....6..|
0001a8b0  e3 06 21 5d 15 34 c3 54  06 21 5d 15 34 c9 21 63  |..!].4.T.!].4.!c|
0001a8c0  15 71 2a 61 15 26 00 01  59 15 09 3a 63 15 77 21  |.q*a.&..Y..:c.w!|
0001a8d0  61 15 34 10 01 07 01 00  f2 01 01 00 c9 21 67 15  |a.4..........!g.|
0001a8e0  72 2b 73 2b 70 2b 71 21  68 15 36 01 3e 00 11 66  |r+s+p+q!h.6.>..f|
0001a8f0  15 cd ea 14 b5 ca 72 07  2a 64 15 eb 2a 66 15 cd  |......r.*d..*f..|
0001a900  7f 14 21 69 15 73 2a 64  15 eb cd 81 14 22 64 15  |..!i.s*d....."d.|
0001a910  50 59 21 0a 00 cd 7f 14  eb 22 66 15 3e 00 cd d3  |PY!......"f.>...|
0001a920  14 b5 c6 ff 9f 21 68 15  a6 23 f5 7e 93 d6 01 9f  |.....!h..#.~....|
0001a930  c1 48 a1 1f d2 61 07 cd  ab 04 c3 6f 07 21 68 15  |.H...a.....o.!h.|
0001a940  36 00 3a 69 15 c6 30 4f  cd 90 04 c3 10 07 c9 21  |6.:i..0O.......!|
0001a950  6d 15 72 2b 73 2b 70 2b  71 2a 6c 15 11 54 15 e5  |m.r+s+p+q*l..T..|
0001a960  cd 5a 14 eb e1 73 23 72  2a 6c 15 eb 01 00 04 cd  |.Z...s#r*l......|
0001a970  e2 14 da b6 07 2a 6c 15  eb 01 00 04 cd e2 14 eb  |.....*l.........|
0001a980  2b 73 23 72 2a 6a 15 4e  23 46 03 2b 71 23 70 c3  |+s#r*j.N#F.+q#p.|
0001a990  8c 07 c9 21 6e 15 71 21  00 00 22 6f 15 22 71 15  |...!n.q!.."o."q.|
0001a9a0  7d 32 75 15 6f 26 00 22  73 15 01 05 00 2a 1e 15  |}2u.o&."s....*..|
0001a9b0  09 eb 01 73 15 cd dd 14  da 0e 08 3a 6e 15 1f d2  |...s.......:n...|
0001a9c0  f1 07 2a 73 15 44 4d cd  db 05 32 75 15 3a 75 15  |..*s.DM...2u.:u.|
0001a9d0  1f da 01 08 11 71 15 01  6f 15 cd 73 10 01 08 01  |.....q..o..s....|
0001a9e0  00 b2 01 01 00 07 11 01  00 2a 73 15 19 22 73 15  |.........*s.."s.|
0001a9f0  d2 ce 07 2a 6f 15 c9 01  b9 01 cd d2 04 c9 01 c7  |...*o...........|
0001aa00  01 cd d2 04 cd 8a 05 4f  06 00 11 0a 00 cd 01 07  |.......O........|
0001aa10  01 d5 01 cd d2 04 21 76  15 36 00 3e 1f 21 76 15  |......!v.6.>.!v.|
0001aa20  be da 51 08 2a 76 15 26  00 01 77 15 09 36 00 60  |..Q.*v.&..w..6.`|
0001aa30  69 2b 34 c2 36 08 01 cf  29 cd 41 05 01 2a 01 cd  |i+4.6...).A..*..|
0001aa40  19 05 3a 27 15 fe ff ca  93 08 3a 27 15 e6 03 87  |..:'......:'....|
0001aa50  87 87 87 87 4f 06 00 21  cf 29 09 7e 32 76 15 fe  |....O..!.).~2v..|
0001aa60  e5 ca 8d 08 3a 76 15 e6  1f 4f 06 00 21 77 15 09  |....:v...O..!w..|
0001aa70  36 01 cd 2c 05 c3 5d 08  21 76 15 36 00 3e 1f 21  |6..,..].!v.6.>.!|
0001aa80  76 15 be da c2 08 2a 76  15 26 00 01 77 15 09 7e  |v.....*v.&..w..~|
0001aa90  1f d2 bb 08 2a 76 15 4d  06 00 11 0a 00 cd 01 07  |....*v.M........|
0001aaa0  21 76 15 34 c2 98 08 c9  01 e3 01 cd d2 04 cd 38  |!v.4...........8|
0001aab0  05 c6 41 4f cd 90 04 0e  3a cd 90 04 01 e8 01 cd  |..AO....:.......|
0001aac0  b1 04 2a 1e 15 23 23 4e  21 01 00 cd bd 14 22 97  |..*..##N!.....".|
0001aad0  15 01 05 00 2a 1e 15 09  4e 23 46 03 2a 97 15 eb  |....*...N#F.*...|
0001aae0  cd a0 14 22 99 10 01 09  01 00 9f 01 01 00 15 3e  |..."...........>|
0001aaf0  00 cd d3 14 b5 d6 01 9f  21 97 15 f5 cd f8 14 b5  |........!.......|
0001ab00  c6 ff 9f c1 48 a1 1f d2  25 09 01 ff 01 cd d2 04  |....H...%.......|
0001ab10  c3 2d 09 2a 99 15 44 4d  cd c0 09 01 07 02 cd b1  |.-.*..DM........|
0001ab20  04 0e 00 cd b7 07 44 4d  cd c0 09 01 20 02 cd b1  |......DM.... ...|
0001ab30  04 01 07 00 2a 1e 15 09  4e 23 46 03 cd c0 09 01  |....*...N#F.....|
0001ab40  39 02 cd b1 04 01 0b 00  2a 1e 15 09 5e 23 56 eb  |9.......*...^#V.|
0001ab50  29 29 44 4d cd c0 09 01  54 02 cd b1 04 01 04 00  |))DM....T.......|
0001ab60  2a 1e 15 09 7e 3c 6f 26  00 11 80 00 cd 9e 14 44  |*...~<o&.......D|
0001ab70  4d cd c0 09 01 6f 02 cd  b1 04 2a 97 15 44 4d cd  |M....o....*..DM.|
0001ab80  c0 09 01 7f 02 cd b1 04  2a 1e 15 4e 23 46 cd c0  |........*..N#F..|
0001ab90  09 01 8e 02 cd b1 04 01  0d 00 2a 1e 15 09 4e 23  |..........*...N#|
0001aba0  46 cd c0 09 01 9d 02 cd  b1 04 cd a0 04 c9 21 9c  |F.............!.|
0001abb0  15 70 2b 71 cd a0 04 2a  9b 15 44 4d 11 10 27 cd  |.p+q...*..DM..'.|
0001abc0  01 07 0e 3a cd 90 04 cd  ab 04 c9 cd 5a 05 22 9d  |...:........Z.".|
0001abd0  15 21 9f 15 36 00 3e 00  11 9d 15 cd ea 14 b5 ca  |.!..6.>.........|
0001abe0  18 0a 2a 9d 15 7d 1f d2  06 0a 2a 9f 15 4d 10 01  |..*..}....*..M..|
0001abf0  0a 01 00 6b 01 01 00 cd  cc 05 cd c3 08 0e 01 21  |...k...........!|
0001ac00  9d 15 cd c3 14 eb 2b 73  23 72 23 34 c3 e8 09 c9  |......+s#r#4....|
0001ac10  21 a2 15 73 2b 70 2b 71  21 a4 15 36 00 21 a6 15  |!..s+p+q!..6.!..|
0001ac20  36 00 36 01 3a a2 15 21  a6 15 be da 84 0a 21 a5  |6.6.:..!......!.|
0001ac30  15 36 01 21 a3 15 36 00  3e 03 21 a3 15 be da 72  |.6.!..6.>.!....r|
0001ac40  0a 2a a4 15 26 00 eb 2a  a0 15 19 e5 2a a3 15 26  |.*..&..*....*..&|
0001ac50  00 01 59 15 09 d1 1a be  ca 69 0a 21 a5 15 36 00  |..Y......i.!..6.|
0001ac60  21 a4 15 34 2b 34 c2 41  0a 3a a5 15 1f d2 7d 0a  |!..4+4.A.:....}.|
0001ac70  3a a6 15 c9 21 a6 15 34  c2 2d 0a 3e 00 c9 21 aa  |:...!..4.-.>..!.|
0001ac80  15 36 00 cd 39 06 1e 08  01 39 01 cd 19 0a 32 a7  |.6..9....9....2.|
0001ac90  15 fe 00 c2 a8 0a 3a aa  15 d6 00 c6 ff 9f c9 21  |......:........!|
0001aca0  aa 15 34 3a a7 15 fe 05  c2 18 0b 3a 03 00 32 a9  |..4:.......:..2.|
0001acb0  15 21 a8 15 36 00 2b 36  00 3e 03 21 a7 15 be da  |.!..6.+6.>.!....|
0001acc0  15 0b 3a a7 15 87 87 4f  06 00 21 39 01 09 44 4d  |..:....O..!9..DM|
0001acd0  cd 69 0c 01 ad 02 cd b1  04 3a a9 15 e6 03 87 87  |.i.......:......|
0001ace0  21 a8 15 86 4f 06 00 21  59 01 09 44 4d cd 69 0c  |!...O..!Y..DM.i.|
0001acf0  3a a8 15 c6 10 32 a8 10  01 0b 01 00 15 01 01 00  |:....2..........|
0001ad00  15 3a a9 15 e6 fe 1f 1f  32 a9 15 cd a0 04 21 a7  |.:......2.....!.|
0001ad10  15 34 c2 c2 0a c3 46 0c  3a a7 15 fe 06 c2 ae 0b  |.4....F.:.......|
0001ad20  01 b2 02 cd d2 04 01 c8  02 cd d2 04 01 fa 02 cd  |................|
0001ad30  d2 04 01 15 03 cd d2 04  01 29 03 cd d2 04 21 a7  |.........)....!.|
0001ad40  15 36 00 3e 03 21 a7 15  be da ab 0b cd a0 04 3a  |.6.>.!.........:|
0001ad50  a7 15 87 87 4f 06 00 21  39 01 09 44 4d cd 69 0c  |....O..!9..DM.i.|
0001ad60  01 38 03 cd b1 04 21 a8  15 36 00 3e 0c 21 a8 15  |.8....!..6.>.!..|
0001ad70  be da a4 0b c3 85 0b 3a  a8 15 c6 04 32 a8 15 d2  |.......:....2...|
0001ad80  6b 0b c3 a4 0b 0e 20 cd  90 04 3a a7 15 87 87 87  |k..... ...:.....|
0001ad90  87 21 a8 15 86 4f 06 00  21 59 01 09 44 4d cd 69  |.!...O..!Y..DM.i|
0001ada0  0c c3 77 0b 21 a7 15 34  c2 43 0b c3 46 0c 3a a7  |..w.!..4.C..F.:.|
0001adb0  15 fe 07 c2 bf 0b cd 19  08 3e 01 c9 c3 46 0c 3a  |.........>...F.:|
0001adc0  a7 15 fe 08 c2 cd 0b cd  dd 09 c3 46 0c 3a a7 15  |...........F.:..|
0001add0  3d 32 a7 15 87 87 87 87  32 a8 15 cd 39 06 3a 59  |=2......2...9.:Y|
0001ade0  15 fe 3d ca ef 0b 01 3b  03 cd d2 04 3e 01 c9 cd  |..=....;....>...|
0001adf0  39 06 2a a8 15 26 00 01  59 01 09 44 4d 1e 04 cd  |9.*..&..Y..DM...|
0001ae00  10 01 0c 01 00 c3 01 01  00 19 0a 3d 32 a8 15 fe  |...........=2...|
0001ae10  ff c2 14 0c 01 49 03 cd  d2 04 3e 01 c9 21 a9 15  |.....I....>..!..|
0001ae20  36 fc 3a a7 15 3d 32 a7  15 fe ff ca 38 0c 3a a9  |6.:..=2.....8.:.|
0001ae30  15 07 07 32 a9 15 3a a8  15 87 87 32 a8 15 c3 19  |...2..:....2....|
0001ae40  0c 3a a9 15 21 03 00 a6  21 a8 15 b6 32 03 00 cd  |.:..!...!...2...|
0001ae50  39 06 3a 59 15 fe 20 c2  54 0c 3e 01 c9 3a 59 15  |9.:Y.. .T.>..:Y.|
0001ae60  fe 2c ca 65 0c 01 5c 03  cd d2 04 3e 01 c9 c3 8c  |.,.e..\....>....|
0001ae70  0a c9 21 ac 15 70 2b 71  2a ab 15 7e fe 3a ca 89  |..!..p+q*..~.:..|
0001ae80  0c 2a ab 15 4e cd 90 04  2a ab 15 23 22 ab 15 c3  |.*..N...*..#"...|
0001ae90  6f 0c 0e 3a cd 90 04 c9  21 ae 15 70 2b 71 21 10  |o..:....!..p+q!.|
0001aea0  27 22 b1 15 21 b0 15 36  00 3e 00 11 b1 15 cd ea  |'"..!..6.>......|
0001aeb0  14 b5 ca fc 0c 2a ad 15  eb 2a b1 15 cd 7f 14 7b  |.....*...*.....{|
0001aec0  32 af 15 2a ad 15 eb cd  81 14 22 ad 15 50 59 21  |2..*......"..PY!|
0001aed0  0a 00 cd 7f 14 eb 22 b1  15 3e 00 cd d3 14 b5 d6  |......"..>......|
0001aee0  01 9f 21 b0 15 b6 2b f5  7e 93 c6 ff 9f c1 48 b1  |..!...+.~.....H.|
0001aef0  1f d2 f9 0c 21 b0 15 36  01 3a af 15 c6 30 4f cd  |....!..6.:...0O.|
0001af00  90 04 c3 a0 0c 0e 6b cd  90 10 01 0d 01 00 c1 01  |......k.........|
0001af10  01 00 04 cd a0 04 c9 cd  51 05 22 20 15 cd 38 05  |........Q." ..8.|
0001af20  c6 41 4f cd 90 04 01 6a  03 cd b1 04 c9 0e 01 cd  |.AO....j........|
0001af30  b7 07 44 4d cd 8f 0c c9  01 6d 03 cd d2 04 cd 05  |..DM.....m......|
0001af40  0d cd 1b 0d c9 cd 5a 05  22 b3 15 cd 6c 05 22 b5  |......Z."...l.".|
0001af50  15 21 b7 15 36 00 3e 00  11 b3 15 cd ea 14 b5 ca  |.!..6.>.........|
0001af60  a5 0d 2a b3 15 7d 1f d2  86 0d 2a b7 15 4d cd cc  |..*..}....*..M..|
0001af70  05 cd 05 0d 01 81 03 cd  b1 04 2a b5 15 7d 1f d2  |..........*..}..|
0001af80  78 0d 0e 4f cd 90 04 c3  7d 0d 0e 57 cd 90 04 01  |x..O....}..W....|
0001af90  84 03 cd b1 04 cd 1b 0d  0e 01 21 b3 15 cd c3 14  |..........!.....|
0001afa0  eb 2b 73 23 72 0e 01 21  b5 15 cd c3 14 eb 2b 73  |.+s#r..!......+s|
0001afb0  23 72 23 34 c3 44 0d cd  a0 04 c9 3a 5c 00 fe 00  |#r#4.D.....:\...|
0001afc0  ca b9 0d 3a 5c 00 3d 4f  cd cc 05 c9 cd b3 05 cd  |...:\.=O........|
0001afd0  a9 0d 21 1d 15 36 00 21  cc 29 36 ff cd 6c 13 1f  |..!..6.!.)6..l..|
0001afe0  d2 e4 0d 3a cc 29 fe 00  c2 da 0d c9 3a cc 29 3d  |...:.)......:.)=|
0001aff0  32 cc 29 c3 f0 0d 3a 5d  00 fe 20 c2 f0 0d cd 26  |2.)...:].. ....&|
0001b000  0d c9 21 00 00 22 b8 15  7d 32 5c 00 21 68 00 36  |..!.."..}2\.!h.6|
0001b010  3f 21 10 01 0e 01 00 41  01 01 00 6a 00 36 3f 01  |?!.....A...j.6?.|
0001b020  5c 00 cd 19 05 3a 27 15  fe ff ca 43 10 3a 27 15  |\....:'....C.:'.|
0001b030  e6 03 87 87 87 87 87 c6  80 6f 26 00 22 ba 29 21  |.........o&.".)!|
0001b040  cb 29 36 00 21 00 00 22  be 29 3a cb 29 2f 01 b8  |.)6.!..".):.)/..|
0001b050  15 11 be 29 f5 cd dd 14  9f c1 48 a1 1f d2 98 0e  |...)......H.....|
0001b060  cd 5d 13 21 c6 29 36 01  3e 0b 21 c6 29 be da 8e  |.].!.)6.>.!.)...|
0001b070  0e 2a c6 29 26 00 eb 2a  ba 29 19 e5 2a c6 29 26  |.*.)&..*.)..*.)&|
0001b080  00 eb 2a bc 29 19 c1 0a  be ca 79 0e 21 c6 29 36  |..*.).....y.!.)6|
0001b090  0b c3 84 0e 3a c6 29 d6  0b d6 01 9f 32 cb 29 3a  |....:.).....2.):|
0001b0a0  c6 29 3c 32 c6 29 c2 4d  0e 2a be 29 23 22 be 29  |.)<2.).M.*.)#".)|
0001b0b0  c3 2f 0e 3a cb 29 1f d2  a9 0e 2a be 29 2b 22 be  |./.:.)....*.)+".|
0001b0c0  29 c3 60 0f 2a b8 15 22  be 29 23 22 b8 15 cd 5d  |).`.*..".)#"...]|
0001b0d0  13 11 00 02 21 b8 15 cd  f8 14 9f 11 10 00 2a bc  |....!.........*.|
0001b0e0  29 19 eb 21 06 00 f5 cd  f8 14 9f 2f c1 48 b1 1f  |)..!......./.H..|
0001b0f0  d2 ed 0e 01 a5 03 cd d2  04 21 00 00 22 be 29 21  |.........!..".)!|
0001b100  01 00 22 b8 15 cd 5d 13  2a be 29 01 ba 15 29 09  |.."...].*.)...).|
0001b110  e5 2a be 29 eb e1 73 23  72 21 c6 10 01 0f 01 00  |.*.)..s#r!......|
0001b120  9b 01 01 00 29 36 00 3e  0b 21 c6 29 be da 2e 0f  |....)6.>.!.)....|
0001b130  2a c6 29 26 00 eb 2a ba  29 19 e5 2a c6 29 26 00  |*.)&..*.)..*.)&.|
0001b140  eb 2a bc 29 19 c1 0a 77  3a c6 29 3c 32 c6 29 c2  |.*.)...w:.)<2.).|
0001b150  03 0f 2a be 29 01 ba 19  29 09 3e 00 77 23 36 00  |..*.)...).>.w#6.|
0001b160  2a be 29 01 ba 1d 29 09  77 23 36 00 2a be 29 01  |*.)...).w#6.*.).|
0001b170  ba 21 29 09 77 23 36 00  2a be 29 01 ba 25 29 09  |.!).w#6.*.)..%).|
0001b180  77 23 36 00 2a be 29 01  ba 19 29 09 4e 23 46 03  |w#6.*.)...).N#F.|
0001b190  2a be 29 c5 01 ba 19 29  09 c1 71 23 70 2a be 29  |*.)....)..q#p*.)|
0001b1a0  01 ba 25 29 09 01 0f 00  e5 2a ba 29 09 7e d1 cd  |..%).....*.).~..|
0001b1b0  65 14 01 0c 00 e5 2a ba  29 09 01 04 00 e5 2a 1e  |e.....*.).....*.|
0001b1c0  15 09 7e e1 a6 6f 26 00  11 80 00 cd 9e 14 c1 09  |..~..o&.........|
0001b1d0  e5 2a be 29 01 ba 25 29  09 c1 71 23 70 21 c7 29  |.*.)..%)..q#p!.)|
0001b1e0  36 01 01 05 00 2a 1e 15  09 3e ff cd f5 14 d2 d2  |6....*...>......|
0001b1f0  0f 21 c7 29 36 02 21 c6  29 36 10 3e 1f 21 c6 29  |.!.)6.!.)6.>.!.)|
0001b200  be da 3d 10 c3 f1 0f 3a  c7 29 21 c6 29 86 77 d2  |..=....:.)!.).w.|
0001b210  d7 0f c3 3d 10 2a c6 29  26 00 eb 2a ba 29 19 7e  |...=.*.)&..*.).~|
0001b220  32 c8 29 3a 10 01 10 01  00 72 01 01 00 c7 29 fe  |2.):.....r....).|
0001b230  02 c2 1c 10 2a c6 29 26  00 01 01 00 09 eb 2a ba  |....*.)&......*.|
0001b240  29 19 3a c8 29 b6 32 c8  29 3a c8 29 fe 00 ca 3a  |).:.).2.):.)...:|
0001b250  10 2a be 29 01 ba 21 29  09 e5 2a be 29 01 ba 1d  |.*.)..!)..*.)...|
0001b260  29 09 eb c1 cd 73 07 c3  e3 0f cd 2c 05 c3 0a 0e  |)....s.....,....|
0001b270  3e 00 11 b8 15 cd ea 14  b5 c2 58 10 01 ba 03 cd  |>.........X.....|
0001b280  d2 04 c3 5c 13 3a cc 29  fe ff c2 93 12 3e 01 21  |...\.:.).....>.!|
0001b290  b8 15 cd f5 14 d2 64 11  21 01 00 22 c0 29 3e 00  |......d.!..".)>.|
0001b2a0  21 c0 29 cd f5 14 d2 64  11 21 00 00 22 c0 29 21  |!.)....d.!..".)!|
0001b2b0  00 00 22 c4 29 2a b8 15  2b 2b eb 21 c4 29 cd f8  |..".)*..++.!.)..|
0001b2c0  14 da 61 11 2a c4 29 01  bc 15 29 09 5e 23 56 eb  |..a.*.)...).^#V.|
0001b2d0  22 be 29 cd 5d 13 2a bc  29 22 ba 29 2a c4 29 01  |".).].*.)".)*.).|
0001b2e0  ba 15 29 09 5e 23 56 eb  22 be 29 cd 5d 13 21 c6  |..).^#V.".).].!.|
0001b2f0  29 36 01 3e 0b 21 c6 29  be da 54 11 2a c6 29 26  |)6.>.!.)..T.*.)&|
0001b300  00 eb 2a ba 29 19 7e 32  c9 29 e5 2a c6 29 26 00  |..*.).~2.).*.)&.|
0001b310  eb 2a bc 29 19 7e 32 ca  29 4f d1 1a b9 d2 3b 11  |.*.).~2.)O....;.|
0001b320  2a c4 29 01 ba 15 29 09  5e 23 56 eb 22 10 11 00  |*.)...).^#V."...|
0001b330  ce 11 00 01 01 00 4b 01  01 00 c2 29 2a c4 29 01  |......K....)*.).|
0001b340  bc 15 29 09 e5 2a c4 29  01 ba 15 29 09 e3 4e 23  |..)..*.)...)..N#|
0001b350  46 e1 71 23 70 2a c4 29  01 bc 15 29 09 e5 2a c2  |F.q#p*.)...)..*.|
0001b360  29 eb e1 73 23 72 2a c0  29 23 22 c0 29 21 c6 29  |)..s#r*.)#".)!.)|
0001b370  36 0b c3 4a 11 3a ca 29  21 c9 29 be d2 4a 11 21  |6..J.:.)!.)..J.!|
0001b380  c6 29 36 0b 3a c6 29 3c  32 c6 29 c2 c6 10 11 01  |.)6.:.)<2.).....|
0001b390  00 2a c4 29 19 22 c4 29  d2 88 10 c3 71 10 3a 1d  |.*.).".)....q.:.|
0001b3a0  15 1f d2 74 11 01 c9 03  cd d2 04 c3 77 11 cd a0  |...t........w...|
0001b3b0  04 01 d0 03 cd b1 04 21  00 00 22 c0 29 01 b8 15  |.......!..".)...|
0001b3c0  11 c0 29 cd dd 14 d2 8d  12 2a c0 29 01 ba 15 29  |..)......*.)...)|
0001b3d0  09 5e 23 56 eb 22 be 29  cd 5d 13 cd a0 04 2e 10  |.^#V.".).]......|
0001b3e0  e5 2a bc 29 44 4d 11 5c  00 e1 0a 12 03 13 2d c2  |.*.)DM.\......-.|
0001b3f0  b0 11 21 5c 00 36 00 3a  1d 15 1f d2 e9 11 01 5c  |..!\.6.:.......\|
0001b400  00 cd a3 05 3a 7f 00 fe  00 ca db 11 01 e6 03 cd  |....:...........|
0001b410  b1 04 c3 e6 11 2a 7d 00  44 4d 11 10 27 cd 01 07  |.....*}.DM..'...|
0001b420  cd ab 04 2a be 29 01 ba  25 29 09 4e 23 46 11 10  |...*.)..%).N#F..|
0001b430  27 cd 01 07 cd ab 04 2a  be 29 11 00 02 01 00 fa  |'......*.)......|
0001b440  01 01 00 01 ba 21 29 09  4e 23 46 11 10 27 cd 01  |.....!).N#F..'..|
0001b450  07 0e 6b cd 90 04 cd ab  04 2a be 29 01 ba 19 29  |..k......*.)...)|
0001b460  09 4e 23 46 11 e8 03 cd  01 07 cd ab 04 0e 52 cd  |.N#F..........R.|
0001b470  90 04 0e 2f cd 90 04 01  09 00 2a bc 29 09 7e 07  |.../......*.).~.|
0001b480  1f d2 49 12 0e 4f cd 90  04 c3 4e 12 0e 57 cd 90  |..I..O....N..W..|
0001b490  04 cd ab 04 cd 38 05 c6  41 4f cd 90 04 0e 3a cd  |.....8..AO....:.|
0001b4a0  90 04 01 0a 00 2a bc 29  09 7e 07 32 c8 29 1f d2  |.....*.).~.2.)..|
0001b4b0  74 12 0e 28 cd 90 04 cd  c0 13 3a c8 29 1f d2 83  |t..(......:.)...|
0001b4c0  12 0e 29 cd 90 04 2a c0  29 23 22 c0 29 c3 83 11  |..)...*.)#".)...|
0001b4d0  cd 26 0d c3 5c 13 21 00  00 22 c0 29 01 b8 15 11  |.&..\.!..".)....|
0001b4e0  c0 29 cd dd 14 d2 5c 13  cd e4 04 1f d2 b0 12 cd  |.)....\.........|
0001b4f0  12 08 c9 2a c0 29 22 be  29 cd 5d 13 cd a0 04 cd  |...*.)".).].....|
0001b500  c0 13 2a cc 29 4d 06 00  21 17 13 09 09 5e 23 56  |..*.)M..!....^#V|
0001b510  eb e9 01 09 00 2a bc 29  09 3e 80 b6 2a bc 29 09  |.....*.).>..*.).|
0001b520  77 c3 1f 13 01 09 00 2a  bc 29 09 3e 7f a6 2a bc  |w......*.).>..*.|
0001b530  29 09 77 c3 1f 13 01 0a  00 2a bc 29 09 3e 80 b6  |).w......*.).>..|
0001b540  2a bc 29 11 00 03 01 00  e1 01 01 00 09 77 c3 1f  |*.)..........w..|
0001b550  13 01 0a 00 2a bc 29 09  3e 7f a6 2a bc 29 09 77  |....*.).>..*.).w|
0001b560  c3 1f 13 cf 12 e1 12 f3  12 05 13 2e 10 e5 2a bc  |..............*.|
0001b570  29 44 4d 11 5c 00 e1 0a  12 03 13 2d c2 2b 13 21  |)DM.\......-.+.!|
0001b580  5c 00 36 00 cd 75 05 01  ec 03 cd b1 04 3a cc 29  |\.6..u.......:.)|
0001b590  87 87 4f 06 00 21 99 01  09 44 4d cd b1 04 2a c0  |..O..!...DM...*.|
0001b5a0  29 23 22 c0 29 c3 99 12  c9 2a be 29 29 29 29 29  |)#".)....*.)))))|
0001b5b0  11 cf 29 19 22 bc 29 c9  3a 6d 00 fe 20 c2 77 13  |..).".).:m.. .w.|
0001b5c0  3e 00 c9 2e 04 11 59 15  01 6e 00 0a 12 03 13 2d  |>.....Y..n.....-|
0001b5d0  c2 7f 13 3a 59 15 d6 53  d6 01 9f f5 3a 5a 15 d6  |...:Y..S....:Z..|
0001b5e0  20 d6 01 9f c1 48 a1 1f  d2 a7 13 21 1d 15 36 01  | ....H.....!..6.|
0001b5f0  3e fe c9 1e 04 01 a9 01  cd 19 0a 32 cc 29 fe 00  |>..........2.)..|
0001b600  c2 bd 13 01 8e 03 cd d2  04 3e 01 c9 21 cd 29 36  |.........>..!.)6|
0001b610  01 3e 0b 21 cd 29 be da  01 14 2a cd 29 26 00 eb  |.>.!.)....*.)&..|
0001b620  2a bc 29 19 3e 7f a6 32  ce 29 fe 20 ca f7 13 3a  |*.).>..2.). ...:|
0001b630  cd 29 fe 09 c2 f0 13 0e  2e cd 90 04 2a ce 29 4d  |.)..........*.)M|
0001b640  cd 90 04 3a cd 29 3c 32  cd 29 c2 c5 11 00 04 01  |...:.)<2.)......|
0001b650  00 d1 01 01 00 13 c9 cd  39 06 cd 39 06 3a 59 15  |........9..9.:Y.|
0001b660  fe 3d c2 2f 14 cd 39 06  01 f5 03 cd fe 05 1f d2  |.=./..9.........|
0001b670  26 14 cd a9 0d cd 63 05  c3 2c 14 01 f9 03 cd d2  |&.....c..,......|
0001b680  04 c3 48 14 cd a9 0d 1e  08 01 39 01 cd 19 0a fe  |..H.......9.....|
0001b690  08 c2 45 14 cd c3 08 c3  48 14 cd ba 0d c9 c3 00  |..E.....H.......|
0001b6a0  00 c3 05 00 c3 05 00 cd  05 00 c9 c9 c9 69 60 4e  |.............i`N|
0001b6b0  23 46 1a 81 6f 13 1a 88  67 c9 eb 5f 16 00 eb 1a  |#F..o...g.._....|
0001b6c0  85 6f 13 1a 8c 67 c9 eb  5f 16 00 eb 1a a5 6f 13  |.o...g.._.....o.|
0001b6d0  1a a4 67 c9 44 4d 21 00  00 3e 10 f5 29 eb 97 29  |..g.DM!..>..)..)|
0001b6e0  eb 8d 91 6f 7c 98 67 13  d2 98 14 09 1b f1 3d c2  |...o|.g.......=.|
0001b6f0  86 14 c9 44 4d 21 00 00  3e 10 29 eb 29 eb d2 ad  |...DM!..>.).)...|
0001b700  14 09 3d c2 a5 14 c9 7e  07 0d c2 b3 14 c9 5e 23  |..=....~......^#|
0001b710  56 eb 29 0d c2 bd 14 c9  5e 23 56 eb 7c b7 1f 67  |V.).....^#V.|..g|
0001b720  7d 1f 6f 0d c2 c7 14 c9  5f 16 00 7b 95 6f 7a 9c  |}.o....._..{.oz.|
0001b730  67 c9 69 60 4e 23 46 1a  91 6f 13 1a 98 67 c9 6f  |g.i`N#F..o...g.o|
0001b740  26 00 1a 95 6f 13 1a 9c  67 c9 5f 16 00 7b 96 5f  |&...o...g._..{._|
0001b750  7a 23 9e 57 eb 11 00 05  01 00 08 8b 00 02 00 01  |z#.W............|
0001b760  c9 01 3f 1a 1a 00 81 1a  30 32 30 32 30 35 36 0d  |..?.....0202056.|
0001b770  0a 3a 31 30 30 31 33 30  30 30 34 34 34 34 35 34  |.:10013000444454|
0001b780  32 30 35 36 34 35 35 32  35 33 32 30 33 32 32 45  |205645525320322E|
0001b790  33 32 32 34 33 31 30 30  30 32 37 41 0d 0a 3a 31  |32243100027A..:1|
0001b7a0  30 30 31 34 30 30 30 43  35 43 35 31 31 33 30 30  |0014000C5C511300|
0001b7b0  31 30 45 30 39 43 44 30  35 30 30 43 31 32 31 30  |10E09CD0500C1210|
0001b7c0  37 30 30 37 45 33 44 35  36 0d 0a 3a 31 30 30 31  |7007E3D56..:1001|
0001b7d0  35 30 30 30 39 30 35 37  31 45 30 30 44 35 32 31  |500090571E00D521|
0001b7e0  30 30 30 32 37 38 42 31  11 00 06 01 00 d4 01 01  |000278B1........|
0001b7f0  00 0f 0c 79 95 78 9c da  0f 0c eb e1 23 c3 fa 0b  |...y.x......#...|
0001b800  e1 c5 d5 e5 eb 2a ce 15  19 44 4d cd 1e 16 d1 2a  |.....*...DM....*|
0001b810  b5 15 73 23 72 d1 2a b7  15 73 23 72 c1 79 93 4f  |..s#r.*..s#r.y.O|
0001b820  78 9a 47 2a d0 15 eb cd  30 16 4d 44 c3 21 16 21  |x.G*....0.MD.!.!|
0001b830  c3 15 4e 3a e3 15 b7 1f  0d c2 45 0c 47 3e 08 96  |..N:......E.G>..|
0001b840  4f 3a e2 15 0d ca 5c 0c  b7 17 c3 53 0c 80 c9 2a  |O:....\....S...*|
0001b850  43 0b 11 10 00 19 09 3a  dd 15 b7 ca 71 0c 6e 26  |C......:....q.n&|
0001b860  00 c9 09 5e 23 56 eb c9  cd 3e 0c 4f 06 00 cd 5e  |...^#V...>.O...^|
0001b870  0c 22 e5 15 c9 2a e5 15  7d b4 c9 3a c3 15 2a e5  |."...*..}..:..*.|
0001b880  15 29 3d c2 90 0c 22 e7  15 3a c4 15 4f 3a e3 15  |.)=..."..:..O:..|
0001b890  a1 b5 6f 22 e5 15 c9 2a  43 0b 11 0c 00 19 c9 2a  |..o"...*C......*|
0001b8a0  43 0b 11 0f 00 19 eb 21  11 00 19 c9 cd ae 0c 7e  |C......!.......~|
0001b8b0  32 e3 15 eb 7e 32 e1 15  cd a6 0c 3a c5 15 a6 32  |2...~2.....:...2|
0001b8c0  e2 15 c9 cd ae 0c 3a d5  15 fe 02 c2 de 0c af 4f  |......:........O|
0001b8d0  3a e3 15 81 77 eb 3a e1  15 77 c9 0c 0d c8 7c b7  |:...w.:..w....|.|
0001b8e0  1f 67 7d 1f 6f c3 eb 0c  0e 80 2a b9 15 af 86 23  |.g}.o.....*....#|
0001b8f0  0d 11 00 07 01 00 e1 01  01 00 09 77 c3 1f 13 01  |...........w....|
0001b900  0a 00 2a bc 29 09 3e 7f  a6 2a bc 29 09 77 c3 1f  |..*.).>..*.).w..|
0001b910  13 cf 12 e1 12 f3 12 05  13 2e 10 e5 2a bc 29 44  |............*.)D|
0001b920  4d 11 5c 00 e1 0a 12 03  13 2d c2 2b 13 21 5c 00  |M.\......-.+.!\.|
0001b930  36 00 cd 75 05 01 ec 03  cd b1 04 3a cc 29 87 87  |6..u.......:.)..|
0001b940  4f 06 00 21 99 01 09 44  4d cd b1 04 2a c0 29 23  |O..!...DM...*.)#|
0001b950  22 c0 29 c3 99 12 c9 2a  be 29 29 29 29 29 11 cf  |".)....*.)))))..|
0001b960  29 19 22 bc 29 c9 3a 6d  00 fe 20 c2 77 13 3e 00  |).".).:m.. .w.>.|
0001b970  c9 2e 04 11 59 15 01 6e  00 0a 12 03 13 2d c2 7f  |....Y..n.....-..|
0001b980  13 3a 59 15 d6 53 d6 01  9f f5 3a 5a 15 d6 20 d6  |.:Y..S....:Z.. .|
0001b990  01 9f c1 48 a1 1f d2 a7  13 21 1d 15 36 01 3e fe  |...H.....!..6.>.|
0001b9a0  c9 1e 04 01 a9 01 cd 19  0a 32 cc 29 fe 00 c2 bd  |.........2.)....|
0001b9b0  13 01 8e 03 cd d2 04 3e  01 c9 21 cd 29 36 01 3e  |.......>..!.)6.>|
0001b9c0  0b 21 cd 29 be da 01 14  2a cd 29 26 00 eb 2a bc  |.!.)....*.)&..*.|
0001b9d0  29 19 3e 7f a6 32 ce 29  fe 20 ca f7 13 3a cd 29  |).>..2.). ...:.)|
0001b9e0  fe 09 c2 f0 13 0e 2e cd  90 04 2a ce 29 4d cd 90  |..........*.)M..|
0001b9f0  04 3a cd 29 3c 32 cd 29  c2 c5 11 00 08 01 00 d1  |.:.)<2.)........|
0001ba00  01 01 00 13 c9 cd 39 06  cd 39 06 3a 59 15 fe 3d  |......9..9.:Y..=|
0001ba10  c2 2f 14 cd 39 06 01 f5  03 cd fe 05 1f d2 26 14  |./..9.........&.|
0001ba20  cd a9 0d cd 63 05 c3 2c  14 01 f9 03 cd d2 04 c3  |....c..,........|
0001ba30  48 14 cd a9 0d 1e 08 01  39 01 cd 19 0a fe 08 c2  |H.......9.......|
0001ba40  45 14 cd c3 08 c3 48 14  cd ba 0d c9 c3 00 00 c3  |E.....H.........|
0001ba50  05 00 c3 05 00 cd 05 00  c9 c9 c9 69 60 4e 23 46  |...........i`N#F|
0001ba60  1a 81 6f 13 1a 88 67 c9  eb 5f 16 00 eb 1a 85 6f  |..o...g.._.....o|
0001ba70  13 1a 8c 67 c9 eb 5f 16  00 eb 1a a5 6f 13 1a a4  |...g.._.....o...|
0001ba80  67 c9 44 4d 21 00 00 3e  10 f5 29 eb 97 29 eb 8d  |g.DM!..>..)..)..|
0001ba90  91 6f 7c 98 67 13 d2 98  14 09 1b f1 3d c2 86 14  |.o|.g.......=...|
0001baa0  c9 44 4d 21 00 00 3e 10  29 eb 29 eb d2 ad 14 09  |.DM!..>.).).....|
0001bab0  3d c2 a5 14 c9 7e 07 0d  c2 b3 14 c9 5e 23 56 eb  |=....~......^#V.|
0001bac0  29 0d c2 bd 14 c9 5e 23  56 eb 7c b7 1f 67 7d 1f  |).....^#V.|..g}.|
0001bad0  6f 0d c2 c7 14 c9 5f 16  00 7b 95 6f 7a 9c 67 c9  |o....._..{.oz.g.|
0001bae0  69 60 4e 23 46 1a 91 6f  13 1a 98 67 c9 6f 26 00  |i`N#F..o...g.o&.|
0001baf0  1a 95 6f 13 1a 9c 67 c9  5f 16 00 7b 96 5f 7a 23  |..o...g._..{._z#|
0001bb00  9e 57 eb 11 00 09 01 00  57 01 01 00 c3 df 01 20  |.W......W...... |
0001bb10  63 6f 70 79 72 69 67 68  74 28 63 29 20 31 39 37  |copyright(c) 197|
0001bb20  37 2c 20 64 69 67 69 74  61 6c 20 72 65 73 65 61  |7, digital resea|
0001bb30  72 63 68 20 0d 0a 24 45  72 72 6f 72 20 4f 6e 20  |rch ..$Error On |
0001bb40  4c 69 6e 65 20 24 53 55  42 4e 6f 20 27 53 55 42  |Line $SUBNo 'SUB|
0001bb50  27 20 46 69 6c 65 20 50  72 65 73 65 6e 74 24 44  |' File Present$D|
0001bb60  69 73 6b 20 57 72 69 74  65 20 45 72 72 6f 72 24  |isk Write Error$|
0001bb70  43 6f 6d 6d 61 6e 64 20  42 75 66 66 65 72 20 4f  |Command Buffer O|
0001bb80  76 65 72 66 6c 6f 77 24  43 6f 6d 6d 61 6e 64 20  |verflow$Command |
0001bb90  54 6f 6f 20 4c 6f 6e 67  24 50 61 72 61 6d 65 74  |Too Long$Paramet|
0001bba0  65 72 20 45 72 72 6f 72  24 49 6e 76 61 6c 69 64  |er Error$Invalid|
0001bbb0  20 43 6f 6e 74 72 6f 6c  20 43 68 61 72 61 63 74  | Control Charact|
0001bbc0  65 72 24 44 69 72 65 63  74 6f 72 79 20 46 75 6c  |er$Directory Ful|
0001bbd0  6c 24 43 61 6e 6e 6f 74  20 43 6c 6f 73 65 2c 20  |l$Cannot Close, |
0001bbe0  52 65 61 64 2f 4f 6e 6c  79 3f 24 21 00 00 39 22  |Read/Only?$!..9"|
0001bbf0  f0 05 21 93 0e f9 cd cc  02 cd 8a 03 cd fe 04 cd  |..!.............|
0001bc00  87 05 c9 21 dd 05 70 2b  71 2a dc 05 11 00 0a 01  |...!..p+q*......|
0001bc10  00 fa 01 01 00 eb 0e 09  cd 8a 05 c9 21 e0 05 70  |............!..p|
0001bc20  2b 71 2a df 05 eb 0e 0f  cd 8d 05 32 de 05 c9 21  |+q*........2...!|
0001bc30  e2 05 70 2b 71 2a e1 05  eb 0e 10 cd 8d 05 32 de  |..p+q*........2.|
0001bc40  05 c9 21 e4 05 70 2b 71  2a e3 05 eb 0e 13 cd 8a  |..!..p+q*.......|
0001bc50  05 c9 21 e6 05 70 2b 71  2a e5 05 eb 0e 14 cd 8d  |..!..p+q*.......|
0001bc60  05 c9 21 e8 05 70 2b 71  2a e7 05 eb 0e 15 cd 8d  |..!..p+q*.......|
0001bc70  05 c9 21 ea 05 70 2b 71  2a e9 05 eb 0e 16 cd 8d  |..!..p+q*.......|
0001bc80  05 32 de 05 c9 21 ef 05  73 2b 70 2b 71 2b d1 c1  |.2...!..s+p+q+..|
0001bc90  70 2b 71 d5 3a ef 05 3d  32 ef 05 fe ff ca a6 02  |p+q.:..=2.......|
0001bca0  2a eb 05 e5 2a ed 05 c1  0a 77 2a eb 05 23 22 eb  |*...*....w*..#".|
0001bcb0  05 2a ed 05 23 22 ed 05  c3 7f 02 c9 21 f3 05 70  |.*..#"......!..p|
0001bcc0  2b 71 01 28 01 cd f7 01  01 2b 01 cd f7 01 01 b6  |+q.(.....+......|
0001bcd0  05 cd f7 01 2a f2 05 44  4d cd f7 01 2a f0 05 f9  |....*..DM...*...|
0001bce0  c9 01 81 00 c5 1e 7f 01  f4 05 cd 70 02 2a 80 00  |...........p.*..|
0001bcf0  26 00 01 f4 05 09 36 00  01 3a 01 c5 1e 03 01 65  |&.....6..:.....e|
0001bd00  00 cd 70 02 01 5c 00 cd  07 02 3a de 05 fe ff c2  |..p..\....:.....|
0001bd10  03 03 01 3d 01 11 00 0b  01 00 e8 01 01 00 cd a7  |...=............|
0001bd20  02 21 74 06 36 80 c9 3e  7f 21 74 06 be d2 25 03  |.!t.6..>.!t...%.|
0001bd30  01 5c 00 cd 3d 02 fe 00  ca 20 03 3e 1a c9 21 74  |.\..=.... .>..!t|
0001bd40  06 36 00 3a 74 06 3c 32  74 06 3d 4f 06 00 21 80  |.6.:t.<2t.=O..!.|
0001bd50  00 09 7e 32 75 06 fe 0d  c2 62 03 3a b8 05 3c 32  |..~2u....b.:..<2|
0001bd60  b8 05 4f 3e 39 b9 d2 62  03 21 b8 05 36 30 2b 7e  |..O>9..b.!..60+~|
0001bd70  3c 77 4f 3e 39 b9 d2 62  03 21 b7 05 36 30 2b 34  |<wO>9..b.!..60+4|
0001bd80  3a 75 06 d6 61 fe 1a d2  74 03 3a 75 06 e6 5f 32  |:u..a...t.:u.._2|
0001bd90  75 06 3a 75 06 c9 01 bb  05 cd 4d 02 fe 00 ca 89  |u.:u......M.....|
0001bda0  03 01 53 01 cd a7 02 c9  21 76 06 36 00 21 00 00  |..S.....!v.6.!..|
0001bdb0  22 76 0e 21 7c 0e 36 01  3a 7c 0e 1f d2 80 04 21  |"v.!|.6.:|.....!|
0001bdc0  78 0e 36 00 cd 09 03 32  7d 0e d6 1a c6 ff 9f f5  |x.6....2}.......|
0001bdd0  3a 7d 0e d6 0d c6 ff 9f  c1 48 a1 1f d2 6b 04 3a  |:}.......H...k.:|
0001bde0  7d 0e fe 0a ca 68 04 3a  7d 0e fe 24 c2 36 04 cd  |}....h.:}..$.6..|
0001bdf0  09 03 32 7d 0e fe 24 c2  e6 03 2a 7d 0e 4d cd c4  |..2}..$...*}.M..|
0001be00  04 c3 33 04 3a 7d 0e d6  30 32 7d 0e 4f 3e 09 b9  |..3.:}..02}.O>..|
0001be10  d2 fe 03 01 8d 01 cd a7  02 c3 33 04 21 7a 11 00  |..........3.!z..|
0001be20  0c 01 00 21 01 01 00 0e  36 00 cd ad 04 3a 7d 0e  |...!....6....:}.|
0001be30  fe 00 ca 22 04 21 7d 0e  35 cd 81 04 1f d2 1c 04  |...".!}.5.......|
0001be40  c3 12 04 cd ad 04 c3 06  04 cd 81 04 1f d2 33 04  |..............3.|
0001be50  2a 79 0e 4d cd c4 04 c3  22 04 c3 68 04 3a 7d 0e  |*y.M...."..h.:}.|
0001be60  fe 5e c2 61 04 cd 09 03  d6 61 32 7d 0e 4f 3e 19  |.^.a.....a2}.O>.|
0001be70  b9 d2 56 04 01 9d 01 cd  a7 02 c3 5e 04 3a 7d 0e  |..V........^.:}.|
0001be80  3c 4f cd c4 04 c3 68 04  2a 7d 0e 4d cd c4 04 c3  |<O....h.*}.M....|
0001be90  a6 03 3a 7d 0e d6 0d d6  01 9f 32 7c 0e 2a 78 0e  |..:}......2|.*x.|
0001bea0  4d cd c4 04 c3 9a 03 c9  2a 7a 0e 26 00 01 f4 05  |M.......*z.&....|
0001beb0  09 7e 32 79 0e d6 20 d6  01 9f f5 3a 79 0e d6 00  |.~2y.. ....:y...|
0001bec0  d6 01 9f c1 48 b1 1f da  aa 04 21 7a 0e 34 3e 01  |....H.....!z.4>.|
0001bed0  c9 3e 00 c9 2a 7a 0e 26  00 01 f4 05 09 7e fe 20  |.>..*z.&.....~. |
0001bee0  c2 c3 04 21 7a 0e 34 c3  ad 04 c9 21 7b 0e 71 2a  |...!z.4....!{.q*|
0001bef0  76 0e 23 22 76 0e 11 ff  07 cd 99 05 d2 de 04 01  |v.#"v...........|
0001bf00  64 01 cd a7 02 2a 76 0e  01 76 06 09 3a 7b 0e 77  |d....*v..v..:{.w|
0001bf10  3a 78 0e 3c 32 78 0e 4f  3e 7d b9 d2 fd 04 01 7c  |:x.<2x.O>}.....||
0001bf20  01 cd a7 02 c9 01 bb 11  00 0d 01 00 5c c1 00 02  |............\...|
0001bf30  00 a0 05 cd 2d 02 21 db  05 36 00 01 bb 05 cd 5d  |....-.!..6.....]|
0001bf40  02 3a de 05 fe ff c2 1d  05 01 b7 01 cd a7 02 cd  |.:..............|
0001bf50  7a 05 32 7e 0e fe 00 ca  65 05 3a 7e 0e 32 80 00  |z.2~....e.:~.2..|
0001bf60  4f 06 00 21 81 00 09 36  00 2a 7e 0e 26 00 01 82  |O..!...6.*~.&...|
0001bf70  00 09 36 24 3e 00 21 7e  0e be d2 5f 05 cd 7a 05  |..6$>.!~..._..z.|
0001bf80  2a 7e 0e 26 00 01 80 00  09 77 21 7e 0e 35 c3 42  |*~.&.....w!~.5.B|
0001bf90  05 cd 78 03 c3 1d 05 01  bb 05 cd 1a 02 3a de 05  |..x..........:..|
0001bfa0  fe ff c2 79 05 01 c6 01  cd a7 02 c9 2a 76 0e 2b  |...y........*v.+|
0001bfb0  22 76 0e 01 76 06 09 7e  c9 c3 00 00 c3 05 00 c3  |"v..v..~........|
0001bfc0  05 00 cd 05 00 c9 c9 c9  5f 16 00 7b 95 6f 7a 9c  |........_..{.oz.|
0001bfd0  67 c9 01 0b 00 00 00 14  30 30 31 20 24 00 24 24  |g.......001 $.$$|
0001bfe0  24 20 20 20 20 20 53 55  42 00 00 00 01 1b 1a 1a  |$     SUB.......|
0001bff0  11 00 0e 01 00 fa 01 01  00 eb 0e 09 cd 8a 05 c9  |................|
0001c000  21 e0 05 70 2b 71 2a df  05 eb 0e 0f cd 8d 05 32  |!..p+q*........2|
0001c010  de 05 c9 21 e2 05 70 2b  71 2a e1 05 eb 0e 10 cd  |...!..p+q*......|
0001c020  8d 05 32 de 05 c9 21 e4  05 70 2b 71 2a e3 05 eb  |..2...!..p+q*...|
0001c030  0e 13 cd 8a 05 c9 21 e6  05 70 2b 71 2a e5 05 eb  |......!..p+q*...|
0001c040  0e 14 cd 8d 05 c9 21 e8  05 70 2b 71 2a e7 05 eb  |......!..p+q*...|
0001c050  0e 15 cd 8d 05 c9 21 ea  05 70 2b 71 2a e9 05 eb  |......!..p+q*...|
0001c060  0e 16 cd 8d 05 32 de 05  c9 21 ef 05 73 2b 70 2b  |.....2...!..s+p+|
0001c070  71 2b d1 c1 70 2b 71 d5  3a ef 05 3d 32 ef 05 fe  |q+..p+q.:..=2...|
0001c080  ff ca a6 02 2a eb 05 e5  2a ed 05 c1 0a 77 2a eb  |....*...*....w*.|
0001c090  05 23 22 eb 05 2a ed 05  23 22 ed 05 c3 7f 02 c9  |.#"..*..#"......|
0001c0a0  21 f3 05 70 2b 71 01 28  01 cd f7 01 01 2b 01 cd  |!..p+q.(.....+..|
0001c0b0  f7 01 01 b6 05 cd f7 01  2a f2 05 44 4d cd f7 01  |........*..DM...|
0001c0c0  2a f0 05 f9 c9 01 81 00  c5 1e 7f 01 f4 05 cd 70  |*..............p|
0001c0d0  02 2a 80 00 26 00 01 f4  05 09 36 00 01 3a 01 c5  |.*..&.....6..:..|
0001c0e0  1e 03 01 65 00 cd 70 02  01 5c 00 cd 07 02 3a de  |...e..p..\....:.|
0001c0f0  05 fe ff c2 03 03 01 3d  01 11 00 0f 01 00 e8 01  |.......=........|
0001c100  01 00 cd a7 02 21 74 06  36 80 c9 3e 7f 21 74 06  |.....!t.6..>.!t.|
0001c110  be d2 25 03 01 5c 00 cd  3d 02 fe 00 ca 20 03 3e  |..%..\..=.... .>|
0001c120  1a c9 21 74 06 36 00 3a  74 06 3c 32 74 06 3d 4f  |..!t.6.:t.<2t.=O|
0001c130  06 00 21 80 00 09 7e 32  75 06 fe 0d c2 62 03 3a  |..!...~2u....b.:|
0001c140  b8 05 3c 32 b8 05 4f 3e  39 b9 d2 62 03 21 b8 05  |..<2..O>9..b.!..|
0001c150  36 30 2b 7e 3c 77 4f 3e  39 b9 d2 62 03 21 b7 05  |60+~<wO>9..b.!..|
0001c160  36 30 2b 34 3a 75 06 d6  61 fe 1a d2 74 03 3a 75  |60+4:u..a...t.:u|
0001c170  06 e6 5f 32 75 06 3a 75  06 c9 01 bb 05 cd 4d 02  |.._2u.:u......M.|
0001c180  fe 00 ca 89 03 01 53 01  cd a7 02 c9 21 76 06 36  |......S.....!v.6|
0001c190  00 21 00 00 22 76 0e 21  7c 0e 36 01 3a 7c 0e 1f  |.!.."v.!|.6.:|..|
0001c1a0  d2 80 04 21 78 0e 36 00  cd 09 03 32 7d 0e d6 1a  |...!x.6....2}...|
0001c1b0  c6 ff 9f f5 3a 7d 0e d6  0d c6 ff 9f c1 48 a1 1f  |....:}.......H..|
0001c1c0  d2 6b 04 3a 7d 0e fe 0a  ca 68 04 3a 7d 0e fe 24  |.k.:}....h.:}..$|
0001c1d0  c2 36 04 cd 09 03 32 7d  0e fe 24 c2 e6 03 2a 7d  |.6....2}..$...*}|
0001c1e0  0e 4d cd c4 04 c3 33 04  3a 7d 0e d6 30 32 7d 0e  |.M....3.:}..02}.|
0001c1f0  4f 3e 09 b9 d2 fe 03 01  8d 01 cd a7 02 c3 33 04  |O>............3.|
0001c200  21 7a 11 00 10 01 00 21  01 01 00 0e 36 00 cd ad  |!z.....!....6...|
0001c210  04 3a 7d 0e fe 00 ca 22  04 21 7d 0e 35 cd 81 04  |.:}....".!}.5...|
0001c220  1f d2 1c 04 c3 12 04 cd  ad 04 c3 06 04 cd 81 04  |................|
0001c230  1f d2 33 04 2a 79 0e 4d  cd c4 04 c3 22 04 c3 68  |..3.*y.M...."..h|
0001c240  04 3a 7d 0e fe 5e c2 61  04 cd 09 03 d6 61 32 7d  |.:}..^.a.....a2}|
0001c250  0e 4f 3e 19 b9 d2 56 04  01 9d 01 cd a7 02 c3 5e  |.O>...V........^|
0001c260  04 3a 7d 0e 3c 4f cd c4  04 c3 68 04 2a 7d 0e 4d  |.:}.<O....h.*}.M|
0001c270  cd c4 04 c3 a6 03 3a 7d  0e d6 0d d6 01 9f 32 7c  |......:}......2||
0001c280  0e 2a 78 0e 4d cd c4 04  c3 9a 03 c9 2a 7a 0e 26  |.*x.M.......*z.&|
0001c290  00 01 f4 05 09 7e 32 79  0e d6 20 d6 01 9f f5 3a  |.....~2y.. ....:|
0001c2a0  79 0e d6 00 d6 01 9f c1  48 b1 1f da aa 04 21 7a  |y.......H.....!z|
0001c2b0  0e 34 3e 01 c9 3e 00 c9  2a 7a 0e 26 00 01 f4 05  |.4>..>..*z.&....|
0001c2c0  09 7e fe 20 c2 c3 04 21  7a 0e 34 c3 ad 04 c9 21  |.~. ...!z.4....!|
0001c2d0  7b 0e 71 2a 76 0e 23 22  76 0e 11 ff 07 cd 99 05  |{.q*v.#"v.......|
0001c2e0  d2 de 04 01 64 01 cd a7  02 2a 76 0e 01 76 06 09  |....d....*v..v..|
0001c2f0  3a 7b 0e 77 3a 78 0e 3c  32 78 0e 4f 3e 7d b9 d2  |:{.w:x.<2x.O>}..|
0001c300  fd 04 01 7c 01 cd a7 02  c9 01 bb 10 11 01 59 11  |...|..........Y.|
0001c310  01 01 01 00 34 01 01 00  00 00 00 c3 af 02 43 4f  |....4.........CO|
0001c320  50 59 52 49 47 48 54 20  44 52 49 20 31 39 37 39  |PYRIGHT DRI 1979|
0001c330  2c 20 4d 54 20 4d 43 4d  4c 58 58 58 49 49 49 1a  |, MT MCMLXXXIII.|
0001c340  11 6e 01 cd 5c 01 11 0d  02 cd 5c 01 cd 50 01 11  |.n..\.....\..P..|
0001c350  2b 02 cd 5c 01 cd 50 01  11 45 02 cd 5c 01 cd 50  |+..\..P..E..\..P|
0001c360  01 11 4a 02 cd 5c 01 c9  16 30 0e e4 cd 68 01 15  |..J..\...0...h..|
0001c370  c2 52 01 c9 1a fe 24 c8  4f cd 68 01 13 c3 5c 01  |.R....$.O.h...\.|
0001c380  2a 01 00 2e 0c e9 1b 53  31 0c 1b 55 34 30 54 52  |*......S1..U40TR|
0001c390  49 55 4d 50 48 20 41 44  4c 45 52 1b 59 20 65 61  |IUMPH ADLER.Y ea|
0001c3a0  6c 70 68 61 74 72 6f 6e  69 63 1b 55 32 30 df 20  |lphatronic.U20. |
0001c3b0  20 20 4f 4f 4f 4f 4f 20  4f 4f df 0d 0a df 20 20  |  OOOOO OO....  |
0001c3c0  20 20 47 27 20 5f 3e 23  40 df 0d 0a df 20 20 5f  |  G' _>#@....  _|
0001c3d0  3e 21 20 47 2f 2c 2c 40  df 0d 0a df 20 20 23 20  |>! G/,,@....  # |
0001c3e0  20 22 21 20 20 20 23 df  1b 59 21 66 df 5f 4f 4f  | "!   #..Y!f._OO|
0001c3f0  30 20 5f 4f 4f df 1b 59  22 66 df 55 35 20 40 20  |0 _OO..Y"f.U5 @ |
0001c400  40 20 2a 25 df 1b 59 23  66 df 55 37 23 21 20 40  |@ *%..Y#f.U7#! @|
0001c410  20 57 34 df 1b 59 25 66  11 01 02 01 00 5c fd 00  | W4..Y%f.....\..|
0001c420  02 00 65 1b 41 df 22 21  20 20 20 22 23 23 df 24  |..e.A."!   "##.$|
0001c430  1b 59 20 30 1b 55 34 30  e0 1b 42 1b 44 e5 1b 42  |.Y 0.U40..B.D..B|
0001c440  1b 44 e8 1b 42 1b 44 e5  1b 42 1b 44 e2 24 e3 1b  |.D..B.D..B.D.$..|
0001c450  41 1b 44 e5 1b 41 1b 44  e9 1b 41 1b 44 e5 1b 41  |A.D..A.D..A.D..A|
0001c460  1b 44 e1 1b 59 20 31 24  1b 59 22 31 24 1b 55 37  |.D..Y 1$.Y"1$.U7|
0001c470  30 1b 59 21 35 53 20 20  59 20 20 53 20 20 43 20  |0.Y!5S  Y  S  C |
0001c480  20 4f 20 20 50 20 20 59  01 05 20 20 00 28 56 65  | O  P  Y..  .(Ve|
0001c490  72 73 69 6f 6e 20 20 36  2e 33 1b 59 23 35 43 6f  |rsion  6.3.Y#5Co|
0001c4a0  70 79 72 69 67 68 74 20  20 62 79 20 20 54 20 41  |pyright  by  T A|
0001c4b0  20 2f 20 44 52 49 01 04  20 20 00 61 32 39 2d 53  | / DRI..  .a29-S|
0001c4c0  65 70 2d 38 33 1b 42 1b  42 0d 0a 24 31 05 07 cd  |ep-83.B.B..$1...|
0001c4d0  28 01 3a 5d 00 fe 20 ca  29 03 11 5c 00 cd 81 04  |(.:].. .)..\....|
0001c4e0  3c c2 d0 02 21 8b 06 cd  21 04 c3 d3 03 af 32 7c  |<...!...!.....2||
0001c4f0  00 0e 10 c5 11 5c 00 cd  7c 04 f5 3e 50 cd 0f 04  |.....\..|..>P...|
0001c500  f1 c1 b7 c2 20 03 0d c2  d6 02 cd 16 04 21 00 09  |.... ........!..|
0001c510  e5 44 4d cd 58 04 11 5c  00 cd 7c 04 f5 11 01 03  |.DM.X..\..|.....|
0001c520  01 00 fd 01 01 00 3e 46  cd 0f 04 f1 e1 b7 ca 19  |......>F........|
0001c530  03 cd 16 04 af 32 c5 06  3d 32 c6 06 c3 7a 03 11  |.....2..=2...z..|
0001c540  80 00 19 c3 f3 02 21 a2  06 cd 21 04 c3 d3 03 21  |......!...!....!|
0001c550  86 05 cd 21 04 cd f4 03  fe 0d c2 42 03 af 32 c5  |...!.......B..2.|
0001c560  06 3d 32 c6 06 c3 7a 03  d6 41 32 bc 06 c6 41 32  |.=2...z..A2...A2|
0001c570  c2 05 d6 41 cd 32 04 cd  23 05 cd 16 04 21 b8 05  |...A.2..#....!..|
0001c580  cd 26 04 cd f4 03 fe 0d  c2 d3 03 cd 16 04 af 32  |.&.............2|
0001c590  c1 06 cd 86 04 21 4b 06  cd 26 04 3e ff 32 c5 06  |.....!K..&.>.2..|
0001c5a0  21 d9 05 cd 21 04 cd f4  03 fe 0d ca d3 03 d6 41  |!...!..........A|
0001c5b0  32 bd 06 c6 41 32 14 06  d6 41 cd 32 04 cd 37 05  |2...A2...A.2..7.|
0001c5c0  3a c5 06 b7 c4 43 05 3a  c6 06 b7 ca b1 03 3a bd  |:....C.:......:.|
0001c5d0  06 32 bc 06 cd 23 05 21  05 06 cd 21 04 cd f4 03  |.2...#.!...!....|
0001c5e0  fe 0d c2 d3 03 cd 16 04  21 c1 06 36 01 cd 86 04  |........!..6....|
0001c5f0  21 4b 06 cd 26 04 c3 7a  03 3e 00 cd 32 04 cd 16  |!K..&..z.>..2...|
0001c600  04 0e 0c cd 68 01 c3 00  00 21 78 06 c3 21 04 6f  |....h....!x..!.o|
0001c610  26 00 29 29 29 29 29 29  29 c9 0e 0a 11 b9 06 d5  |&.))))))).......|
0001c620  cd 05 00 e1 23 7e 11 01  04 01 00 52 01 01 00 b7  |....#~.....R....|
0001c630  3e 0d c8 23 7e fe 61 d8  fe 7b d0 e6 5f c9 5f 0e  |>..#~.a..{.._._.|
0001c640  02 cd 05 00 c9 3e 0d cd  0f 04 3e 0a cd 0f 04 c9  |.....>....>.....|
0001c650  e5 cd 16 04 e1 7e b7 c8  e5 cd 0f 04 e1 23 c3 26  |.....~.......#.&|
0001c660  04 4f 2a 01 00 11 18 00  19 e9 2a 01 00 11 1b 00  |.O*.......*.....|
0001c670  19 e9 11 00 00 2a 01 00  2e 30 cd 57 04 4d 44 2a  |.....*...0.W.MD*|
0001c680  01 00 11 1e 00 19 e9 2a  01 00 11 21 00 19 e9 3e  |.......*...!...>|
0001c690  52 cd 0f 04 2a 01 00 11  24 00 19 e9 c5 3e 57 cd  |R...*...$....>W.|
0001c6a0  0f 04 c1 2a 01 00 11 27  00 19 e9 0e 14 c3 05 00  |...*...'........|
0001c6b0  0e 0f c3 05 00 21 00 09  22 c2 06 3e ff 32 bf 06  |.....!.."..>.2..|
0001c6c0  21 bf 06 34 3a d4 06 be  c2 a2 04 0e 01 cd 74 04  |!..4:.........t.|
0001c6d0  c9 4e cd 3b 04 3e ff 32  c0 06 3a c7 06 21 c0 06  |.N.;.>.2..:..!..|
0001c6e0  34 be ca 0f 05 21 c0 06  5e 16 00 42 4b c5 cd 43  |4....!..^..BK..C|
0001c6f0  04 c1 79 90 cd e9 03 eb  2a c2 06 19 44 4d cd 58  |..y.....*...DM.X|
0001c700  04 af 32 c4 06 3a c4 06  fe 05 da f2 04 21 26 06  |..2..:.......!&.|
0001c710  cd 26 04 cd f4 03 fe 0d  c2 d3 03 cd 16 04 c3 ab  |.&..............|
0001c720  04 3c 32 c4 06 3a c1 06  b7 ca 05 05 0e 02 cd 11  |.<2..:..........|
0001c730  01 05 01 00 c5 01 01 00  6d 04 c3 08 05 cd 60 04  |........m.....`.|
0001c740  b7 ca ab 04 c3 d6 04 cd  16 04 3a c7 06 cd e9 03  |..........:.....|
0001c750  eb 2a c2 06 19 22 c2 06  c3 91 04 3a bc 06 cd 60  |.*...".....:...`|
0001c760  05 11 c7 06 06 0f 7e 12  23 13 05 c2 2e 05 c9 3a  |......~.#......:|
0001c770  bd 06 cd 60 05 11 d6 06  c3 2c 05 11 c7 06 21 d6  |...`.....,....!.|
0001c780  06 06 0f 1a be c2 57 05  23 13 05 c2 4b 05 c9 cd  |......W.#...K...|
0001c790  16 04 21 5d 06 c3 6d 05  4f cd 32 04 7d b4 c2 73  |..!]..m.O.2.}..s|
0001c7a0  05 e1 21 78 06 cd 26 04  c3 d3 03 4e 23 46 11 09  |..!x..&....N#F..|
0001c7b0  00 19 7e 23 66 6f c9 36  2e 33 0d 0a 0a 00 1b 59  |..~#fo.6.3.....Y|
0001c7c0  26 20 1b 4a 53 6f 75 72  63 65 20 44 72 69 76 65  |& .JSource Drive|
0001c7d0  20 4e 61 6d 65 20 20 20  20 20 20 28 6f 72 20 3c  | Name      (or <|
0001c7e0  63 72 3e 20 74 6f 20 73  6b 69 70 20 20 29 20 00  |cr> to skip  ) .|
0001c7f0  53 6f 75 72 63 65 20 6f  6e 20 20 2c 20 20 20 20  |Source on  ,    |
0001c800  20 20 74 68 65 6e 20 74  79 70 65 20 3c 63 72 3e  |  then type <cr>|
0001c810  00 44 65 73 74 69 6e 61  74 69 6f 6e 20 44 72 69  |.Destination Dri|
0001c820  76 65 20 4e 61 6d 65 20  28 6f 72 20 3c 63 72 3e  |ve Name (or <cr>|
0001c830  20 74 6f 20 72 65 62 6f  11 01 06 01 00 95 01 01  | to rebo........|
0001c840  00 6f 74 29 20 00 44 65  73 74 69 6e 61 74 69 6f  |.ot) .Destinatio|
0001c850  6e 20 6f 6e 20 20 2c 20  74 68 65 6e 20 74 79 70  |n on  , then typ|
0001c860  65 20 3c 63 72 3e 00 50  65 72 6d 61 6e 65 6e 74  |e <cr>.Permanent|
0001c870  20 45 72 72 6f 72 2c 20  74 79 70 65 20 3c 63 72  | Error, type <cr|
0001c880  3e 20 74 6f 20 69 67 6e  6f 72 65 00 46 75 6e 63  |> to ignore.Func|
0001c890  74 69 6f 6e 20 63 6f 6d  70 6c 65 74 65 00 50 61  |tion complete.Pa|
0001c8a0  72 61 6d 65 74 65 72 73  20 61 72 65 20 64 69 66  |rameters are dif|
0001c8b0  66 65 72 65 6e 74 20 07  00 49 6e 76 61 6c 69 64  |ferent ..Invalid|
0001c8c0  20 44 72 69 76 65 20 6e  61 6d 65 00 4e 6f 20 53  | Drive name.No S|
0001c8d0  6f 75 72 63 65 20 46 69  6c 65 20 6f 6e 20 44 69  |ource File on Di|
0001c8e0  73 6b 00 53 6f 75 72 63  65 20 46 69 6c 65 20 69  |sk.Source File i|
0001c8f0  6e 63 6f 6d 70 6c 65 74  65 00 01 00 00 90 30 78  |ncomplete.....0x|
0001c900  e6 0f c6 30 fe 3a da 9b  30 c6 07 0c 0d c2 af 30  |...0.:..0......0|
0001c910  fe 30 c8 4f fe 3a da af  30 3e 30 cd af 30 79 e5  |.0.O.:..0>0..0y.|
0001c920  2a c4 30 77 2b 22 c4 30  e1 c9 c1 cd 35 0b 2a c4  |*.0w+".0....5.*.|
0001c930  30 c3 16 30 00 00 4f 77  2b cd e9 0a b9 ca d8 30  |0..0..Ow+......0|
0001c940  fe 11 01 07 01 00 0f 01  01 00 0d ca 1b 31 c3 20  |.............1. |
0001c950  6e 61 6d 65 00 4e 6f 20  53 6f 75 72 63 65 20 46  |name.No Source F|
0001c960  69 6c 65 20 6f 6e 20 44  69 73 6b 00 53 6f 75 72  |ile on Disk.Sour|
0001c970  63 65 20 46 69 6c 65 20  69 6e 63 6f 6d 70 6c 65  |ce File incomple|
0001c980  74 65 00 01 00 00 90 30  78 e6 0f c6 30 fe 3a da  |te.....0x...0.:.|
0001c990  9b 30 c6 07 0c 0d c2 af  30 fe 30 c8 4f fe 3a da  |.0......0.0.O.:.|
0001c9a0  af 30 3e 30 cd af 30 79  e5 2a c4 30 77 2b 22 c4  |.0>0..0y.*.0w+".|
0001c9b0  30 e1 c9 c1 cd 35 0b 2a  c4 30 c3 16 30 00 00 4f  |0....5.*.0..0..O|
0001c9c0  77 2b cd e9 0a b9 ca d8  30 fe cd f4 03 fe 0d ca  |w+......0.......|
0001c9d0  d3 03 d6 41 32 bd 06 c6  41 32 14 06 d6 41 cd 32  |...A2...A2...A.2|
0001c9e0  04 cd 37 05 3a c5 06 b7  c4 43 05 3a c6 06 b7 ca  |..7.:....C.:....|
0001c9f0  b1 03 3a bd 06 32 bc 06  cd 23 05 21 05 06 cd 21  |..:..2...#.!...!|
0001ca00  04 cd f4 03 fe 0d c2 d3  03 cd 16 04 21 c1 06 36  |............!..6|
0001ca10  01 cd 86 04 21 4b 06 cd  26 04 c3 7a 03 3e 00 cd  |....!K..&..z.>..|
0001ca20  32 04 cd 16 04 0e 0c cd  68 01 c3 00 00 21 78 06  |2.......h....!x.|
0001ca30  c3 21 04 6f 26 00 29 29  29 29 29 29 29 c9 0e 0a  |.!.o&.)))))))...|
0001ca40  11 b9 06 d5 cd 05 00 e1  23 7e 11 01 08 01 00 52  |........#~.....R|
0001ca50  01 01 00 b7 3e 0d c8 23  7e fe 61 d8 fe 7b d0 e6  |....>..#~.a..{..|
0001ca60  5f c9 5f 0e 02 cd 05 00  c9 3e 0d cd 0f 04 3e 0a  |_._......>....>.|
0001ca70  cd 0f 04 c9 e5 cd 16 04  e1 7e b7 c8 e5 cd 0f 04  |.........~......|
0001ca80  e1 23 c3 26 04 4f 2a 01  00 11 18 00 19 e9 2a 01  |.#.&.O*.......*.|
0001ca90  00 11 1b 00 19 e9 11 00  00 2a 01 00 2e 30 cd 57  |.........*...0.W|
0001caa0  04 4d 44 2a 01 00 11 1e  00 19 e9 2a 01 00 11 21  |.MD*.......*...!|
0001cab0  00 19 e9 3e 52 cd 0f 04  2a 01 00 11 24 00 19 e9  |...>R...*...$...|
0001cac0  c5 3e 57 cd 0f 04 c1 2a  01 00 11 27 00 19 e9 0e  |.>W....*...'....|
0001cad0  14 c3 05 00 0e 0f c3 05  00 21 00 09 22 c2 06 3e  |.........!.."..>|
0001cae0  ff 32 bf 06 21 bf 06 34  3a d4 06 be c2 a2 04 0e  |.2..!..4:.......|
0001caf0  01 cd 74 04 c9 4e cd 3b  04 3e ff 32 c0 06 3a c7  |..t..N.;.>.2..:.|
0001cb00  06 21 c0 06 34 be ca 0f  05 21 c0 06 5e 16 00 42  |.!..4....!..^..B|
0001cb10  4b c5 cd 43 04 c1 79 90  cd e9 03 eb 2a c2 06 19  |K..C..y.....*...|
0001cb20  44 4d cd 58 04 af 32 c4  06 3a c4 06 fe 05 da f2  |DM.X..2..:......|
0001cb30  04 21 26 06 cd 26 04 cd  f4 03 fe 0d c2 d3 03 cd  |.!&..&..........|
0001cb40  16 04 c3 ab 04 3c 32 c4  06 3a c1 06 b7 ca 05 05  |.....<2..:......|
0001cb50  0e 02 cd 11 01 09 01 00  87 01 01 00 00 00 00 c3  |................|
0001cb60  7b 02 43 4f 50 59 52 49  47 48 54 20 28 43 29 20  |{.COPYRIGHT (C) |
0001cb70  31 39 37 38 2c 20 44 49  47 49 54 41 4c 20 52 45  |1978, DIGITAL RE|
0001cb80  53 45 41 52 43 48 20 02  40 01 02 03 04 05 06 07  |SEARCH .@.......|
0001cb90  08 09 0a 0b 0c 0d 0e 0f  10 11 12 13 14 15 16 17  |................|
0001cba0  18 19 1a 1b 1c 1d 1e 1f  20 21 22 23 24 25 26 27  |........ !"#$%&'|
0001cbb0  28 29 2a 2b 2c 2d 2e 2f  30 31 32 33 34 35 36 37  |()*+,-./01234567|
0001cbc0  38 39 3a 3b 3c 3d 3e 3f  40 6f 26 00 29 29 29 29  |89:;<=>?@o&.))))|
0001cbd0  29 29 29 c9 0e 01 cd 05  00 fe 61 d8 fe 7b d0 e6  |))).......a..{..|
0001cbe0  5f c9 5f 0e 02 cd 05 00  c9 3e 0d cd 86 01 3e 0a  |_._......>....>.|
0001cbf0  cd 86 01 c9 e5 cd 8d 01  e1 7e b7 c8 e5 cd 86 01  |.........~......|
0001cc00  e1 23 c3 9d 01 4f 2a 01  00 11 18 00 19 e9 2a 01  |.#...O*.......*.|
0001cc10  00 11 1b 00 19 e9 2a 01  00 11 1e 00 19 e9 2a 01  |......*.......*.|
0001cc20  00 11 21 00 19 e9 2a 01  00 11 24 00 19 e9 2a 01  |..!...*...$...*.|
0001cc30  00 11 27 00 19 e9 0e 14  c3 05 00 0e 0f c3 05 00  |..'.............|
0001cc40  21 00 09 22 ad 04 3e ff  32 aa 04 21 aa 04 34 3a  |!.."..>.2..!..4:|
0001cc50  2b 01 be ca 7a 02 4e cd  b2 01 3e ff 11 01 0a 01  |+...z.N...>.....|
0001cc60  00 b3 01 01 00 32 ab 04  3a 2c 01 21 ab 04 34 be  |.....2..:,.!..4.|
0001cc70  ca 69 02 21 ab 04 5e 16  00 21 2d 01 46 19 4e c5  |.i.!..^..!-.F.N.|
0001cc80  cd ba 01 c1 79 90 cd 6d  01 eb 2a ad 04 19 44 4d  |....y..m..*...DM|
0001cc90  cd c2 01 af 32 af 04 3a  af 04 fe 0a da 4e 02 21  |....2..:.....N.!|
0001cca0  1b 04 cd 9d 01 cd 78 01  fe 0d c2 66 03 cd 8d 01  |......x....f....|
0001ccb0  c3 03 02 3c 32 af 04 3a  ac 04 b7 ca 5f 02 cd d2  |...<2..:...._...|
0001ccc0  01 c3 62 02 cd ca 01 b7  ca 03 02 c3 32 02 3a 2c  |..b.........2.:,|
0001ccd0  01 cd 6d 01 eb 2a ad 04  19 22 ad 04 c3 ef 01 c9  |..m..*..."......|
0001cce0  31 d0 04 21 78 03 cd 9d  01 3a 5d 00 fe 20 ca d9  |1..!x....:].. ..|
0001ccf0  02 11 5c 00 cd df 01 3c  c2 9f 02 21 7b 04 cd 98  |..\....<...!{...|
0001cd00  01 c3 66 03 af 32 7c 00  0e 10 c5 11 5c 00 cd da  |..f..2|.....\...|
0001cd10  01 c1 b7 c2 d0 02 0d c2  a5 02 21 00 09 e5 44 4d  |..........!...DM|
0001cd20  cd c2 01 11 5c 00 cd da  01 e1 b7 c2 1f 03 11 80  |....\...........|
0001cd30  00 19 c3 b8 02 21 92 04  cd 98 01 c3 66 03 21 87  |.....!......f.!.|
0001cd40  03 cd 98 01 cd 78 01 fe  0d ca 1f 03 d6 41 fe 04  |.....x.......A..|
0001cd50  da f4 02 cd 71 03 c3 d9  02 c6 41 32 b7 03 d6 41  |....q.....A2...A|
0001cd60  cd a9 01 cd 8d 11 01 0b  01 00 b9 01 01 00 01 21  |...............!|
0001cd70  ad 03 cd 9d 01 cd 78 01  fe 0d c2 66 03 cd 8d 01  |......x....f....|
0001cd80  af 32 ac 04 cd e4 01 21  42 04 cd 9d 01 21 cb 03  |.2.....!B....!..|
0001cd90  cd 98 01 cd 78 01 fe 0d  ca 66 03 d6 41 fe 04 da  |....x....f..A...|
0001cda0  3a 03 cd 71 03 c3 1f 03  c6 41 32 07 04 d6 41 cd  |:..q.....A2...A.|
0001cdb0  a9 01 21 f8 03 cd 98 01  cd 78 01 fe 0d c2 66 03  |..!......x....f.|
0001cdc0  cd 8d 01 21 ac 04 36 01  cd e4 01 21 42 04 cd 9d  |...!..6....!B...|
0001cdd0  01 c3 1f 03 3e 00 cd a9  01 cd 8d 01 c3 00 00 21  |....>..........!|
0001cde0  54 04 cd 98 01 c9 53 59  53 47 45 4e 20 56 45 52  |T.....SYSGEN VER|
0001cdf0  20 32 2e 30 00 53 4f 55  52 43 45 20 44 52 49 56  | 2.0.SOURCE DRIV|
0001ce00  45 20 4e 41 4d 45 20 28  4f 52 20 52 45 54 55 52  |E NAME (OR RETUR|
0001ce10  4e 20 54 4f 20 53 4b 49  50 29 00 53 4f 55 52 43  |N TO SKIP).SOURC|
0001ce20  45 20 4f 4e 20 eb 2c 20  54 48 45 4e 20 54 59 50  |E ON ., THEN TYP|
0001ce30  45 20 52 45 54 55 52 4e  00 44 45 53 54 49 4e 41  |E RETURN.DESTINA|
0001ce40  54 49 4f 4e 20 44 52 49  56 45 20 4e 41 4d 45 20  |TION DRIVE NAME |
0001ce50  28 4f 52 20 52 45 54 55  52 4e 20 54 4f 20 52 45  |(OR RETURN TO RE|
0001ce60  42 4f 4f 54 29 00 44 45  53 54 49 4e 41 54 11 01  |BOOT).DESTINAT..|
0001ce70  0c 01 00 f0 01 01 00 49  4f 4e 20 4f 4e 20 3c 2c  |.......ION ON <,|
0001ce80  20 54 48 45 4e 20 54 59  50 45 20 52 45 54 55 52  | THEN TYPE RETUR|
0001ce90  4e 00 50 45 52 4d 41 4e  45 4e 54 20 45 52 52 4f  |N.PERMANENT ERRO|
0001cea0  52 2c 20 54 59 50 45 20  52 45 54 55 52 4e 20 54  |R, TYPE RETURN T|
0001ceb0  4f 20 49 47 4e 4f 52 45  00 46 55 4e 43 54 49 4f  |O IGNORE.FUNCTIO|
0001cec0  4e 20 43 4f 4d 50 4c 45  54 45 00 49 4e 56 41 4c  |N COMPLETE.INVAL|
0001ced0  49 44 20 44 52 49 56 45  20 4e 41 4d 45 20 28 55  |ID DRIVE NAME (U|
0001cee0  53 45 20 41 2c 20 42 2c  20 43 2c 20 4f 52 20 44  |SE A, B, C, OR D|
0001cef0  29 00 4e 4f 20 53 4f 55  52 43 45 20 46 49 4c 45  |).NO SOURCE FILE|
0001cf00  20 4f 4e 20 44 49 53 4b  00 53 4f 55 52 43 45 20  | ON DISK.SOURCE |
0001cf10  46 49 4c 45 20 49 4e 43  4f 4d 50 4c 45 54 45 00  |FILE INCOMPLETE.|
0001cf20  2b 7e fe 07 d2 7a 2e 04  c3 5e 2e 3c c9 2a 75 3a  |+~...z...^.<.*u:|
0001cf30  e5 cd 54 0b f5 cd 26 2e  c2 c0 2e 47 f1 e1 f5 7e  |..T...&....G...~|
0001cf40  23 fe 20 ca a5 2e fe 45  54 45 00 49 4e 56 41 4c  |#. ....ETE.INVAL|
0001cf50  49 44 20 44 52 49 56 45  20 4e 41 4d 45 20 28 55  |ID DRIVE NAME (U|
0001cf60  53 45 20 41 2c 20 42 2c  20 43 2c 20 4f 52 20 44  |SE A, B, C, OR D|
0001cf70  29 00 4e 4f 20 53 4f 11  01 0d 01 00 76 05 00 01  |).NO SO.....v...|
0001cf80  80 00 e5 e5 11 01 0e 01  00 76 05 00 01 80 00 e5  |.........v......|
0001cf90  e5 11 01 0f 01 00 76 05  00 01 80 00 e5 e5 11 01  |......v.........|
0001cfa0  10 01 00 76 05 00 01 80  00 e5 e5 10 12 00 55 12  |...v..........U.|
0001cfb0  00 01 01 00 23 77 00 02  00 6c 00 00 00 21 80 00  |....#w...l...!..|
0001cfc0  7e b7 ca 63 01 23 23 7e  0e 30 fe 34 ca 1b 01 0c  |~..c.##~.0.4....|
0001cfd0  fe 38 c2 63 01 79 32 27  01 11 25 01 c3 66 01 1b  |.8.c.y2'..%..f..|
0001cfe0  53 1b 24 0a 43 6f 6d 6d  61 6e 64 20 20 65 72 72  |S.$.Command  err|
0001cff0  6f 72 20 20 21 0d 0a 0a  53 79 6e 74 61 78 20 20  |or  !...Syntax  |
0001d000  3a 20 20 20 57 49 44 54  48 20 34 30 20 20 6f 72  |:   WIDTH 40  or|
0001d010  20 20 57 49 44 54 48 20  38 30 0d 0a 24 11 29 01  |  WIDTH 80..$.).|
0001d020  0e 09 cd 05 00 c9 01 0a  00 00 01 40 e5 e5 12 00  |...........@....|
0001d030  02 01 00 76 05 00 01 80  00 e5 e5 12 00 03 01 00  |...v............|
0001d040  76 05 00 01 80 00 e5 e5  12 00 04 01 00 76 05 00  |v............v..|
0001d050  01 80 00 e5 e5 12 00 05  01 00 76 05 00 01 80 00  |..........v.....|
0001d060  e5 e5 12 00 06 01 00 76  05 00 01 80 00 e5 e5 12  |.......v........|
0001d070  00 07 01 00 76 05 00 01  80 00 e5 e5 12 00 08 01  |....v...........|
0001d080  00 76 05 00 01 80 00 e5  e5 12 00 09 01 00 27 01  |.v............'.|
0001d090  01 00 01 bc 01 c3 57 01  20 45 78 74 65 6e 64 65  |......W. Extende|
0001d0a0  64 20 53 75 62 6d 69 74  20 56 65 72 73 20 32 2e  |d Submit Vers 2.|
0001d0b0  30 58 73 75 62 20 41 6c  72 65 61 64 79 20 50 72  |0Xsub Already Pr|
0001d0c0  65 73 65 6e 74 24 52 65  71 75 69 72 65 73 20 43  |esent$Requires C|
0001d0d0  50 2f 4d 20 56 65 72 73  69 6f 6e 20 32 2e 30 20  |P/M Version 2.0 |
0001d0e0  6f 72 20 6c 61 74 65 72  24 c5 3a 06 00 fe 06 c2  |or later$.:.....|
0001d0f0  79 01 2a 06 00 23 23 23  11 db 01 0e 04 1a be c2  |y.*..###........|
0001d100  83 01 23 13 0d ca 79 01  c3 6b 01 0e 09 11 1f 01  |..#...y..k......|
0001d110  cd 05 00 c1 c9 0e 0c cd  05 00 fe 20 d2 97 01 0e  |........... ....|
0001d120  09 11 34 01 cd 05 00 c1  c9 21 07 00 7e 3d d6 08  |..4......!..~=..|
0001d130  c1 c5 90 57 1e 00 d5 21  00 02 78 b1 ca b5 01 0b  |...W...!..x.....|
0001d140  7e 12 13 23 c3 a8 01 d1  c1 e5 62 78 b1 ca d7 01  |~..#......bx....|
0001d150  0b 7b e6 07 c2 ca 01 e3  7e 23 e3 6f 7d 17 6f d2  |.{......~#.o}.o.|
0001d160  d3 01 1a 84 12 13 c3 b9  01 d1 2e 00 e9 78 73 75  |.............xsu|
0001d170  62 62 05 00 c9 21 6e 1e  70 2b 71 2a 6d 1e eb 0e  |bb...!n.p+q*m...|
0001d180  16 cd 05 00 32 5f 1e c9  21 70 1e 70 2b 71 2a 6f  |....2_..!p.p+q*o|
0001d190  1e eb 12 00 0a 01 00 b0  01 01 00 c3 0d 00 05 00  |................|
0001d1a0  c9 c3 5d 00 78 73 75 62  2a 01 00 22 2d 00 21 2f  |..].xsub*.."-.!/|
0001d1b0  00 22 01 00 2a 06 00 22  2b 00 21 06 00 22 06 00  |."..*.."+.!.."..|
0001d1c0  e1 22 bc 01 e9 c3 00 00  00 c9 31 de 01 0e 09 11  |."........1.....|
0001d1d0  4d 00 cd 2a 00 21 80 00  22 ba 01 cd 81 00 21 06  |M..*.!..".....!.|
0001d1e0  00 22 06 00 2a bc 01 e9  0d 0a 28 78 73 75 62 20  |."..*.....(xsub |
0001d1f0  61 63 74 69 76 65 29 24  e1 e5 7c fe ff d2 2a 00  |active)$..|...*.|
0001d200  79 fe 0a ca a5 00 fe 1a  c2 2a 00 eb 22 ba 01 eb  |y........*.."...|
0001d210  c3 2a 00 0e 1a 11 37 01  cd 2a 00 c9 0e 1a 2a ba  |.*....7..*....*.|
0001d220  01 eb cd 2a 00 c9 c5 d5  cd 78 00 d1 c1 cd 2a 00  |...*.....x....*.|
0001d230  f5 cd 81 00 f1 c9 0e 0f  11 16 01 cd 8b 00 3c c9  |..............<.|
0001d240  d5 cd 9b 00 d1 0e 0a ca  0d 01 d5 3a 25 01 b7 ca  |...........:%...|
0001d250  2a 00 3d 32 36 01 0e 14  11 16 01 cd 8b 00 21 37  |*.=26.........!7|
0001d260  01 5e 16 00 19 23 36 0d  23 36 0a 23 36 24 0e 09  |.^...#6.#6.#6$..|
0001d270  11 38 01 cd 2a 00 e1 11  37 01 1a be da e6 00 7e  |.8..*...7......~|
0001d280  12 4f 0c 23 1a 77 23 13  0d c2 e9 00 0e 10 11 16  |.O.#.w#.........|
0001d290  01 21 0e 00 19 36 00 3a  36 01 3d 12 00 0b 01 00  |.!...6.:6.=.....|
0001d2a0  a0 e9 00 02 00 df 32 25  01 b7 c2 09 01 0e 13 cd  |......2%........|
0001d2b0  8b 00 c9 2a 2d 00 22 01  00 c3 2a 00 01 24 24 24  |...*-."...*..$$$|
0001d2c0  20 20 20 20 20 53 55 42  00 00 00 71 d5 3a 28 1f  |     SUB...q.:(.|
0001d2d0  3d 32 28 1f fe ff ca 4e  0a 2a 24 1f e5 2a 26 1f  |=2(....N.*$..*&.|
0001d2e0  c1 0a 77 2a 24 1f 23 22  24 1f 2a 26 1f 23 22 26  |..w*$.#"$.*&.#"&|
0001d2f0  1f c3 27 0a c9 21 00 00  22 4e 1e 2a b4 1d 4d cd  |..'..!.."N.*..M.|
0001d300  5e 08 cd 37 09 21 29 1f  36 00 3a ac 1d 21 29 1f  |^..7.!).6.:..!).|
0001d310  be da be 0a 2a 4e 1e eb  2a b2 1d 19 44 4d cd 86  |....*N..*...DM..|
0001d320  09 01 b7 1d cd c3 08 32  2a 1f fe 00 ca ad 0a 3a  |.......2*......:|
0001d330  2a 1f fe 01 ca 97 0a 01  94 02 cd af 09 2a 4e 1e  |*............*N.|
0001d340  22 50 1e eb 2a b2 1d 19  36 1a 3a ac 1d 32 29 1f  |"P..*...6.:..2).|
0001d350  c3 b7 0a 11 80 00 2a 4e  1e 19 22 4e 1e 21 29 1f  |......*N.."N.!).|
0001d360  80 00 20 80 24 02 40 80  42 41 24 10 00 00 08 21  |.. .$.@.BA$....!|
0001d370  11 09 04 41 08 81 20 82  22 21 24 00 01 22 10 00  |...A.. ."!$.."..|
0001d380  84 02 22 11 04 01 10 00  00 00 01 00 12 00 0c 01  |..".............|
0001d390  00 76 05 00 01 80 00 e5  e5 12 00 0d 01 00 76 05  |.v............v.|
0001d3a0  00 01 80 00 e5 e5 12 00  0e 01 00 76 05 00 01 80  |...........v....|
0001d3b0  00 e5 e5 12 00 0f 01 00  76 05 00 01 80 00 e5 e5  |........v.......|
0001d3c0  12 00 10 01 00 76 05 00  01 80 00 e5 e5 10 12 01  |.....v..........|
0001d3d0  c2 12 01 01 01 00 76 05  00 01 80 00 e5 e5 12 01  |......v.........|
0001d3e0  02 01 00 76 05 00 01 80  00 e5 e5 12 01 03 01 00  |...v............|
0001d3f0  76 05 00 01 80 00 e5 e5  12 01 04 01 00 76 05 00  |v............v..|
0001d400  01 80 00 e5 e5 12 01 05  01 00 76 05 00 01 80 00  |..........v.....|
0001d410  e5 e5 12 01 06 01 00 76  05 00 01 80 00 e5 e5 12  |.......v........|
0001d420  01 07 01 00 76 05 00 01  80 00 e5 e5 12 01 08 01  |....v...........|
0001d430  00 76 05 00 01 80 00 e5  e5 12 01 09 01 00 76 05  |.v............v.|
0001d440  00 01 80 00 e5 e5 12 01  0a 01 00 76 05 00 01 80  |...........v....|
0001d450  00 e5 e5 12 01 0b 01 00  76 05 00 01 80 00 e5 e5  |........v.......|
0001d460  12 01 0c 01 00 76 05 00  01 80 00 e5 e5 12 01 0d  |.....v..........|
0001d470  01 00 76 05 00 01 80 00  e5 e5 12 01 0e 01 00 76  |..v............v|
0001d480  05 00 01 80 00 e5 e5 12  01 0f 01 00 76 05 00 01  |............v...|
0001d490  80 00 e5 e5 12 01 10 01  00 76 05 00 01 80 00 e5  |.........v......|
0001d4a0  e5 10 13 00 dc 13 00 01  01 00 76 05 00 01 80 00  |..........v.....|
0001d4b0  e5 e5 13 00 02 01 00 76  05 00 01 80 00 e5 e5 13  |.......v........|
0001d4c0  00 03 01 00 76 05 00 01  80 00 e5 e5 13 00 04 01  |....v...........|
0001d4d0  00 76 05 00 01 80 00 e5  e5 13 00 05 01 00 76 05  |.v............v.|
0001d4e0  00 01 80 00 e5 e5 13 00  06 01 00 76 05 00 01 80  |...........v....|
0001d4f0  00 e5 e5 13 00 07 01 00  76 05 00 01 80 00 e5 e5  |........v.......|
0001d500  13 00 08 01 00 76 05 00  01 80 00 e5 e5 13 00 09  |.....v..........|
0001d510  01 00 76 05 00 01 80 00  e5 e5 13 00 0a 01 00 76  |..v............v|
0001d520  05 00 01 80 00 e5 e5 13  00 0b 01 00 76 05 00 01  |............v...|
0001d530  80 00 e5 e5 13 00 0c 01  00 76 05 00 01 80 00 e5  |.........v......|
0001d540  e5 13 00 0d 01 00 76 05  00 01 80 00 e5 e5 13 00  |......v.........|
0001d550  0e 01 00 76 05 00 01 80  00 e5 e5 13 00 0f 01 00  |...v............|
0001d560  76 05 00 01 80 00 e5 e5  13 00 10 01 00 76 05 00  |v............v..|
0001d570  01 80 00 e5 e5 10 13 01  4b 13 01 01 01 00 76 05  |........K.....v.|
0001d580  00 01 80 00 e5 e5 13 01  02 01 00 76 05 00 01 80  |...........v....|
0001d590  00 e5 e5 13 01 03 01 00  76 05 00 01 80 00 e5 e5  |........v.......|
0001d5a0  13 01 04 01 00 76 05 00  01 80 00 e5 e5 13 01 05  |.....v..........|
0001d5b0  01 00 76 05 00 01 80 00  e5 e5 13 01 06 01 00 76  |..v............v|
0001d5c0  05 00 01 80 00 e5 e5 13  01 07 01 00 76 05 00 01  |............v...|
0001d5d0  80 00 e5 e5 13 01 08 01  00 76 05 00 01 80 00 e5  |.........v......|
0001d5e0  e5 13 01 09 01 00 76 05  00 01 80 00 e5 e5 13 01  |......v.........|
0001d5f0  0a 01 00 76 05 00 01 80  00 e5 e5 13 01 0b 01 00  |...v............|
0001d600  76 05 00 01 80 00 e5 e5  13 01 0c 01 00 76 05 00  |v............v..|
0001d610  01 80 00 e5 e5 13 01 0d  01 00 76 05 00 01 80 00  |..........v.....|
0001d620  e5 e5 13 01 0e 01 00 76  05 00 01 80 00 e5 e5 13  |.......v........|
0001d630  01 0f 01 00 76 05 00 01  80 00 e5 e5 13 01 10 01  |....v...........|
0001d640  00 76 05 00 01 80 00 e5  e5 10 14 00 63 14 00 01  |.v..........c...|
0001d650  01 00 76 05 00 01 80 00  e5 e5 14 00 02 01 00 76  |..v............v|
0001d660  05 00 01 80 00 e5 e5 14  00 03 01 00 76 05 00 01  |............v...|
0001d670  80 00 e5 e5 14 00 04 01  00 76 05 00 01 80 00 e5  |.........v......|
0001d680  e5 14 00 05 01 00 76 05  00 01 80 00 e5 e5 14 00  |......v.........|
0001d690  06 01 00 76 05 00 01 80  00 e5 e5 14 00 07 01 00  |...v............|
0001d6a0  76 05 00 01 80 00 e5 e5  14 00 08 01 00 76 05 00  |v............v..|
0001d6b0  01 80 00 e5 e5 14 00 09  01 00 76 05 00 01 80 00  |..........v.....|
0001d6c0  e5 e5 14 00 0a 01 00 76  05 00 01 80 00 e5 e5 14  |.......v........|
0001d6d0  00 0b 01 00 76 05 00 01  80 00 e5 e5 14 00 0c 01  |....v...........|
0001d6e0  00 76 05 00 01 80 00 e5  e5 14 00 0d 01 00 76 05  |.v............v.|
0001d6f0  00 01 80 00 e5 e5 14 00  0e 01 00 76 05 00 01 80  |...........v....|
0001d700  00 e5 e5 14 00 0f 01 00  76 05 00 01 80 00 e5 e5  |........v.......|
0001d710  14 00 10 01 00 76 05 00  01 80 00 e5 e5 10 14 01  |.....v..........|
0001d720  f4 14 01 01 01 00 76 05  00 01 80 00 e5 e5 14 01  |......v.........|
0001d730  02 01 00 76 05 00 01 80  00 e5 e5 14 01 03 01 00  |...v............|
0001d740  76 05 00 01 80 00 e5 e5  14 01 04 01 00 76 05 00  |v............v..|
0001d750  01 80 00 e5 e5 14 01 05  01 00 76 05 00 01 80 00  |..........v.....|
0001d760  e5 e5 14 01 06 01 00 76  05 00 01 80 00 e5 e5 14  |.......v........|
0001d770  01 07 01 00 76 05 00 01  80 00 e5 e5 14 01 08 01  |....v...........|
0001d780  00 76 05 00 01 80 00 e5  e5 14 01 09 01 00 76 05  |.v............v.|
0001d790  00 01 80 00 e5 e5 14 01  0a 01 00 76 05 00 01 80  |...........v....|
0001d7a0  00 e5 e5 14 01 0b 01 00  76 05 00 01 80 00 e5 e5  |........v.......|
0001d7b0  14 01 0c 01 00 76 05 00  01 80 00 e5 e5 14 01 0d  |.....v..........|
0001d7c0  01 00 76 05 00 01 80 00  e5 e5 14 01 0e 01 00 76  |..v............v|
0001d7d0  05 00 01 80 00 e5 e5 14  01 0f 01 00 76 05 00 01  |............v...|
0001d7e0  80 00 e5 e5 14 01 10 01  00 76 05 00 01 80 00 e5  |.........v......|
0001d7f0  e5 10 15 00 ea 15 00 01  01 00 76 05 00 01 80 00  |..........v.....|
0001d800  e5 e5 15 00 02 01 00 76  05 00 01 80 00 e5 e5 15  |.......v........|
0001d810  00 03 01 00 76 05 00 01  80 00 e5 e5 15 00 04 01  |....v...........|
0001d820  00 76 05 00 01 80 00 e5  e5 15 00 05 01 00 76 05  |.v............v.|
0001d830  00 01 80 00 e5 e5 15 00  06 01 00 76 05 00 01 80  |...........v....|
0001d840  00 e5 e5 15 00 07 01 00  76 05 00 01 80 00 e5 e5  |........v.......|
0001d850  15 00 08 01 00 76 05 00  01 80 00 e5 e5 15 00 09  |.....v..........|
0001d860  01 00 76 05 00 01 80 00  e5 e5 15 00 0a 01 00 76  |..v............v|
0001d870  05 00 01 80 00 e5 e5 15  00 0b 01 00 76 05 00 01  |............v...|
0001d880  80 00 e5 e5 15 00 0c 01  00 76 05 00 01 80 00 e5  |.........v......|
0001d890  e5 15 00 0d 01 00 76 05  00 01 80 00 e5 e5 15 00  |......v.........|
0001d8a0  0e 01 00 76 05 00 01 80  00 e5 e5 15 00 0f 01 00  |...v............|
0001d8b0  76 05 00 01 80 00 e5 e5  15 00 10 01 00 76 05 00  |v............v..|
0001d8c0  01 80 00 e5 e5 10 15 01  7d 15 01 01 01 00 76 05  |........}.....v.|
0001d8d0  00 01 80 00 e5 e5 15 01  02 01 00 76 05 00 01 80  |...........v....|
0001d8e0  00 e5 e5 15 01 03 01 00  76 05 00 01 80 00 e5 e5  |........v.......|
0001d8f0  15 01 04 01 00 76 05 00  01 80 00 e5 e5 15 01 05  |.....v..........|
0001d900  01 00 76 05 00 01 80 00  e5 e5 15 01 06 01 00 76  |..v............v|
0001d910  05 00 01 80 00 e5 e5 15  01 07 01 00 76 05 00 01  |............v...|
0001d920  80 00 e5 e5 15 01 08 01  00 76 05 00 01 80 00 e5  |.........v......|
0001d930  e5 15 01 09 01 00 76 05  00 01 80 00 e5 e5 15 01  |......v.........|
0001d940  0a 01 00 76 05 00 01 80  00 e5 e5 15 01 0b 01 00  |...v............|
0001d950  76 05 00 01 80 00 e5 e5  15 01 0c 01 00 76 05 00  |v............v..|
0001d960  01 80 00 e5 e5 15 01 0d  01 00 76 05 00 01 80 00  |..........v.....|
0001d970  e5 e5 15 01 0e 01 00 76  05 00 01 80 00 e5 e5 15  |.......v........|
0001d980  01 0f 01 00 76 05 00 01  80 00 e5 e5 15 01 10 01  |....v...........|
0001d990  00 76 05 00 01 80 00 e5  e5 10 16 00 71 16 00 01  |.v..........q...|
0001d9a0  01 00 76 05 00 01 80 00  e5 e5 16 00 02 01 00 76  |..v............v|
0001d9b0  05 00 01 80 00 e5 e5 16  00 03 01 00 76 05 00 01  |............v...|
0001d9c0  80 00 e5 e5 16 00 04 01  00 76 05 00 01 80 00 e5  |.........v......|
0001d9d0  e5 16 00 05 01 00 76 05  00 01 80 00 e5 e5 16 00  |......v.........|
0001d9e0  06 01 00 76 05 00 01 80  00 e5 e5 16 00 07 01 00  |...v............|
0001d9f0  76 05 00 01 80 00 e5 e5  16 00 08 01 00 76 05 00  |v............v..|
0001da00  01 80 00 e5 e5 16 00 09  01 00 76 05 00 01 80 00  |..........v.....|
0001da10  e5 e5 16 00 0a 01 00 76  05 00 01 80 00 e5 e5 16  |.......v........|
0001da20  00 0b 01 00 76 05 00 01  80 00 e5 e5 16 00 0c 01  |....v...........|
0001da30  00 76 05 00 01 80 00 e5  e5 16 00 0d 01 00 76 05  |.v............v.|
0001da40  00 01 80 00 e5 e5 16 00  0e 01 00 76 05 00 01 80  |...........v....|
0001da50  00 e5 e5 16 00 0f 01 00  76 05 00 01 80 00 e5 e5  |........v.......|
0001da60  16 00 10 01 00 76 05 00  01 80 00 e5 e5 10 16 01  |.....v..........|
0001da70  e6 16 01 01 01 00 76 05  00 01 80 00 e5 e5 16 01  |......v.........|
0001da80  02 01 00 76 05 00 01 80  00 e5 e5 16 01 03 01 00  |...v............|
0001da90  76 05 00 01 80 00 e5 e5  16 01 04 01 00 76 05 00  |v............v..|
0001daa0  01 80 00 e5 e5 16 01 05  01 00 76 05 00 01 80 00  |..........v.....|
0001dab0  e5 e5 16 01 06 01 00 76  05 00 01 80 00 e5 e5 16  |.......v........|
0001dac0  01 07 01 00 76 05 00 01  80 00 e5 e5 16 01 08 01  |....v...........|
0001dad0  00 76 05 00 01 80 00 e5  e5 16 01 09 01 00 76 05  |.v............v.|
0001dae0  00 01 80 00 e5 e5 16 01  0a 01 00 76 05 00 01 80  |...........v....|
0001daf0  00 e5 e5 16 01 0b 01 00  76 05 00 01 80 00 e5 e5  |........v.......|
0001db00  16 01 0c 01 00 76 05 00  01 80 00 e5 e5 16 01 0d  |.....v..........|
0001db10  01 00 76 05 00 01 80 00  e5 e5 16 01 0e 01 00 76  |..v............v|
0001db20  05 00 01 80 00 e5 e5 16  01 0f 01 00 76 05 00 01  |............v...|
0001db30  80 00 e5 e5 16 01 10 01  00 76 05 00 01 80 00 e5  |.........v......|
0001db40  e5 10 17 00 f8 17 00 01  01 00 76 05 00 01 80 00  |..........v.....|
0001db50  e5 e5 17 00 02 01 00 76  05 00 01 80 00 e5 e5 17  |.......v........|
0001db60  00 03 01 00 76 05 00 01  80 00 e5 e5 17 00 04 01  |....v...........|
0001db70  00 76 05 00 01 80 00 e5  e5 17 00 05 01 00 76 05  |.v............v.|
0001db80  00 01 80 00 e5 e5 17 00  06 01 00 76 05 00 01 80  |...........v....|
0001db90  00 e5 e5 17 00 07 01 00  76 05 00 01 80 00 e5 e5  |........v.......|
0001dba0  17 00 08 01 00 76 05 00  01 80 00 e5 e5 17 00 09  |.....v..........|
0001dbb0  01 00 76 05 00 01 80 00  e5 e5 17 00 0a 01 00 76  |..v............v|
0001dbc0  05 00 01 80 00 e5 e5 17  00 0b 01 00 76 05 00 01  |............v...|
0001dbd0  80 00 e5 e5 17 00 0c 01  00 76 05 00 01 80 00 e5  |.........v......|
0001dbe0  e5 17 00 0d 01 00 76 05  00 01 80 00 e5 e5 17 00  |......v.........|
0001dbf0  0e 01 00 76 05 00 01 80  00 e5 e5 17 00 0f 01 00  |...v............|
0001dc00  76 05 00 01 80 00 e5 e5  17 00 10 01 00 76 05 00  |v............v..|
0001dc10  01 80 00 e5 e5 10 17 01  6f 17 01 01 01 00 76 05  |........o.....v.|
0001dc20  00 01 80 00 e5 e5 17 01  02 01 00 76 05 00 01 80  |...........v....|
0001dc30  00 e5 e5 17 01 03 01 00  76 05 00 01 80 00 e5 e5  |........v.......|
0001dc40  17 01 04 01 00 76 05 00  01 80 00 e5 e5 17 01 05  |.....v..........|
0001dc50  01 00 76 05 00 01 80 00  e5 e5 17 01 06 01 00 76  |..v............v|
0001dc60  05 00 01 80 00 e5 e5 17  01 07 01 00 76 05 00 01  |............v...|
0001dc70  80 00 e5 e5 17 01 08 01  00 76 05 00 01 80 00 e5  |.........v......|
0001dc80  e5 17 01 09 01 00 76 05  00 01 80 00 e5 e5 17 01  |......v.........|
0001dc90  0a 01 00 76 05 00 01 80  00 e5 e5 17 01 0b 01 00  |...v............|
0001dca0  76 05 00 01 80 00 e5 e5  17 01 0c 01 00 76 05 00  |v............v..|
0001dcb0  01 80 00 e5 e5 17 01 0d  01 00 76 05 00 01 80 00  |..........v.....|
0001dcc0  e5 e5 17 01 0e 01 00 76  05 00 01 80 00 e5 e5 17  |.......v........|
0001dcd0  01 0f 01 00 76 05 00 01  80 00 e5 e5 17 01 10 01  |....v...........|
0001dce0  00 76 05 00 01 80 00 e5  e5 10 18 00 0f 18 00 01  |.v..............|
0001dcf0  01 00 76 05 00 01 80 00  e5 e5 18 00 02 01 00 76  |..v............v|
0001dd00  05 00 01 80 00 e5 e5 18  00 03 01 00 76 05 00 01  |............v...|
0001dd10  80 00 e5 e5 18 00 04 01  00 76 05 00 01 80 00 e5  |.........v......|
0001dd20  e5 18 00 05 01 00 76 05  00 01 80 00 e5 e5 18 00  |......v.........|
0001dd30  06 01 00 76 05 00 01 80  00 e5 e5 18 00 07 01 00  |...v............|
0001dd40  76 05 00 01 80 00 e5 e5  18 00 08 01 00 76 05 00  |v............v..|
0001dd50  01 80 00 e5 e5 18 00 09  01 00 76 05 00 01 80 00  |..........v.....|
0001dd60  e5 e5 18 00 0a 01 00 76  05 00 01 80 00 e5 e5 18  |.......v........|
0001dd70  00 0b 01 00 76 05 00 01  80 00 e5 e5 18 00 0c 01  |....v...........|
0001dd80  00 76 05 00 01 80 00 e5  e5 18 00 0d 01 00 76 05  |.v............v.|
0001dd90  00 01 80 00 e5 e5 18 00  0e 01 00 76 05 00 01 80  |...........v....|
0001dda0  00 e5 e5 18 00 0f 01 00  76 05 00 01 80 00 e5 e5  |........v.......|
0001ddb0  18 00 10 01 00 76 05 00  01 80 00 e5 e5 10 18 01  |.....v..........|
0001ddc0  98 18 01 01 01 00 76 05  00 01 80 00 e5 e5 18 01  |......v.........|
0001ddd0  02 01 00 76 05 00 01 80  00 e5 e5 18 01 03 01 00  |...v............|
0001dde0  76 05 00 01 80 00 e5 e5  18 01 04 01 00 76 05 00  |v............v..|
0001ddf0  01 80 00 e5 e5 18 01 05  01 00 76 05 00 01 80 00  |..........v.....|
0001de00  e5 e5 18 01 06 01 00 76  05 00 01 80 00 e5 e5 18  |.......v........|
0001de10  01 07 01 00 76 05 00 01  80 00 e5 e5 18 01 08 01  |....v...........|
0001de20  00 76 05 00 01 80 00 e5  e5 18 01 09 01 00 76 05  |.v............v.|
0001de30  00 01 80 00 e5 e5 18 01  0a 01 00 76 05 00 01 80  |...........v....|
0001de40  00 e5 e5 18 01 0b 01 00  76 05 00 01 80 00 e5 e5  |........v.......|
0001de50  18 01 0c 01 00 76 05 00  01 80 00 e5 e5 18 01 0d  |.....v..........|
0001de60  01 00 76 05 00 01 80 00  e5 e5 18 01 0e 01 00 76  |..v............v|
0001de70  05 00 01 80 00 e5 e5 18  01 0f 01 00 76 05 00 01  |............v...|
0001de80  80 00 e5 e5 18 01 10 01  00 76 05 00 01 80 00 e5  |.........v......|
0001de90  e5 10 19 00 86 19 00 01  01 00 76 05 00 01 80 00  |..........v.....|
0001dea0  e5 e5 19 00 02 01 00 76  05 00 01 80 00 e5 e5 19  |.......v........|
0001deb0  00 03 01 00 76 05 00 01  80 00 e5 e5 19 00 04 01  |....v...........|
0001dec0  00 76 05 00 01 80 00 e5  e5 19 00 05 01 00 76 05  |.v............v.|
0001ded0  00 01 80 00 e5 e5 19 00  06 01 00 76 05 00 01 80  |...........v....|
0001dee0  00 e5 e5 19 00 07 01 00  76 05 00 01 80 00 e5 e5  |........v.......|
0001def0  19 00 08 01 00 76 05 00  01 80 00 e5 e5 19 00 09  |.....v..........|
0001df00  01 00 76 05 00 01 80 00  e5 e5 19 00 0a 01 00 76  |..v............v|
0001df10  05 00 01 80 00 e5 e5 19  00 0b 01 00 76 05 00 01  |............v...|
0001df20  80 00 e5 e5 19 00 0c 01  00 76 05 00 01 80 00 e5  |.........v......|
0001df30  e5 19 00 0d 01 00 76 05  00 01 80 00 e5 e5 19 00  |......v.........|
0001df40  0e 01 00 76 05 00 01 80  00 e5 e5 19 00 0f 01 00  |...v............|
0001df50  76 05 00 01 80 00 e5 e5  19 00 10 01 00 76 05 00  |v............v..|
0001df60  01 80 00 e5 e5 10 19 01  11 19 01 01 01 00 76 05  |..............v.|
0001df70  00 01 80 00 e5 e5 19 01  02 01 00 76 05 00 01 80  |...........v....|
0001df80  00 e5 e5 19 01 03 01 00  76 05 00 01 80 00 e5 e5  |........v.......|
0001df90  19 01 04 01 00 76 05 00  01 80 00 e5 e5 19 01 05  |.....v..........|
0001dfa0  01 00 76 05 00 01 80 00  e5 e5 19 01 06 01 00 76  |..v............v|
0001dfb0  05 00 01 80 00 e5 e5 19  01 07 01 00 76 05 00 01  |............v...|
0001dfc0  80 00 e5 e5 19 01 08 01  00 76 05 00 01 80 00 e5  |.........v......|
0001dfd0  e5 19 01 09 01 00 76 05  00 01 80 00 e5 e5 19 01  |......v.........|
0001dfe0  0a 01 00 76 05 00 01 80  00 e5 e5 19 01 0b 01 00  |...v............|
0001dff0  76 05 00 01 80 00 e5 e5  19 01 0c 01 00 76 05 00  |v............v..|
0001e000  01 80 00 e5 e5 19 01 0d  01 00 76 05 00 01 80 00  |..........v.....|
0001e010  e5 e5 19 01 0e 01 00 76  05 00 01 80 00 e5 e5 19  |.......v........|
0001e020  01 0f 01 00 76 05 00 01  80 00 e5 e5 19 01 10 01  |....v...........|
0001e030  00 76 05 00 01 80 00 e5  e5 10 1a 00 1d 1a 00 01  |.v..............|
0001e040  01 00 76 05 00 01 80 00  e5 e5 1a 00 02 01 00 76  |..v............v|
0001e050  05 00 01 80 00 e5 e5 1a  00 03 01 00 76 05 00 01  |............v...|
0001e060  80 00 e5 e5 1a 00 04 01  00 76 05 00 01 80 00 e5  |.........v......|
0001e070  e5 1a 00 05 01 00 76 05  00 01 80 00 e5 e5 1a 00  |......v.........|
0001e080  06 01 00 76 05 00 01 80  00 e5 e5 1a 00 07 01 00  |...v............|
0001e090  76 05 00 01 80 00 e5 e5  1a 00 08 01 00 76 05 00  |v............v..|
0001e0a0  01 80 00 e5 e5 1a 00 09  01 00 76 05 00 01 80 00  |..........v.....|
0001e0b0  e5 e5 1a 00 0a 01 00 76  05 00 01 80 00 e5 e5 1a  |.......v........|
0001e0c0  00 0b 01 00 76 05 00 01  80 00 e5 e5 1a 00 0c 01  |....v...........|
0001e0d0  00 76 05 00 01 80 00 e5  e5 1a 00 0d 01 00 76 05  |.v............v.|
0001e0e0  00 01 80 00 e5 e5 1a 00  0e 01 00 76 05 00 01 80  |...........v....|
0001e0f0  00 e5 e5 1a 00 0f 01 00  76 05 00 01 80 00 e5 e5  |........v.......|
0001e100  1a 00 10 01 00 76 05 00  01 80 00 e5 e5 10 1a 01  |.....v..........|
0001e110  8a 1a 01 01 01 00 76 05  00 01 80 00 e5 e5 1a 01  |......v.........|
0001e120  02 01 00 76 05 00 01 80  00 e5 e5 1a 01 03 01 00  |...v............|
0001e130  76 05 00 01 80 00 e5 e5  1a 01 04 01 00 76 05 00  |v............v..|
0001e140  01 80 00 e5 e5 1a 01 05  01 00 76 05 00 01 80 00  |..........v.....|
0001e150  e5 e5 1a 01 06 01 00 76  05 00 01 80 00 e5 e5 1a  |.......v........|
0001e160  01 07 01 00 76 05 00 01  80 00 e5 e5 1a 01 08 01  |....v...........|
0001e170  00 76 05 00 01 80 00 e5  e5 1a 01 09 01 00 76 05  |.v............v.|
0001e180  00 01 80 00 e5 e5 1a 01  0a 01 00 76 05 00 01 80  |...........v....|
0001e190  00 e5 e5 1a 01 0b 01 00  76 05 00 01 80 00 e5 e5  |........v.......|
0001e1a0  1a 01 0c 01 00 76 05 00  01 80 00 e5 e5 1a 01 0d  |.....v..........|
0001e1b0  01 00 76 05 00 01 80 00  e5 e5 1a 01 0e 01 00 76  |..v............v|
0001e1c0  05 00 01 80 00 e5 e5 1a  01 0f 01 00 76 05 00 01  |............v...|
0001e1d0  80 00 e5 e5 1a 01 10 01  00 76 05 00 01 80 00 e5  |.........v......|
0001e1e0  e5 10 1b 00 94 1b 00 01  01 00 76 05 00 01 80 00  |..........v.....|
0001e1f0  e5 e5 1b 00 02 01 00 76  05 00 01 80 00 e5 e5 1b  |.......v........|
0001e200  00 03 01 00 76 05 00 01  80 00 e5 e5 1b 00 04 01  |....v...........|
0001e210  00 76 05 00 01 80 00 e5  e5 1b 00 05 01 00 76 05  |.v............v.|
0001e220  00 01 80 00 e5 e5 1b 00  06 01 00 76 05 00 01 80  |...........v....|
0001e230  00 e5 e5 1b 00 07 01 00  76 05 00 01 80 00 e5 e5  |........v.......|
0001e240  1b 00 08 01 00 76 05 00  01 80 00 e5 e5 1b 00 09  |.....v..........|
0001e250  01 00 76 05 00 01 80 00  e5 e5 1b 00 0a 01 00 76  |..v............v|
0001e260  05 00 01 80 00 e5 e5 1b  00 0b 01 00 76 05 00 01  |............v...|
0001e270  80 00 e5 e5 1b 00 0c 01  00 76 05 00 01 80 00 e5  |.........v......|
0001e280  e5 1b 00 0d 01 00 76 05  00 01 80 00 e5 e5 1b 00  |......v.........|
0001e290  0e 01 00 76 05 00 01 80  00 e5 e5 1b 00 0f 01 00  |...v............|
0001e2a0  76 05 00 01 80 00 e5 e5  1b 00 10 01 00 76 05 00  |v............v..|
0001e2b0  01 80 00 e5 e5 10 1b 01  03 1b 01 01 01 00 76 05  |..............v.|
0001e2c0  00 01 80 00 e5 e5 1b 01  02 01 00 76 05 00 01 80  |...........v....|
0001e2d0  00 e5 e5 1b 01 03 01 00  76 05 00 01 80 00 e5 e5  |........v.......|
0001e2e0  1b 01 04 01 00 76 05 00  01 80 00 e5 e5 1b 01 05  |.....v..........|
0001e2f0  01 00 76 05 00 01 80 00  e5 e5 1b 01 06 01 00 76  |..v............v|
0001e300  05 00 01 80 00 e5 e5 1b  01 07 01 00 76 05 00 01  |............v...|
0001e310  80 00 e5 e5 1b 01 08 01  00 76 05 00 01 80 00 e5  |.........v......|
0001e320  e5 1b 01 09 01 00 76 05  00 01 80 00 e5 e5 1b 01  |......v.........|
0001e330  0a 01 00 76 05 00 01 80  00 e5 e5 1b 01 0b 01 00  |...v............|
0001e340  76 05 00 01 80 00 e5 e5  1b 01 0c 01 00 76 05 00  |v............v..|
0001e350  01 80 00 e5 e5 1b 01 0d  01 00 76 05 00 01 80 00  |..........v.....|
0001e360  e5 e5 1b 01 0e 01 00 76  05 00 01 80 00 e5 e5 1b  |.......v........|
0001e370  01 0f 01 00 76 05 00 01  80 00 e5 e5 1b 01 10 01  |....v...........|
0001e380  00 76 05 00 01 80 00 e5  e5 10 1c 00 2b 1c 00 01  |.v..........+...|
0001e390  01 00 76 05 00 01 80 00  e5 e5 1c 00 02 01 00 76  |..v............v|
0001e3a0  05 00 01 80 00 e5 e5 1c  00 03 01 00 76 05 00 01  |............v...|
0001e3b0  80 00 e5 e5 1c 00 04 01  00 76 05 00 01 80 00 e5  |.........v......|
0001e3c0  e5 1c 00 05 01 00 76 05  00 01 80 00 e5 e5 1c 00  |......v.........|
0001e3d0  06 01 00 76 05 00 01 80  00 e5 e5 1c 00 07 01 00  |...v............|
0001e3e0  76 05 00 01 80 00 e5 e5  1c 00 08 01 00 76 05 00  |v............v..|
0001e3f0  01 80 00 e5 e5 1c 00 09  01 00 76 05 00 01 80 00  |..........v.....|
0001e400  e5 e5 1c 00 0a 01 00 76  05 00 01 80 00 e5 e5 1c  |.......v........|
0001e410  00 0b 01 00 76 05 00 01  80 00 e5 e5 1c 00 0c 01  |....v...........|
0001e420  00 76 05 00 01 80 00 e5  e5 1c 00 0d 01 00 76 05  |.v............v.|
0001e430  00 01 80 00 e5 e5 1c 00  0e 01 00 76 05 00 01 80  |...........v....|
0001e440  00 e5 e5 1c 00 0f 01 00  76 05 00 01 80 00 e5 e5  |........v.......|
0001e450  1c 00 10 01 00 76 05 00  01 80 00 e5 e5 10 1c 01  |.....v..........|
0001e460  bc 1c 01 01 01 00 76 05  00 01 80 00 e5 e5 1c 01  |......v.........|
0001e470  02 01 00 76 05 00 01 80  00 e5 e5 1c 01 03 01 00  |...v............|
0001e480  76 05 00 01 80 00 e5 e5  1c 01 04 01 00 76 05 00  |v............v..|
0001e490  01 80 00 e5 e5 1c 01 05  01 00 76 05 00 01 80 00  |..........v.....|
0001e4a0  e5 e5 1c 01 06 01 00 76  05 00 01 80 00 e5 e5 1c  |.......v........|
0001e4b0  01 07 01 00 76 05 00 01  80 00 e5 e5 1c 01 08 01  |....v...........|
0001e4c0  00 76 05 00 01 80 00 e5  e5 1c 01 09 01 00 76 05  |.v............v.|
0001e4d0  00 01 80 00 e5 e5 1c 01  0a 01 00 76 05 00 01 80  |...........v....|
0001e4e0  00 e5 e5 1c 01 0b 01 00  76 05 00 01 80 00 e5 e5  |........v.......|
0001e4f0  1c 01 0c 01 00 76 05 00  01 80 00 e5 e5 1c 01 0d  |.....v..........|
0001e500  01 00 76 05 00 01 80 00  e5 e5 1c 01 0e 01 00 76  |..v............v|
0001e510  05 00 01 80 00 e5 e5 1c  01 0f 01 00 76 05 00 01  |............v...|
0001e520  80 00 e5 e5 1c 01 10 01  00 76 05 00 01 80 00 e5  |.........v......|
0001e530  e5 10 1d 00 a2 1d 00 01  01 00 76 05 00 01 80 00  |..........v.....|
0001e540  e5 e5 1d 00 02 01 00 76  05 00 01 80 00 e5 e5 1d  |.......v........|
0001e550  00 03 01 00 76 05 00 01  80 00 e5 e5 1d 00 04 01  |....v...........|
0001e560  00 76 05 00 01 80 00 e5  e5 1d 00 05 01 00 76 05  |.v............v.|
0001e570  00 01 80 00 e5 e5 1d 00  06 01 00 76 05 00 01 80  |...........v....|
0001e580  00 e5 e5 1d 00 07 01 00  76 05 00 01 80 00 e5 e5  |........v.......|
0001e590  1d 00 08 01 00 76 05 00  01 80 00 e5 e5 1d 00 09  |.....v..........|
0001e5a0  01 00 76 05 00 01 80 00  e5 e5 1d 00 0a 01 00 76  |..v............v|
0001e5b0  05 00 01 80 00 e5 e5 1d  00 0b 01 00 76 05 00 01  |............v...|
0001e5c0  80 00 e5 e5 1d 00 0c 01  00 76 05 00 01 80 00 e5  |.........v......|
0001e5d0  e5 1d 00 0d 01 00 76 05  00 01 80 00 e5 e5 1d 00  |......v.........|
0001e5e0  0e 01 00 76 05 00 01 80  00 e5 e5 1d 00 0f 01 00  |...v............|
0001e5f0  76 05 00 01 80 00 e5 e5  1d 00 10 01 00 76 05 00  |v............v..|
0001e600  01 80 00 e5 e5 10 1d 01  35 1d 01 01 01 00 76 05  |........5.....v.|
0001e610  00 01 80 00 e5 e5 1d 01  02 01 00 76 05 00 01 80  |...........v....|
0001e620  00 e5 e5 1d 01 03 01 00  76 05 00 01 80 00 e5 e5  |........v.......|
0001e630  1d 01 04 01 00 76 05 00  01 80 00 e5 e5 1d 01 05  |.....v..........|
0001e640  01 00 76 05 00 01 80 00  e5 e5 1d 01 06 01 00 76  |..v............v|
0001e650  05 00 01 80 00 e5 e5 1d  01 07 01 00 76 05 00 01  |............v...|
0001e660  80 00 e5 e5 1d 01 08 01  00 76 05 00 01 80 00 e5  |.........v......|
0001e670  e5 1d 01 09 01 00 76 05  00 01 80 00 e5 e5 1d 01  |......v.........|
0001e680  0a 01 00 76 05 00 01 80  00 e5 e5 1d 01 0b 01 00  |...v............|
0001e690  76 05 00 01 80 00 e5 e5  1d 01 0c 01 00 76 05 00  |v............v..|
0001e6a0  01 80 00 e5 e5 1d 01 0d  01 00 76 05 00 01 80 00  |..........v.....|
0001e6b0  e5 e5 1d 01 0e 01 00 76  05 00 01 80 00 e5 e5 1d  |.......v........|
0001e6c0  01 0f 01 00 76 05 00 01  80 00 e5 e5 1d 01 10 01  |....v...........|
0001e6d0  00 76 05 00 01 80 00 e5  e5 10 1e 00 39 1e 00 01  |.v..........9...|
0001e6e0  01 00 76 05 00 01 80 00  e5 e5 1e 00 02 01 00 76  |..v............v|
0001e6f0  05 00 01 80 00 e5 e5 1e  00 03 01 00 76 05 00 01  |............v...|
0001e700  80 00 e5 e5 1e 00 04 01  00 76 05 00 01 80 00 e5  |.........v......|
0001e710  e5 1e 00 05 01 00 76 05  00 01 80 00 e5 e5 1e 00  |......v.........|
0001e720  06 01 00 76 05 00 01 80  00 e5 e5 1e 00 07 01 00  |...v............|
0001e730  76 05 00 01 80 00 e5 e5  1e 00 08 01 00 76 05 00  |v............v..|
0001e740  01 80 00 e5 e5 1e 00 09  01 00 76 05 00 01 80 00  |..........v.....|
0001e750  e5 e5 1e 00 0a 01 00 76  05 00 01 80 00 e5 e5 1e  |.......v........|
0001e760  00 0b 01 00 76 05 00 01  80 00 e5 e5 1e 00 0c 01  |....v...........|
0001e770  00 76 05 00 01 80 00 e5  e5 1e 00 0d 01 00 76 05  |.v............v.|
0001e780  00 01 80 00 e5 e5 1e 00  0e 01 00 76 05 00 01 80  |...........v....|
0001e790  00 e5 e5 1e 00 0f 01 00  76 05 00 01 80 00 e5 e5  |........v.......|
0001e7a0  1e 00 10 01 00 76 05 00  01 80 00 e5 e5 10 1e 01  |.....v..........|
0001e7b0  ae 1e 01 01 01 00 76 05  00 01 80 00 e5 e5 1e 01  |......v.........|
0001e7c0  02 01 00 76 05 00 01 80  00 e5 e5 1e 01 03 01 00  |...v............|
0001e7d0  76 05 00 01 80 00 e5 e5  1e 01 04 01 00 76 05 00  |v............v..|
0001e7e0  01 80 00 e5 e5 1e 01 05  01 00 76 05 00 01 80 00  |..........v.....|
0001e7f0  e5 e5 1e 01 06 01 00 76  05 00 01 80 00 e5 e5 1e  |.......v........|
0001e800  01 07 01 00 76 05 00 01  80 00 e5 e5 1e 01 08 01  |....v...........|
0001e810  00 76 05 00 01 80 00 e5  e5 1e 01 09 01 00 76 05  |.v............v.|
0001e820  00 01 80 00 e5 e5 1e 01  0a 01 00 76 05 00 01 80  |...........v....|
0001e830  00 e5 e5 1e 01 0b 01 00  76 05 00 01 80 00 e5 e5  |........v.......|
0001e840  1e 01 0c 01 00 76 05 00  01 80 00 e5 e5 1e 01 0d  |.....v..........|
0001e850  01 00 76 05 00 01 80 00  e5 e5 1e 01 0e 01 00 76  |..v............v|
0001e860  05 00 01 80 00 e5 e5 1e  01 0f 01 00 76 05 00 01  |............v...|
0001e870  80 00 e5 e5 1e 01 10 01  00 76 05 00 01 80 00 e5  |.........v......|
0001e880  e5 10 1f 00 b0 1f 00 01  01 00 76 05 00 01 80 00  |..........v.....|
0001e890  e5 e5 1f 00 02 01 00 76  05 00 01 80 00 e5 e5 1f  |.......v........|
0001e8a0  00 03 01 00 76 05 00 01  80 00 e5 e5 1f 00 04 01  |....v...........|
0001e8b0  00 76 05 00 01 80 00 e5  e5 1f 00 05 01 00 76 05  |.v............v.|
0001e8c0  00 01 80 00 e5 e5 1f 00  06 01 00 76 05 00 01 80  |...........v....|
0001e8d0  00 e5 e5 1f 00 07 01 00  76 05 00 01 80 00 e5 e5  |........v.......|
0001e8e0  1f 00 08 01 00 76 05 00  01 80 00 e5 e5 1f 00 09  |.....v..........|
0001e8f0  01 00 76 05 00 01 80 00  e5 e5 1f 00 0a 01 00 76  |..v............v|
0001e900  05 00 01 80 00 e5 e5 1f  00 0b 01 00 76 05 00 01  |............v...|
0001e910  80 00 e5 e5 1f 00 0c 01  00 76 05 00 01 80 00 e5  |.........v......|
0001e920  e5 1f 00 0d 01 00 76 05  00 01 80 00 e5 e5 1f 00  |......v.........|
0001e930  0e 01 00 76 05 00 01 80  00 e5 e5 1f 00 0f 01 00  |...v............|
0001e940  76 05 00 01 80 00 e5 e5  1f 00 10 01 00 76 05 00  |v............v..|
0001e950  01 80 00 e5 e5 10 1f 01  27 1f 01 01 01 00 76 05  |........'.....v.|
0001e960  00 01 80 00 e5 e5 1f 01  02 01 00 76 05 00 01 80  |...........v....|
0001e970  00 e5 e5 1f 01 03 01 00  76 05 00 01 80 00 e5 e5  |........v.......|
0001e980  1f 01 04 01 00 76 05 00  01 80 00 e5 e5 1f 01 05  |.....v..........|
0001e990  01 00 76 05 00 01 80 00  e5 e5 1f 01 06 01 00 76  |..v............v|
0001e9a0  05 00 01 80 00 e5 e5 1f  01 07 01 00 76 05 00 01  |............v...|
0001e9b0  80 00 e5 e5 1f 01 08 01  00 76 05 00 01 80 00 e5  |.........v......|
0001e9c0  e5 1f 01 09 01 00 76 05  00 01 80 00 e5 e5 1f 01  |......v.........|
0001e9d0  0a 01 00 76 05 00 01 80  00 e5 e5 1f 01 0b 01 00  |...v............|
0001e9e0  76 05 00 01 80 00 e5 e5  1f 01 0c 01 00 76 05 00  |v............v..|
0001e9f0  01 80 00 e5 e5 1f 01 0d  01 00 76 05 00 01 80 00  |..........v.....|
0001ea00  e5 e5 1f 01 0e 01 00 76  05 00 01 80 00 e5 e5 1f  |.......v........|
0001ea10  01 0f 01 00 76 05 00 01  80 00 e5 e5 1f 01 10 01  |....v...........|
0001ea20  00 76 05 00 01 80 00 e5  e5 10 20 00 d9 20 00 01  |.v........ .. ..|
0001ea30  01 00 76 05 00 01 80 00  e5 e5 20 00 02 01 00 76  |..v....... ....v|
0001ea40  05 00 01 80 00 e5 e5 20  00 03 01 00 76 05 00 01  |....... ....v...|
0001ea50  80 00 e5 e5 20 00 04 01  00 76 05 00 01 80 00 e5  |.... ....v......|
0001ea60  e5 20 00 05 01 00 76 05  00 01 80 00 e5 e5 20 00  |. ....v....... .|
0001ea70  06 01 00 76 05 00 01 80  00 e5 e5 20 00 07 01 00  |...v....... ....|
0001ea80  76 05 00 01 80 00 e5 e5  20 00 08 01 00 76 05 00  |v....... ....v..|
0001ea90  01 80 00 e5 e5 20 00 09  01 00 76 05 00 01 80 00  |..... ....v.....|
0001eaa0  e5 e5 20 00 0a 01 00 76  05 00 01 80 00 e5 e5 20  |.. ....v....... |
0001eab0  00 0b 01 00 76 05 00 01  80 00 e5 e5 20 00 0c 01  |....v....... ...|
0001eac0  00 76 05 00 01 80 00 e5  e5 20 00 0d 01 00 76 05  |.v....... ....v.|
0001ead0  00 01 80 00 e5 e5 20 00  0e 01 00 76 05 00 01 80  |...... ....v....|
0001eae0  00 e5 e5 20 00 0f 01 00  76 05 00 01 80 00 e5 e5  |... ....v.......|
0001eaf0  20 00 10 01 00 76 05 00  01 80 00 e5 e5 10 20 01  | ....v........ .|
0001eb00  4e 20 01 01 01 00 76 05  00 01 80 00 e5 e5 20 01  |N ....v....... .|
0001eb10  02 01 00 76 05 00 01 80  00 e5 e5 20 01 03 01 00  |...v....... ....|
0001eb20  76 05 00 01 80 00 e5 e5  20 01 04 01 00 76 05 00  |v....... ....v..|
0001eb30  01 80 00 e5 e5 20 01 05  01 00 76 05 00 01 80 00  |..... ....v.....|
0001eb40  e5 e5 20 01 06 01 00 76  05 00 01 80 00 e5 e5 20  |.. ....v....... |
0001eb50  01 07 01 00 76 05 00 01  80 00 e5 e5 20 01 08 01  |....v....... ...|
0001eb60  00 76 05 00 01 80 00 e5  e5 20 01 09 01 00 76 05  |.v....... ....v.|
0001eb70  00 01 80 00 e5 e5 20 01  0a 01 00 76 05 00 01 80  |...... ....v....|
0001eb80  00 e5 e5 20 01 0b 01 00  76 05 00 01 80 00 e5 e5  |... ....v.......|
0001eb90  20 01 0c 01 00 76 05 00  01 80 00 e5 e5 20 01 0d  | ....v....... ..|
0001eba0  01 00 76 05 00 01 80 00  e5 e5 20 01 0e 01 00 76  |..v....... ....v|
0001ebb0  05 00 01 80 00 e5 e5 20  01 0f 01 00 76 05 00 01  |....... ....v...|
0001ebc0  80 00 e5 e5 20 01 10 01  00 76 05 00 01 80 00 e5  |.... ....v......|
0001ebd0  e5 10 21 00 50 21 00 01  01 00 76 05 00 01 80 00  |..!.P!....v.....|
0001ebe0  e5 e5 21 00 02 01 00 76  05 00 01 80 00 e5 e5 21  |..!....v.......!|
0001ebf0  00 03 01 00 76 05 00 01  80 00 e5 e5 21 00 04 01  |....v.......!...|
0001ec00  00 76 05 00 01 80 00 e5  e5 21 00 05 01 00 76 05  |.v.......!....v.|
0001ec10  00 01 80 00 e5 e5 21 00  06 01 00 76 05 00 01 80  |......!....v....|
0001ec20  00 e5 e5 21 00 07 01 00  76 05 00 01 80 00 e5 e5  |...!....v.......|
0001ec30  21 00 08 01 00 76 05 00  01 80 00 e5 e5 21 00 09  |!....v.......!..|
0001ec40  01 00 76 05 00 01 80 00  e5 e5 21 00 0a 01 00 76  |..v.......!....v|
0001ec50  05 00 01 80 00 e5 e5 21  00 0b 01 00 76 05 00 01  |.......!....v...|
0001ec60  80 00 e5 e5 21 00 0c 01  00 76 05 00 01 80 00 e5  |....!....v......|
0001ec70  e5 21 00 0d 01 00 76 05  00 01 80 00 e5 e5 21 00  |.!....v.......!.|
0001ec80  0e 01 00 76 05 00 01 80  00 e5 e5 21 00 0f 01 00  |...v.......!....|
0001ec90  76 05 00 01 80 00 e5 e5  21 00 10 01 00 76 05 00  |v.......!....v..|
0001eca0  01 80 00 e5 e5 10 21 01  c7 21 01 01 01 00 76 05  |......!..!....v.|
0001ecb0  00 01 80 00 e5 e5 21 01  02 01 00 76 05 00 01 80  |......!....v....|
0001ecc0  00 e5 e5 21 01 03 01 00  76 05 00 01 80 00 e5 e5  |...!....v.......|
0001ecd0  21 01 04 01 00 76 05 00  01 80 00 e5 e5 21 01 05  |!....v.......!..|
0001ece0  01 00 76 05 00 01 80 00  e5 e5 21 01 06 01 00 76  |..v.......!....v|
0001ecf0  05 00 01 80 00 e5 e5 21  01 07 01 00 76 05 00 01  |.......!....v...|
0001ed00  80 00 e5 e5 21 01 08 01  00 76 05 00 01 80 00 e5  |....!....v......|
0001ed10  e5 21 01 09 01 00 76 05  00 01 80 00 e5 e5 21 01  |.!....v.......!.|
0001ed20  0a 01 00 76 05 00 01 80  00 e5 e5 21 01 0b 01 00  |...v.......!....|
0001ed30  76 05 00 01 80 00 e5 e5  21 01 0c 01 00 76 05 00  |v.......!....v..|
0001ed40  01 80 00 e5 e5 21 01 0d  01 00 76 05 00 01 80 00  |.....!....v.....|
0001ed50  e5 e5 21 01 0e 01 00 76  05 00 01 80 00 e5 e5 21  |..!....v.......!|
0001ed60  01 0f 01 00 76 05 00 01  80 00 e5 e5 21 01 10 01  |....v.......!...|
0001ed70  00 76 05 00 01 80 00 e5  e5 10 22 00 cb 22 00 01  |.v........".."..|
0001ed80  01 00 76 05 00 01 80 00  e5 e5 22 00 02 01 00 76  |..v......."....v|
0001ed90  05 00 01 80 00 e5 e5 22  00 03 01 00 76 05 00 01  |......."....v...|
0001eda0  80 00 e5 e5 22 00 04 01  00 76 05 00 01 80 00 e5  |...."....v......|
0001edb0  e5 22 00 05 01 00 76 05  00 01 80 00 e5 e5 22 00  |."....v.......".|
0001edc0  06 01 00 76 05 00 01 80  00 e5 e5 22 00 07 01 00  |...v......."....|
0001edd0  76 05 00 01 80 00 e5 e5  22 00 08 01 00 76 05 00  |v......."....v..|
0001ede0  01 80 00 e5 e5 22 00 09  01 00 76 05 00 01 80 00  |....."....v.....|
0001edf0  e5 e5 22 00 0a 01 00 76  05 00 01 80 00 e5 e5 22  |.."....v......."|
0001ee00  00 0b 01 00 76 05 00 01  80 00 e5 e5 22 00 0c 01  |....v......."...|
0001ee10  00 76 05 00 01 80 00 e5  e5 22 00 0d 01 00 76 05  |.v......."....v.|
0001ee20  00 01 80 00 e5 e5 22 00  0e 01 00 76 05 00 01 80  |......"....v....|
0001ee30  00 e5 e5 22 00 0f 01 00  76 05 00 01 80 00 e5 e5  |..."....v.......|
0001ee40  22 00 10 01 00 76 05 00  01 80 00 e5 e5 10 22 01  |"....v........".|
0001ee50  5c 22 01 01 01 00 76 05  00 01 80 00 e5 e5 22 01  |\"....v.......".|
0001ee60  02 01 00 76 05 00 01 80  00 e5 e5 22 01 03 01 00  |...v......."....|
0001ee70  76 05 00 01 80 00 e5 e5  22 01 04 01 00 76 05 00  |v......."....v..|
0001ee80  01 80 00 e5 e5 22 01 05  01 00 76 05 00 01 80 00  |....."....v.....|
0001ee90  e5 e5 22 01 06 01 00 76  05 00 01 80 00 e5 e5 22  |.."....v......."|
0001eea0  01 07 01 00 76 05 00 01  80 00 e5 e5 22 01 08 01  |....v......."...|
0001eeb0  00 76 05 00 01 80 00 e5  e5 22 01 09 01 00 76 05  |.v......."....v.|
0001eec0  00 01 80 00 e5 e5 22 01  0a 01 00 76 05 00 01 80  |......"....v....|
0001eed0  00 e5 e5 22 01 0b 01 00  76 05 00 01 80 00 e5 e5  |..."....v.......|
0001eee0  22 01 0c 01 00 76 05 00  01 80 00 e5 e5 22 01 0d  |"....v......."..|
0001eef0  01 00 76 05 00 01 80 00  e5 e5 22 01 0e 01 00 76  |..v......."....v|
0001ef00  05 00 01 80 00 e5 e5 22  01 0f 01 00 76 05 00 01  |......."....v...|
0001ef10  80 00 e5 e5 22 01 10 01  00 76 05 00 01 80 00 e5  |...."....v......|
0001ef20  e5 10 23 00 42 23 00 01  01 00 76 05 00 01 80 00  |..#.B#....v.....|
0001ef30  e5 e5 23 00 02 01 00 76  05 00 01 80 00 e5 e5 23  |..#....v.......#|
0001ef40  00 03 01 00 76 05 00 01  80 00 e5 e5 23 00 04 01  |....v.......#...|
0001ef50  00 76 05 00 01 80 00 e5  e5 23 00 05 01 00 76 05  |.v.......#....v.|
0001ef60  00 01 80 00 e5 e5 23 00  06 01 00 76 05 00 01 80  |......#....v....|
0001ef70  00 e5 e5 23 00 07 01 00  76 05 00 01 80 00 e5 e5  |...#....v.......|
0001ef80  23 00 08 01 00 76 05 00  01 80 00 e5 e5 23 00 09  |#....v.......#..|
0001ef90  01 00 76 05 00 01 80 00  e5 e5 23 00 0a 01 00 76  |..v.......#....v|
0001efa0  05 00 01 80 00 e5 e5 23  00 0b 01 00 76 05 00 01  |.......#....v...|
0001efb0  80 00 e5 e5 23 00 0c 01  00 76 05 00 01 80 00 e5  |....#....v......|
0001efc0  e5 23 00 0d 01 00 76 05  00 01 80 00 e5 e5 23 00  |.#....v.......#.|
0001efd0  0e 01 00 76 05 00 01 80  00 e5 e5 23 00 0f 01 00  |...v.......#....|
0001efe0  76 05 00 01 80 00 e5 e5  23 00 10 01 00 76 05 00  |v.......#....v..|
0001eff0  01 80 00 e5 e5 10 23 01  d5 23 01 01 01 00 76 05  |......#..#....v.|
0001f000  00 01 80 00 e5 e5 23 01  02 01 00 76 05 00 01 80  |......#....v....|
0001f010  00 e5 e5 23 01 03 01 00  76 05 00 01 80 00 e5 e5  |...#....v.......|
0001f020  23 01 04 01 00 76 05 00  01 80 00 e5 e5 23 01 05  |#....v.......#..|
0001f030  01 00 76 05 00 01 80 00  e5 e5 23 01 06 01 00 76  |..v.......#....v|
0001f040  05 00 01 80 00 e5 e5 23  01 07 01 00 76 05 00 01  |.......#....v...|
0001f050  80 00 e5 e5 23 01 08 01  00 76 05 00 01 80 00 e5  |....#....v......|
0001f060  e5 23 01 09 01 00 76 05  00 01 80 00 e5 e5 23 01  |.#....v.......#.|
0001f070  0a 01 00 76 05 00 01 80  00 e5 e5 23 01 0b 01 00  |...v.......#....|
0001f080  76 05 00 01 80 00 e5 e5  23 01 0c 01 00 76 05 00  |v.......#....v..|
0001f090  01 80 00 e5 e5 23 01 0d  01 00 76 05 00 01 80 00  |.....#....v.....|
0001f0a0  e5 e5 23 01 0e 01 00 76  05 00 01 80 00 e5 e5 23  |..#....v.......#|
0001f0b0  01 0f 01 00 76 05 00 01  80 00 e5 e5 23 01 10 01  |....v.......#...|
0001f0c0  00 76 05 00 01 80 00 e5  e5 10 24 00 fd 24 00 01  |.v........$..$..|
0001f0d0  01 00 76 05 00 01 80 00  e5 e5 24 00 02 01 00 76  |..v.......$....v|
0001f0e0  05 00 01 80 00 e5 e5 24  00 03 01 00 76 05 00 01  |.......$....v...|
0001f0f0  80 00 e5 e5 24 00 04 01  00 76 05 00 01 80 00 e5  |....$....v......|
0001f100  e5 24 00 05 01 00 76 05  00 01 80 00 e5 e5 24 00  |.$....v.......$.|
0001f110  06 01 00 76 05 00 01 80  00 e5 e5 24 00 07 01 00  |...v.......$....|
0001f120  76 05 00 01 80 00 e5 e5  24 00 08 01 00 76 05 00  |v.......$....v..|
0001f130  01 80 00 e5 e5 24 00 09  01 00 76 05 00 01 80 00  |.....$....v.....|
0001f140  e5 e5 24 00 0a 01 00 76  05 00 01 80 00 e5 e5 24  |..$....v.......$|
0001f150  00 0b 01 00 76 05 00 01  80 00 e5 e5 24 00 0c 01  |....v.......$...|
0001f160  00 76 05 00 01 80 00 e5  e5 24 00 0d 01 00 76 05  |.v.......$....v.|
0001f170  00 01 80 00 e5 e5 24 00  0e 01 00 76 05 00 01 80  |......$....v....|
0001f180  00 e5 e5 24 00 0f 01 00  76 05 00 01 80 00 e5 e5  |...$....v.......|
0001f190  24 00 10 01 00 76 05 00  01 80 00 e5 e5 10 24 01  |$....v........$.|
0001f1a0  6a 24 01 01 01 00 76 05  00 01 80 00 e5 e5 24 01  |j$....v.......$.|
0001f1b0  02 01 00 76 05 00 01 80  00 e5 e5 24 01 03 01 00  |...v.......$....|
0001f1c0  76 05 00 01 80 00 e5 e5  24 01 04 01 00 76 05 00  |v.......$....v..|
0001f1d0  01 80 00 e5 e5 24 01 05  01 00 76 05 00 01 80 00  |.....$....v.....|
0001f1e0  e5 e5 24 01 06 01 00 76  05 00 01 80 00 e5 e5 24  |..$....v.......$|
0001f1f0  01 07 01 00 76 05 00 01  80 00 e5 e5 24 01 08 01  |....v.......$...|
0001f200  00 76 05 00 01 80 00 e5  e5 24 01 09 01 00 76 05  |.v.......$....v.|
0001f210  00 01 80 00 e5 e5 24 01  0a 01 00 76 05 00 01 80  |......$....v....|
0001f220  00 e5 e5 24 01 0b 01 00  76 05 00 01 80 00 e5 e5  |...$....v.......|
0001f230  24 01 0c 01 00 76 05 00  01 80 00 e5 e5 24 01 0d  |$....v.......$..|
0001f240  01 00 76 05 00 01 80 00  e5 e5 24 01 0e 01 00 76  |..v.......$....v|
0001f250  05 00 01 80 00 e5 e5 24  01 0f 01 00 76 05 00 01  |.......$....v...|
0001f260  80 00 e5 e5 24 01 10 01  00 76 05 00 01 80 00 e5  |....$....v......|
0001f270  e5 10 25 00 74 25 00 01  01 00 76 05 00 01 80 00  |..%.t%....v.....|
0001f280  e5 e5 25 00 02 01 00 76  05 00 01 80 00 e5 e5 25  |..%....v.......%|
0001f290  00 03 01 00 76 05 00 01  80 00 e5 e5 25 00 04 01  |....v.......%...|
0001f2a0  00 76 05 00 01 80 00 e5  e5 25 00 05 01 00 76 05  |.v.......%....v.|
0001f2b0  00 01 80 00 e5 e5 25 00  06 01 00 76 05 00 01 80  |......%....v....|
0001f2c0  00 e5 e5 25 00 07 01 00  76 05 00 01 80 00 e5 e5  |...%....v.......|
0001f2d0  25 00 08 01 00 76 05 00  01 80 00 e5 e5 25 00 09  |%....v.......%..|
0001f2e0  01 00 76 05 00 01 80 00  e5 e5 25 00 0a 01 00 76  |..v.......%....v|
0001f2f0  05 00 01 80 00 e5 e5 25  00 0b 01 00 76 05 00 01  |.......%....v...|
0001f300  80 00 e5 e5 25 00 0c 01  00 76 05 00 01 80 00 e5  |....%....v......|
0001f310  e5 25 00 0d 01 00 76 05  00 01 80 00 e5 e5 25 00  |.%....v.......%.|
0001f320  0e 01 00 76 05 00 01 80  00 e5 e5 25 00 0f 01 00  |...v.......%....|
0001f330  76 05 00 01 80 00 e5 e5  25 00 10 01 00 76 05 00  |v.......%....v..|
0001f340  01 80 00 e5 e5 10 25 01  e3 25 01 01 01 00 76 05  |......%..%....v.|
0001f350  00 01 80 00 e5 e5 25 01  02 01 00 76 05 00 01 80  |......%....v....|
0001f360  00 e5 e5 25 01 03 01 00  76 05 00 01 80 00 e5 e5  |...%....v.......|
0001f370  25 01 04 01 00 76 05 00  01 80 00 e5 e5 25 01 05  |%....v.......%..|
0001f380  01 00 76 05 00 01 80 00  e5 e5 25 01 06 01 00 76  |..v.......%....v|
0001f390  05 00 01 80 00 e5 e5 25  01 07 01 00 76 05 00 01  |.......%....v...|
0001f3a0  80 00 e5 e5 25 01 08 01  00 76 05 00 01 80 00 e5  |....%....v......|
0001f3b0  e5 25 01 09 01 00 76 05  00 01 80 00 e5 e5 25 01  |.%....v.......%.|
0001f3c0  0a 01 00 76 05 00 01 80  00 e5 e5 25 01 0b 01 00  |...v.......%....|
0001f3d0  76 05 00 01 80 00 e5 e5  25 01 0c 01 00 76 05 00  |v.......%....v..|
0001f3e0  01 80 00 e5 e5 25 01 0d  01 00 76 05 00 01 80 00  |.....%....v.....|
0001f3f0  e5 e5 25 01 0e 01 00 76  05 00 01 80 00 e5 e5 25  |..%....v.......%|
0001f400  01 0f 01 00 76 05 00 01  80 00 e5 e5 25 01 10 01  |....v.......%...|
0001f410  00 76 05 00 01 80 00 e5  e5 10 26 00 ef 26 00 01  |.v........&..&..|
0001f420  01 00 76 05 00 01 80 00  e5 e5 26 00 02 01 00 76  |..v.......&....v|
0001f430  05 00 01 80 00 e5 e5 26  00 03 01 00 76 05 00 01  |.......&....v...|
0001f440  80 00 e5 e5 26 00 04 01  00 76 05 00 01 80 00 e5  |....&....v......|
0001f450  e5 26 00 05 01 00 76 05  00 01 80 00 e5 e5 26 00  |.&....v.......&.|
0001f460  06 01 00 76 05 00 01 80  00 e5 e5 26 00 07 01 00  |...v.......&....|
0001f470  76 05 00 01 80 00 e5 e5  26 00 08 01 00 76 05 00  |v.......&....v..|
0001f480  01 80 00 e5 e5 26 00 09  01 00 76 05 00 01 80 00  |.....&....v.....|
0001f490  e5 e5 26 00 0a 01 00 76  05 00 01 80 00 e5 e5 26  |..&....v.......&|
0001f4a0  00 0b 01 00 76 05 00 01  80 00 e5 e5 26 00 0c 01  |....v.......&...|
0001f4b0  00 76 05 00 01 80 00 e5  e5 26 00 0d 01 00 76 05  |.v.......&....v.|
0001f4c0  00 01 80 00 e5 e5 26 00  0e 01 00 76 05 00 01 80  |......&....v....|
0001f4d0  00 e5 e5 26 00 0f 01 00  76 05 00 01 80 00 e5 e5  |...&....v.......|
0001f4e0  26 00 10 01 00 76 05 00  01 80 00 e5 e5 10 26 01  |&....v........&.|
0001f4f0  78 26 01 01 01 00 76 05  00 01 80 00 e5 e5 26 01  |x&....v.......&.|
0001f500  02 01 00 76 05 00 01 80  00 e5 e5 26 01 03 01 00  |...v.......&....|
0001f510  76 05 00 01 80 00 e5 e5  26 01 04 01 00 76 05 00  |v.......&....v..|
0001f520  01 80 00 e5 e5 26 01 05  01 00 76 05 00 01 80 00  |.....&....v.....|
0001f530  e5 e5 26 01 06 01 00 76  05 00 01 80 00 e5 e5 26  |..&....v.......&|
0001f540  01 07 01 00 76 05 00 01  80 00 e5 e5 26 01 08 01  |....v.......&...|
0001f550  00 76 05 00 01 80 00 e5  e5 26 01 09 01 00 76 05  |.v.......&....v.|
0001f560  00 01 80 00 e5 e5 26 01  0a 01 00 76 05 00 01 80  |......&....v....|
0001f570  00 e5 e5 26 01 0b 01 00  76 05 00 01 80 00 e5 e5  |...&....v.......|
0001f580  26 01 0c 01 00 76 05 00  01 80 00 e5 e5 26 01 0d  |&....v.......&..|
0001f590  01 00 76 05 00 01 80 00  e5 e5 26 01 0e 01 00 76  |..v.......&....v|
0001f5a0  05 00 01 80 00 e5 e5 26  01 0f 01 00 76 05 00 01  |.......&....v...|
0001f5b0  80 00 e5 e5 26 01 10 01  00 76 05 00 01 80 00 e5  |....&....v......|
0001f5c0  e5 10 27 00 66 27 00 01  01 00 76 05 00 01 80 00  |..'.f'....v.....|
0001f5d0  e5 e5 27 00 02 01 00 76  05 00 01 80 00 e5 e5 27  |..'....v.......'|
0001f5e0  00 03 01 00 76 05 00 01  80 00 e5 e5 27 00 04 01  |....v.......'...|
0001f5f0  00 76 05 00 01 80 00 e5  e5 27 00 05 01 00 76 05  |.v.......'....v.|
0001f600  00 01 80 00 e5 e5 27 00  06 01 00 76 05 00 01 80  |......'....v....|
0001f610  00 e5 e5 27 00 07 01 00  76 05 00 01 80 00 e5 e5  |...'....v.......|
0001f620  27 00 08 01 00 76 05 00  01 80 00 e5 e5 27 00 09  |'....v.......'..|
0001f630  01 00 76 05 00 01 80 00  e5 e5 27 00 0a 01 00 76  |..v.......'....v|
0001f640  05 00 01 80 00 e5 e5 27  00 0b 01 00 76 05 00 01  |.......'....v...|
0001f650  80 00 e5 e5 27 00 0c 01  00 76 05 00 01 80 00 e5  |....'....v......|
0001f660  e5 27 00 0d 01 00 76 05  00 01 80 00 e5 e5 27 00  |.'....v.......'.|
0001f670  0e 01 00 76 05 00 01 80  00 e5 e5 27 00 0f 01 00  |...v.......'....|
0001f680  76 05 00 01 80 00 e5 e5  27 00 10 01 00 76 05 00  |v.......'....v..|
0001f690  01 80 00 e5 e5 10 27 01  f1 27 01 01 01 00 76 05  |......'..'....v.|
0001f6a0  00 01 80 00 e5 e5 27 01  02 01 00 76 05 00 01 80  |......'....v....|
0001f6b0  00 e5 e5 27 01 03 01 00  76 05 00 01 80 00 e5 e5  |...'....v.......|
0001f6c0  27 01 04 01 00 76 05 00  01 80 00 e5 e5 27 01 05  |'....v.......'..|
0001f6d0  01 00 76 05 00 01 80 00  e5 e5 27 01 06 01 00 76  |..v.......'....v|
0001f6e0  05 00 01 80 00 e5 e5 27  01 07 01 00 76 05 00 01  |.......'....v...|
0001f6f0  80 00 e5 e5 27 01 08 01  00 76 05 00 01 80 00 e5  |....'....v......|
0001f700  e5 27 01 09 01 00 76 05  00 01 80 00 e5 e5 27 01  |.'....v.......'.|
0001f710  0a 01 00 76 05 00 01 80  00 e5 e5 27 01 0b 01 00  |...v.......'....|
0001f720  76 05 00 01 80 00 e5 e5  27 01 0c 01 00 76 05 00  |v.......'....v..|
0001f730  01 80 00 e5 e5 27 01 0d  01 00 76 05 00 01 80 00  |.....'....v.....|
0001f740  e5 e5 27 01 0e 01 00 76  05 00 01 80 00 e5 e5 27  |..'....v.......'|
0001f750  01 0f 01 00 76 05 00 01  80 00 e5 e5 27 01 10 01  |....v.......'...|
0001f760  00 76 05 00 01 80 00 e5  e5 ff 27 01 f1           |.v........'..|
0001f76d
